project_number,employee_number,assignment_start,assignment_end
20146,10001,2023-10-24,2024-08-19
20010,10001,2024-09-09,2025-08-12
20098,10002,2017-05-16,2017-05-31
20179,10003,2018-10-22,2019-04-06
20045,10003,2019-05-08,2019-10-31
20142,10003,2019-11-22,2020-10-28
20114,10003,2020-12-05,2021-05-14
20164,10003,2021-06-05,2021-08-28
20130,10003,2021-10-01,2022-03-08
20130,10003,2022-03-16,2022-10-25
20170,10003,2022-11-21,2023-02-25
20130,10003,2023-03-20,2023-09-06
20018,10003,2023-09-21,2024-02-03
20100,10003,2024-02-12,2024-08-18
20161,10003,2024-08-30,2025-01-09
20100,10003,2025-02-01,2025-07-08
20081,10003,2025-08-12,2025-10-18
20097,10003,2025-11-25,2026-07-01
20012,10004,2021-09-11,2021-12-21
20020,10004,2022-01-25,2022-03-03
20094,10005,2021-12-13,2022-07-29
20051,10005,2022-08-20,2023-04-19
20018,10005,2023-04-25,2023-10-07
20006,10005,2023-11-06,2025-01-01
20100,10005,2025-01-10,2025-07-08
20101,10005,2025-08-19,2026-07-01
20012,10006,2021-02-05,2021-07-25
20049,10006,2021-08-17,2021-12-27
20126,10006,2022-02-07,2022-09-21
20069,10007,2015-04-06,2015-08-05
20106,10007,2015-09-15,2016-01-02
20121,10007,2016-02-09,2016-05-02
20100,10008,2024-06-23,2025-04-05
20006,10008,2025-05-12,2025-12-06
20177,10008,2025-12-30,2026-07-01
20160,10009,2021-07-13,2021-11-04
20027,10009,2021-11-27,2021-12-14
20138,10009,2021-12-20,2022-01-04
20051,10009,2022-02-10,2022-09-20
20124,10009,2022-10-27,2023-03-19
20132,10009,2023-04-20,2023-06-10
20103,10010,2024-08-19,2024-12-07
20146,10010,2024-12-15,2025-01-21
20161,10010,2025-02-06,2025-04-18
20033,10010,2025-06-01,2025-07-09
20165,10010,2025-08-01,2026-02-09
20127,10010,2026-02-23,2026-07-01
20146,10011,2023-04-06,2023-07-12
20014,10011,2023-07-31,2023-12-25
20014,10011,2024-01-10,2025-06-17
20070,10011,2025-07-25,2026-02-03
20103,10011,2026-02-20,2026-07-01
20091,10012,2024-01-19,2024-02-25
20100,10012,2024-03-16,2024-09-03
20165,10012,2024-09-13,2025-03-30
20033,10012,2025-05-02,2025-07-09
20006,10012,2025-07-19,2025-12-06
20095,10012,2025-12-20,2026-05-25
20048,10012,2026-06-21,2026-07-01
20092,10013,2015-09-08,2016-03-01
20143,10013,2016-04-14,2016-04-29
20160,10014,2020-04-06,2020-10-30
20105,10015,2023-11-21,2024-09-25
20100,10015,2024-10-10,2025-05-23
20036,10015,2025-06-08,2025-10-19
20127,10015,2025-10-30,2026-07-01
20082,10016,2016-11-30,2017-04-07
20004,10016,2017-05-17,2018-04-25
20008,10016,2018-05-09,2018-10-02
20122,10017,2021-05-20,2021-11-15
20102,10017,2021-12-11,2022-01-31
20132,10017,2022-03-15,2022-12-13
20115,10017,2023-01-16,2023-03-19
20162,10017,2023-05-02,2023-08-22
20123,10017,2023-09-06,2024-04-09
20146,10017,2024-05-22,2024-09-17
20029,10018,2016-07-30,2017-01-15
20043,10018,2017-02-11,2017-09-19
20172,10018,2017-10-14,2018-03-12
20072,10018,2018-04-15,2019-01-28
20160,10018,2019-02-02,2020-01-22
20013,10018,2020-02-19,2020-07-14
20061,10018,2020-08-19,2021-02-23
20138,10018,2021-03-09,2021-06-15
20005,10019,2020-04-30,2020-09-17
20134,10019,2020-09-29,2021-03-18
20114,10019,2021-04-23,2021-05-14
20159,10019,2021-06-17,2021-12-28
20034,10019,2022-01-12,2022-03-13
20074,10019,2022-03-19,2022-08-25
20018,10019,2022-10-05,2023-05-19
20018,10019,2023-06-01,2024-02-19
20100,10019,2024-03-30,2024-08-29
20169,10019,2024-10-03,2024-12-21
20018,10019,2025-01-22,2025-06-27
20088,10019,2025-08-09,2025-08-24
20125,10019,2025-09-27,2026-01-22
20101,10019,2026-02-25,2026-07-01
20115,10020,2022-07-14,2023-07-09
20070,10021,2025-06-06,2026-02-03
20073,10021,2026-02-15,2026-07-01
20152,10022,2019-11-28,2020-02-03
20160,10022,2020-02-28,2020-08-04
20179,10022,2020-08-24,2020-12-13
20114,10022,2021-01-05,2021-05-14
20020,10022,2021-06-20,2022-05-18
20178,10023,2020-07-20,2020-08-19
20040,10023,2020-09-06,2020-11-20
20023,10023,2020-12-20,2021-01-31
20126,10023,2021-02-26,2021-07-25
20160,10023,2021-08-26,2021-11-04
20020,10023,2021-11-29,2022-06-18
20094,10023,2022-07-24,2022-08-10
20118,10023,2022-09-21,2023-05-22
20115,10023,2023-06-03,2023-07-25
20123,10023,2023-08-31,2024-04-27
20006,10023,2024-05-12,2024-12-20
20100,10023,2025-01-26,2025-07-08
20070,10023,2025-08-11,2026-02-03
20101,10023,2026-03-01,2026-07-01
20005,10024,2019-10-07,2020-09-17
20040,10024,2020-10-14,2020-11-20
20160,10024,2020-12-02,2021-06-16
20160,10024,2021-07-14,2021-11-04
20131,10024,2021-11-26,2022-04-09
20055,10024,2022-05-23,2022-09-21
20146,10025,2024-04-30,2025-01-14
20081,10025,2025-02-22,2025-10-18
20009,10025,2025-11-02,2026-05-16
20048,10025,2026-06-20,2026-07-01
20067,10026,2025-08-07,2025-11-10
20046,10026,2025-12-14,2026-03-26
20080,10026,2026-05-03,2026-07-01
20129,10027,2018-09-07,2019-03-08
20145,10027,2019-04-17,2019-07-08
20011,10027,2019-08-08,2019-09-02
20018,10028,2024-09-17,2025-04-29
20006,10028,2025-05-24,2025-12-06
20127,10028,2026-01-03,2026-04-24
20028,10028,2026-05-22,2026-07-01
20109,10029,2023-09-09,2023-11-24
20010,10029,2023-12-17,2024-03-07
20051,10030,2022-10-06,2023-04-19
20139,10030,2023-05-13,2024-01-15
20014,10030,2024-01-29,2024-09-14
20014,10030,2024-10-27,2025-02-20
20006,10030,2025-03-17,2025-07-01
20174,10031,2020-03-29,2020-08-04
20089,10031,2020-08-28,2020-12-16
20089,10031,2020-12-29,2021-03-07
20164,10031,2021-04-06,2021-08-28
20138,10031,2021-09-28,2022-01-04
20055,10031,2022-01-27,2022-09-21
20058,10031,2022-10-01,2022-12-02
20124,10031,2023-01-04,2023-03-19
20051,10031,2023-04-18,2023-04-19
20130,10031,2023-04-28,2023-09-06
20063,10031,2023-09-18,2024-04-14
20018,10031,2024-05-05,2024-05-28
20075,10032,2018-04-23,2018-08-13
20180,10032,2018-09-11,2019-06-24
20089,10033,2020-08-28,2021-03-07
20159,10033,2021-03-16,2021-05-23
20013,10034,2020-06-05,2020-07-14
20119,10034,2020-08-26,2021-01-29
20160,10034,2021-03-14,2021-05-25
20163,10035,2020-05-13,2020-06-29
20134,10035,2020-08-09,2021-03-21
20167,10036,2016-06-08,2016-09-01
20017,10036,2016-10-09,2017-05-03
20096,10036,2017-05-29,2017-07-17
20179,10036,2017-08-12,2017-11-25
20179,10036,2017-12-22,2018-06-19
20075,10036,2018-07-17,2018-09-21
20035,10036,2018-10-25,2019-04-29
20179,10036,2019-05-29,2019-10-09
20040,10036,2019-11-17,2020-05-30
20163,10036,2020-06-09,2020-06-29
20160,10036,2020-08-11,2021-04-06
20020,10036,2021-05-11,2021-12-03
20124,10037,2023-01-22,2023-02-15
20003,10038,2021-04-11,2021-09-04
20090,10038,2021-09-23,2022-02-13
20090,10038,2022-03-15,2022-04-24
20124,10038,2022-05-30,2022-10-14
20018,10038,2022-11-21,2023-04-06
20051,10039,2022-07-30,2023-04-05
20018,10039,2023-04-27,2024-04-15
20169,10039,2024-05-09,2024-10-16
20033,10039,2024-11-28,2025-07-09
20067,10039,2025-07-25,2026-07-01
20004,10040,2016-08-12,2016-11-15
20171,10040,2016-12-12,2016-12-21
20004,10040,2016-12-31,2017-10-16
20136,10040,2017-10-30,2018-05-04
20176,10040,2018-05-23,2018-12-07
20129,10040,2018-12-16,2019-07-13
20160,10040,2019-08-20,2020-02-18
20011,10041,2019-04-29,2020-01-30
20142,10041,2020-02-29,2020-10-28
20138,10041,2020-11-24,2021-05-10
20012,10041,2021-06-17,2021-12-21
20126,10041,2022-01-07,2022-08-06
20074,10041,2022-08-20,2022-08-25
20132,10041,2022-09-27,2023-04-09
20031,10041,2023-04-30,2024-01-13
20105,10041,2024-02-10,2024-06-12
20165,10041,2024-07-06,2025-02-09
20141,10042,2022-10-29,2023-05-08
20063,10042,2023-06-05,2023-08-12
20170,10043,2022-09-16,2023-01-19
20118,10043,2023-02-27,2023-06-03
20091,10043,2023-06-10,2023-12-27
20104,10043,2024-01-13,2024-03-29
20018,10043,2024-04-07,2025-09-07
20177,10043,2025-09-16,2026-05-16
20024,10043,2026-06-20,2026-07-01
20128,10044,2017-12-17,2018-02-19
20064,10044,2018-03-05,2018-06-07
20180,10044,2018-07-01,2019-04-04
20180,10044,2019-05-14,2019-06-24
20160,10044,2019-07-29,2019-11-19
20093,10044,2019-12-02,2020-04-01
20149,10044,2020-05-13,2020-06-19
20011,10044,2020-06-30,2021-03-27
20054,10044,2021-04-25,2021-10-18
20027,10044,2021-11-22,2021-12-14
20138,10044,2021-12-29,2022-01-04
20090,10044,2022-01-24,2022-04-24
20131,10044,2022-06-05,2022-06-16
20170,10044,2022-07-18,2023-02-25
20162,10044,2023-03-19,2023-06-30
20018,10044,2023-07-19,2024-02-22
20105,10044,2024-03-23,2024-09-23
20100,10044,2024-10-16,2025-06-18
20068,10045,2020-07-15,2021-05-18
20131,10045,2021-06-30,2022-06-02
20115,10045,2022-06-23,2023-03-07
20130,10045,2023-04-10,2023-08-31
20091,10045,2023-10-02,2024-02-25
20103,10045,2024-04-02,2024-08-04
20103,10045,2024-08-24,2026-01-26
20158,10045,2026-02-21,2026-06-30
20092,10046,2016-02-10,2016-03-01
20017,10046,2016-03-10,2016-04-29
20146,10047,2024-08-13,2025-01-21
20081,10047,2025-02-18,2025-09-23
20127,10047,2025-10-12,2026-01-16
20147,10047,2026-02-05,2026-03-27
20117,10047,2026-04-17,2026-07-01
20060,10048,2021-04-04,2021-10-29
20123,10049,2023-10-15,2024-03-30
20100,10049,2024-05-02,2024-08-26
20132,10050,2023-05-20,2023-09-23
20146,10050,2023-10-19,2024-07-24
20014,10050,2024-08-12,2024-11-05
20136,10051,2018-02-03,2018-05-04
20075,10051,2018-05-12,2018-09-21
20050,10051,2018-09-30,2018-11-16
20045,10051,2018-12-30,2019-10-19
20013,10051,2019-11-19,2020-07-14
20023,10051,2020-07-25,2021-01-31
20093,10051,2021-03-07,2021-04-07
20132,10051,2021-05-07,2021-12-19
20131,10051,2022-01-27,2022-06-16
20018,10051,2022-06-26,2022-10-31
20010,10051,2022-12-10,2023-12-15
20123,10051,2024-01-05,2024-04-27
20014,10051,2024-05-23,2025-01-27
20103,10051,2025-02-24,2026-06-21
20030,10052,2015-02-05,2015-10-25
20143,10052,2015-11-04,2016-11-11
20029,10052,2016-11-21,2017-03-22
20032,10052,2017-04-06,2017-07-13
20004,10052,2017-07-24,2017-12-31
20083,10052,2018-01-14,2018-09-10
20160,10052,2018-10-05,2020-01-31
20149,10052,2020-03-12,2020-06-19
20077,10052,2020-08-02,2021-06-24
20131,10052,2021-07-29,2022-01-30
20053,10052,2022-03-02,2022-06-05
20170,10052,2022-06-28,2023-02-25
20162,10052,2023-03-14,2023-08-22
20031,10052,2023-09-04,2024-01-13
20018,10052,2024-02-18,2024-07-15
20033,10052,2024-08-13,2025-03-06
20103,10052,2025-04-02,2025-11-11
20177,10052,2025-12-12,2026-07-01
20115,10053,2023-02-13,2023-07-25
20018,10053,2023-09-02,2023-11-27
20139,10053,2023-12-29,2024-01-15
20014,10053,2024-02-10,2025-02-02
20081,10053,2025-03-07,2025-10-08
20127,10053,2025-11-18,2026-05-27
20014,10054,2023-09-10,2024-01-15
20006,10054,2024-02-23,2024-03-04
20175,10055,2025-02-12,2025-07-23
20168,10055,2025-08-07,2025-09-25
20103,10056,2025-11-19,2026-07-01
20084,10057,2017-01-26,2017-02-22
20179,10057,2017-03-13,2017-09-20
20156,10057,2017-10-26,2017-11-06
20143,10058,2016-11-12,2017-02-19
20007,10059,2016-03-29,2016-10-14
20113,10059,2016-10-27,2017-05-09
20156,10059,2017-05-31,2018-02-01
20064,10059,2018-02-17,2018-06-07
20180,10059,2018-06-23,2018-11-06
20072,10059,2018-11-16,2019-01-28
20160,10059,2019-02-11,2019-11-26
20103,10060,2025-08-11,2026-02-07
20111,10060,2026-03-17,2026-07-01
20013,10061,2020-04-08,2020-07-14
20023,10061,2020-08-03,2021-01-31
20131,10061,2021-02-24,2021-07-22
20126,10061,2021-07-27,2021-11-26
20126,10061,2021-12-15,2022-02-27
20060,10062,2021-03-28,2021-07-05
20122,10062,2021-08-08,2021-11-15
20126,10062,2021-12-05,2022-09-21
20118,10062,2022-10-01,2023-06-03
20031,10062,2023-06-10,2024-01-13
20105,10062,2024-02-19,2024-06-17
20103,10062,2024-07-08,2026-02-16
20095,10062,2026-03-26,2026-05-25
20039,10062,2026-06-06,2026-07-01
20013,10063,2020-06-16,2020-07-14
20077,10063,2020-08-19,2020-11-25
20023,10063,2020-12-27,2021-01-31
20089,10063,2021-02-26,2021-03-07
20093,10063,2021-04-06,2021-04-07
20136,10064,2017-11-06,2018-04-28
20008,10064,2018-06-11,2018-10-02
20180,10064,2018-11-02,2019-05-19
20086,10064,2019-06-13,2019-11-29
20174,10064,2019-12-22,2020-07-16
20160,10064,2020-08-02,2021-09-17
20049,10064,2021-10-08,2021-12-27
20130,10064,2022-01-01,2022-09-15
20053,10064,2022-09-22,2022-11-30
20170,10064,2023-01-04,2023-01-30
20180,10065,2018-05-18,2019-02-14
20180,10065,2019-03-04,2019-06-24
20005,10065,2019-08-07,2020-03-21
20005,10065,2020-04-18,2020-09-17
20093,10065,2020-10-20,2020-11-15
20096,10066,2017-06-12,2017-07-17
20008,10066,2017-08-27,2018-07-26
20079,10066,2018-08-21,2019-01-10
20145,10066,2019-02-16,2019-07-08
20025,10066,2019-08-18,2019-10-28
20174,10066,2019-12-03,2020-05-28
20119,10066,2020-06-10,2020-09-20
20179,10066,2020-09-30,2020-12-13
20132,10066,2020-12-25,2021-04-09
20138,10066,2021-04-16,2021-09-25
20138,10066,2021-10-26,2022-01-04
20126,10066,2022-01-23,2022-09-21
20018,10066,2022-11-04,2023-05-03
20115,10066,2023-06-05,2023-07-25
20162,10066,2023-08-12,2023-08-22
20105,10066,2023-09-09,2024-06-10
20105,10066,2024-06-25,2024-12-12
20165,10066,2024-12-23,2025-08-12
20137,10067,2016-01-22,2016-05-13
20103,10068,2025-08-30,2026-07-01
20105,10069,2023-10-26,2024-12-12
20014,10069,2025-01-25,2025-06-07
20006,10069,2025-07-14,2025-12-06
20101,10069,2026-01-16,2026-03-17
20005,10070,2020-07-10,2020-09-17
20164,10070,2020-10-19,2021-08-28
20003,10070,2021-09-03,2022-02-14
20053,10070,2022-03-04,2022-04-23
20105,10071,2023-05-11,2024-08-12
20010,10071,2024-08-30,2025-03-22
20165,10071,2025-04-21,2025-08-17
20009,10071,2025-09-19,2026-01-31
20063,10072,2023-10-07,2024-04-14
20146,10072,2024-05-23,2024-10-04
20014,10072,2024-10-16,2025-04-28
20175,10072,2025-05-21,2025-10-13
20019,10072,2025-11-15,2026-03-08
20095,10072,2026-03-20,2026-05-25
20103,10072,2026-06-25,2026-07-01
20035,10073,2019-04-10,2019-04-29
20045,10073,2019-05-16,2019-12-08
20040,10073,2019-12-16,2020-11-20
20011,10073,2020-12-03,2021-03-27
20159,10073,2021-04-19,2021-12-27
20130,10073,2022-01-17,2022-08-20
20053,10073,2022-09-25,2022-11-30
20130,10073,2022-12-22,2023-09-06
20031,10073,2023-09-20,2024-01-13
20065,10073,2024-02-21,2024-10-02
20103,10073,2024-11-14,2025-06-26
20014,10073,2025-07-20,2025-08-06
20177,10073,2025-08-27,2025-12-08
20009,10073,2026-01-17,2026-05-16
20067,10073,2026-06-20,2026-07-01
20075,10074,2017-11-19,2018-06-06
20108,10074,2018-06-11,2018-07-21
20176,10074,2018-07-31,2018-08-12
20004,10075,2016-02-13,2016-11-06
20033,10076,2025-07-03,2025-07-09
20125,10076,2025-07-28,2025-11-11
20067,10076,2025-12-02,2026-05-25
20157,10076,2026-05-31,2026-07-01
20010,10077,2025-04-22,2025-10-14
20070,10077,2025-10-21,2025-11-18
20054,10078,2021-03-01,2021-09-24
20049,10078,2021-10-19,2021-12-27
20131,10078,2022-01-26,2022-06-16
20018,10078,2022-07-07,2023-02-06
20162,10078,2023-03-17,2023-08-22
20063,10078,2023-09-14,2023-09-19
20092,10079,2015-07-11,2016-03-01
20017,10079,2016-03-09,2016-06-29
20105,10080,2024-10-29,2024-12-12
20140,10080,2025-01-14,2025-04-04
20175,10080,2025-05-18,2025-06-27
20146,10081,2022-12-09,2023-04-08
20115,10081,2023-04-16,2023-07-25
20146,10081,2023-08-06,2025-01-21
20175,10081,2025-02-14,2025-06-04
20119,10082,2020-11-16,2021-01-29
20175,10083,2025-10-10,2025-11-06
20009,10083,2025-12-17,2026-01-09
20138,10084,2021-07-14,2022-01-04
20020,10084,2022-01-11,2022-06-18
20074,10084,2022-07-27,2022-08-25
20170,10084,2022-09-01,2023-02-25
20115,10084,2023-03-04,2023-07-25
20130,10084,2023-08-17,2023-09-06
20087,10084,2023-09-27,2024-01-27
20105,10084,2024-02-28,2024-07-09
20151,10085,2024-07-17,2025-04-10
20033,10085,2025-04-30,2025-07-09
20009,10085,2025-08-17,2026-03-09
20080,10085,2026-04-14,2026-07-01
20006,10086,2025-08-07,2025-12-06
20080,10086,2025-12-20,2026-04-26
20103,10086,2026-05-02,2026-07-01
20091,10087,2023-11-27,2024-02-25
20100,10087,2024-03-17,2025-07-08
20014,10087,2025-07-30,2025-08-06
20165,10087,2025-08-24,2026-02-09
20019,10087,2026-02-18,2026-03-08
20059,10087,2026-03-15,2026-07-01
20008,10088,2018-02-28,2018-08-31
20179,10088,2018-10-11,2019-02-26
20145,10088,2019-03-10,2019-07-08
20005,10088,2019-08-04,2020-08-14
20134,10088,2020-08-31,2020-12-29
20089,10088,2021-01-31,2021-03-07
20154,10088,2021-03-31,2021-09-21
20126,10088,2021-09-29,2022-04-11
20090,10088,2022-04-23,2022-04-24
20018,10088,2022-05-13,2022-12-09
20124,10088,2022-12-29,2023-03-19
20074,10089,2022-02-18,2022-08-25
20130,10089,2022-08-30,2023-04-15
20091,10089,2023-05-27,2024-01-01
20103,10089,2024-02-11,2024-10-16
20169,10089,2024-10-30,2024-11-30
20006,10090,2023-06-12,2023-10-26
20087,10090,2023-11-05,2024-07-13
20151,10090,2024-07-29,2025-03-29
20006,10090,2025-04-19,2025-09-16
20046,10090,2025-09-27,2026-03-26
20059,10090,2026-04-02,2026-07-01
20130,10091,2021-11-07,2022-11-12
20124,10091,2022-11-29,2023-03-19
20109,10091,2023-04-13,2023-10-20
20104,10091,2023-11-16,2024-03-29
20100,10091,2024-04-25,2025-02-26
20101,10091,2025-03-31,2026-04-22
20037,10091,2026-05-01,2026-07-01
20010,10092,2022-05-03,2023-04-07
20115,10092,2023-04-30,2023-07-25
20109,10092,2023-08-06,2023-11-24
20024,10093,2026-06-22,2026-07-01
20159,10094,2021-05-09,2021-09-11
20012,10094,2021-09-29,2021-12-21
20090,10094,2022-01-31,2022-04-24
20074,10094,2022-06-03,2022-08-25
20170,10094,2022-09-29,2023-02-25
20063,10094,2023-03-02,2024-04-14
20100,10094,2024-05-19,2025-06-29
20103,10094,2025-07-14,2026-02-05
20103,10094,2026-02-25,2026-07-01
20160,10095,2020-10-27,2021-08-22
20003,10095,2021-09-13,2022-02-14
20068,10095,2022-02-27,2022-05-24
20074,10095,2022-06-16,2022-08-25
20115,10095,2022-09-19,2023-07-25
20091,10095,2023-08-05,2024-02-25
20014,10095,2024-03-13,2024-12-15
20014,10095,2025-01-25,2025-08-06
20148,10095,2025-09-05,2026-01-21
20046,10095,2026-02-12,2026-03-26
20028,10095,2026-05-07,2026-07-01
20012,10096,2021-07-01,2021-09-22
20102,10096,2021-10-04,2022-01-31
20130,10096,2022-02-16,2022-04-29
20139,10097,2023-12-19,2024-01-15
20006,10097,2024-01-27,2024-09-23
20105,10097,2024-10-16,2024-12-12
20175,10097,2025-01-21,2025-11-06
20009,10097,2025-12-13,2026-05-16
20117,10097,2026-05-24,2026-07-01
20070,10098,2026-01-09,2026-02-03
20073,10098,2026-03-12,2026-07-01
20061,10099,2020-11-21,2021-02-23
20003,10099,2021-04-04,2022-02-14
20130,10099,2022-03-04,2022-08-11
20015,10099,2022-09-12,2023-01-03
20141,10099,2023-01-26,2023-04-28
20091,10099,2023-06-08,2023-12-18
20014,10099,2023-12-25,2024-09-29
20006,10099,2024-10-31,2025-01-06
20017,10100,2016-03-31,2016-12-14
20082,10100,2016-12-24,2017-04-07
20179,10100,2017-04-18,2017-07-16
20108,10100,2017-08-20,2018-07-21
20035,10100,2018-08-02,2019-04-29
20180,10100,2019-05-09,2019-06-24
20179,10100,2019-07-19,2019-09-23
20045,10100,2019-10-19,2019-12-09
20163,10100,2020-01-16,2020-06-29
20179,10100,2020-07-26,2020-12-13
20093,10100,2021-01-13,2021-04-07
20060,10100,2021-05-13,2021-09-04
20020,10100,2021-09-25,2022-06-18
20132,10100,2022-07-23,2023-05-18
20005,10101,2020-04-04,2020-07-06
20114,10101,2020-07-25,2021-03-16
20159,10101,2021-03-21,2021-12-28
20068,10101,2022-01-21,2022-05-24
20130,10101,2022-06-04,2023-07-10
20006,10101,2023-08-11,2024-01-22
20104,10101,2024-02-06,2024-03-29
20006,10101,2024-05-07,2025-01-22
20010,10101,2025-02-18,2025-12-11
20073,10101,2025-12-23,2026-06-23
20084,10102,2016-08-13,2016-12-12
20026,10102,2017-01-19,2017-05-23
20078,10102,2017-05-28,2017-07-10
20083,10102,2017-08-18,2018-08-12
20179,10102,2018-09-18,2019-05-18
20086,10102,2019-06-10,2020-03-23
20142,10102,2020-05-06,2020-10-28
20114,10102,2020-12-05,2021-03-14
20126,10102,2021-03-19,2021-09-23
20165,10103,2024-09-03,2025-06-16
20008,10104,2018-04-26,2018-10-02
20107,10104,2018-11-05,2019-02-02
20013,10104,2019-02-12,2020-07-14
20011,10105,2019-10-12,2020-03-08
20134,10105,2020-04-11,2020-12-02
20060,10105,2020-12-18,2021-05-19
20054,10106,2021-04-19,2021-10-18
20160,10106,2021-10-24,2021-11-04
20090,10106,2021-12-04,2022-01-16
20114,10107,2020-09-01,2021-05-14
20077,10107,2021-06-14,2021-07-09
20054,10107,2021-07-14,2021-10-18
20094,10107,2021-10-25,2022-08-09
20055,10107,2022-08-23,2022-09-21
20141,10107,2022-10-30,2023-05-08
20031,10107,2023-06-07,2023-12-09
20006,10107,2024-01-07,2024-08-19
20100,10107,2024-09-29,2025-07-08
20067,10107,2025-08-18,2026-06-05
20135,10108,2015-10-21,2016-07-11
20100,10109,2025-03-02,2025-07-08
20081,10109,2025-08-03,2025-10-18
20120,10109,2025-10-30,2026-02-07
20101,10109,2026-03-13,2026-07-01
20046,10110,2025-08-15,2026-01-08
20127,10110,2026-02-16,2026-07-01
20078,10111,2017-06-28,2017-07-10
20179,10111,2017-08-12,2018-05-09
20075,10111,2018-05-21,2018-09-21
20156,10111,2018-10-02,2019-04-14
20129,10111,2019-05-06,2019-12-17
20142,10111,2020-01-30,2020-09-13
20142,10111,2020-10-25,2020-10-28
20061,10111,2020-11-21,2021-02-23
20126,10111,2021-04-02,2022-02-01
20003,10111,2022-02-06,2022-02-14
20068,10111,2022-03-16,2022-05-24
20130,10111,2022-06-12,2023-02-03
20132,10111,2023-02-23,2023-07-30
20123,10111,2023-09-03,2024-02-08
20018,10111,2024-03-15,2025-03-08
20140,10111,2025-04-02,2025-04-04
20103,10111,2025-04-18,2025-12-23
20050,10112,2018-03-17,2018-11-16
20129,10112,2018-12-06,2019-05-01
20045,10112,2019-05-19,2019-11-21
20129,10112,2019-11-28,2019-12-17
20152,10112,2020-01-19,2020-02-03
20160,10112,2020-02-19,2021-04-06
20138,10112,2021-05-01,2022-01-04
20003,10112,2022-02-13,2022-02-14
20126,10112,2022-03-21,2022-09-21
20058,10112,2022-10-28,2022-12-02
20015,10112,2022-12-21,2023-01-03
20115,10112,2023-01-23,2023-07-17
20091,10112,2023-08-09,2024-02-25
20100,10112,2024-04-04,2024-12-12
20146,10112,2025-01-14,2025-01-21
20140,10112,2025-03-05,2025-04-04
20006,10112,2025-05-09,2025-12-06
20095,10112,2026-01-07,2026-05-25
20086,10113,2019-08-21,2020-03-23
20077,10113,2020-04-18,2021-04-06
20122,10113,2021-04-12,2021-07-11
20141,10114,2023-04-07,2023-05-08
20109,10114,2023-06-16,2023-11-24
20123,10114,2023-11-29,2024-03-30
20053,10115,2022-08-26,2022-11-30
20044,10115,2022-12-17,2023-05-03
20018,10115,2023-06-11,2023-10-15
20137,10116,2016-07-08,2016-12-04
20026,10116,2016-12-26,2017-05-23
20032,10116,2017-07-02,2017-07-13
20128,10116,2017-07-23,2018-02-19
20004,10116,2018-03-13,2018-03-19
20023,10117,2021-01-21,2021-01-31
20068,10117,2021-03-15,2021-11-06
20159,10117,2021-12-01,2021-12-28
20130,10117,2022-01-28,2022-10-24
20141,10117,2022-11-17,2023-03-05
20162,10117,2023-04-06,2023-05-10
20086,10118,2019-07-26,2020-02-18
20011,10118,2020-02-24,2021-03-20
20077,10118,2021-04-29,2021-07-09
20012,10118,2021-08-15,2021-12-21
20090,10118,2022-01-12,2022-04-24
20132,10118,2022-05-31,2023-06-20
20146,10118,2023-07-27,2024-02-11
20123,10118,2024-03-25,2024-04-27
20006,10118,2024-05-17,2025-01-21
20166,10118,2025-02-22,2025-04-10
20006,10118,2025-04-17,2025-12-06
20165,10118,2026-01-04,2026-02-09
20101,10118,2026-03-04,2026-07-01
20084,10119,2015-12-02,2016-12-20
20066,10119,2017-01-21,2017-05-01
20156,10119,2017-06-12,2018-01-29
20008,10119,2018-03-14,2018-09-14
20129,10119,2018-10-28,2019-04-22
20045,10119,2019-05-27,2019-10-28
20086,10119,2019-11-23,2020-03-23
20134,10119,2020-04-17,2020-08-17
20114,10119,2020-09-23,2021-05-14
20049,10119,2021-05-31,2021-09-22
20138,10119,2021-09-27,2021-10-24
20051,10120,2022-04-06,2022-08-20
20146,10120,2022-08-28,2022-12-20
20026,10121,2016-10-07,2017-05-23
20043,10121,2017-05-28,2017-12-10
20004,10121,2018-01-13,2018-04-25
20075,10121,2018-05-22,2018-09-21
20176,10121,2018-10-16,2018-12-13
20079,10121,2019-01-04,2019-01-10
20041,10121,2019-02-02,2019-04-08
20078,10122,2016-04-23,2017-02-25
20032,10122,2017-03-22,2017-05-10
20098,10123,2017-07-25,2017-09-02
20008,10123,2017-09-13,2018-10-02
20179,10123,2018-10-22,2020-01-25
20040,10123,2020-02-06,2020-08-01
20005,10123,2020-08-26,2020-09-17
20142,10123,2020-10-13,2020-10-28
20061,10123,2020-11-11,2021-02-23
20154,10123,2021-03-20,2021-07-31
20094,10123,2021-09-01,2022-05-01
20058,10123,2022-05-20,2022-12-02
20010,10123,2023-01-13,2023-10-10
20109,10123,2023-10-16,2023-11-24
20006,10123,2024-01-04,2024-08-22
20018,10123,2024-10-02,2025-10-09
20070,10123,2025-11-10,2026-02-03
20056,10123,2026-03-02,2026-07-01
20108,10124,2017-10-27,2018-03-26
20156,10124,2018-04-18,2019-04-01
20025,10124,2019-05-03,2019-08-18
20045,10124,2019-09-23,2019-12-09
20013,10124,2020-01-12,2020-07-14
20089,10124,2020-08-25,2021-01-24
20011,10124,2021-02-19,2021-03-27
20012,10124,2021-04-14,2021-11-21
20027,10124,2021-12-11,2021-12-14
20049,10124,2021-12-19,2021-12-27
20068,10124,2022-01-01,2022-05-24
20018,10124,2022-06-17,2023-01-21
20141,10124,2023-02-22,2023-05-08
20031,10124,2023-06-19,2024-01-13
20103,10124,2024-02-05,2024-10-17
20105,10124,2024-11-05,2024-12-12
20100,10124,2025-01-02,2025-06-01
20088,10124,2025-07-04,2025-08-24
20103,10124,2025-09-10,2026-07-01
20016,10125,2016-06-30,2016-10-09
20083,10125,2016-11-11,2017-02-18
20078,10125,2017-04-03,2017-07-10
20083,10125,2017-07-23,2017-12-12
20075,10125,2018-01-08,2018-08-19
20083,10125,2018-08-28,2018-09-10
20041,10125,2018-10-23,2019-02-27
20179,10125,2019-04-11,2019-08-02
20179,10125,2019-09-07,2020-10-21
20132,10125,2020-11-13,2021-05-04
20126,10125,2021-05-29,2021-08-20
20160,10126,2019-04-17,2019-08-17
20040,10126,2019-09-13,2020-06-27
20174,10126,2020-07-18,2020-08-04
20142,10126,2020-08-09,2020-10-28
20164,10126,2020-11-20,2021-05-28
20164,10126,2021-07-10,2021-08-28
20170,10126,2021-10-11,2023-02-25
20010,10126,2023-03-12,2024-07-04
20014,10126,2024-08-03,2025-03-16
20014,10126,2025-04-18,2025-08-06
20006,10126,2025-08-21,2025-12-06
20019,10126,2026-01-19,2026-03-08
20095,10126,2026-03-13,2026-05-25
20110,10126,2026-06-03,2026-07-01
20129,10127,2019-02-19,2019-03-05
20124,10128,2023-01-15,2023-02-08
20068,10129,2022-05-06,2022-05-24
20131,10129,2022-06-08,2022-06-16
20058,10129,2022-06-22,2022-12-02
20015,10129,2022-12-19,2023-01-03
20018,10129,2023-01-18,2023-07-19
20006,10129,2023-08-14,2024-07-04
20151,10129,2024-07-22,2024-09-30
20068,10130,2020-11-06,2021-05-26
20049,10130,2021-07-06,2021-07-08
20172,10131,2017-10-08,2018-03-12
20136,10131,2018-03-27,2018-05-04
20108,10131,2018-05-25,2018-06-06
20088,10132,2024-12-26,2025-07-03
20036,10132,2025-07-10,2025-12-04
20009,10132,2025-12-26,2026-05-16
20103,10132,2026-05-21,2026-07-01
20079,10133,2018-09-14,2019-01-10
20013,10133,2019-01-21,2019-07-14
20086,10133,2019-08-23,2020-03-23
20150,10133,2020-05-03,2020-08-07
20093,10133,2020-08-22,2021-01-19
20164,10133,2021-02-10,2021-08-28
20122,10133,2021-10-05,2021-11-15
20003,10133,2021-12-09,2022-02-14
20126,10133,2022-03-15,2022-09-21
20124,10133,2022-10-18,2023-03-19
20044,10133,2023-04-25,2023-05-03
20031,10133,2023-06-16,2023-08-11
20128,10134,2015-09-27,2016-04-26
20135,10134,2016-06-02,2016-09-07
20128,10134,2016-09-30,2017-02-12
20029,10134,2017-03-27,2017-04-11
20032,10134,2017-04-25,2017-07-13
20098,10134,2017-08-23,2017-09-02
20172,10134,2017-09-26,2018-02-16
20008,10135,2017-06-11,2017-10-07
20064,10135,2017-10-20,2018-06-07
20050,10135,2018-06-28,2018-11-16
20145,10135,2018-12-19,2019-07-08
20155,10135,2019-08-20,2019-11-22
20160,10135,2019-12-25,2020-07-12
20068,10135,2020-08-09,2021-02-26
20173,10135,2021-04-10,2021-06-04
20068,10135,2021-06-13,2021-08-25
20045,10136,2019-08-31,2019-12-09
20093,10136,2020-01-09,2020-11-24
20023,10136,2020-12-02,2021-01-31
20093,10136,2021-02-22,2021-04-07
20068,10136,2021-05-16,2022-01-27
20090,10136,2022-03-08,2022-04-24
20010,10136,2022-05-06,2023-11-28
20063,10136,2023-12-06,2024-04-14
20014,10136,2024-05-26,2024-10-19
20100,10136,2024-10-28,2025-04-12
20033,10136,2025-05-14,2025-07-09
20006,10136,2025-08-17,2025-12-06
20039,10136,2026-01-17,2026-07-01
20006,10137,2024-11-12,2025-10-16
20080,10137,2025-11-29,2026-07-01
20081,10138,2024-12-25,2025-10-18
20148,10138,2025-11-01,2026-01-21
20095,10138,2026-02-22,2026-05-25
20112,10138,2026-06-22,2026-07-01
20024,10139,2026-05-12,2026-07-01
20003,10140,2022-02-13,2022-02-14
20051,10140,2022-03-22,2022-09-18
20170,10140,2022-10-16,2023-02-25
20051,10140,2023-03-10,2023-04-19
20091,10140,2023-06-02,2023-12-09
20065,10140,2024-01-20,2024-05-25
20006,10140,2024-06-11,2024-11-25
20161,10140,2024-11-30,2025-04-18
20010,10140,2025-05-06,2025-10-31
20177,10140,2025-11-06,2026-02-24
20067,10140,2026-03-18,2026-07-01
20162,10141,2023-06-07,2023-08-22
20063,10141,2023-09-05,2023-11-22
20014,10141,2023-11-27,2024-08-05
20161,10141,2024-09-08,2025-04-18
20014,10141,2025-05-24,2025-08-06
20175,10141,2025-08-20,2025-11-06
20103,10141,2025-12-14,2026-07-01
20078,10142,2017-06-14,2017-07-10
20108,10142,2017-08-16,2018-02-17
20179,10142,2018-03-09,2019-01-17
20160,10142,2019-02-09,2019-10-30
20040,10143,2019-11-20,2020-10-04
20132,10143,2020-10-29,2022-01-02
20020,10143,2022-01-24,2022-06-18
20130,10143,2022-07-19,2023-08-10
20006,10143,2023-09-02,2024-04-12
20103,10143,2024-05-25,2025-01-02
20018,10143,2025-02-15,2025-06-13
20010,10143,2025-07-19,2025-12-11
20056,10143,2026-01-01,2026-07-01
20031,10144,2023-12-19,2024-01-13
20123,10144,2024-02-18,2024-04-27
20014,10144,2024-05-11,2025-01-16
20006,10144,2025-03-01,2025-11-18
20036,10144,2025-11-23,2026-03-09
20129,10145,2018-10-08,2019-03-04
20035,10145,2019-03-26,2019-04-29
20129,10145,2019-05-26,2019-08-03
20179,10146,2019-06-09,2020-02-06
20149,10146,2020-02-14,2020-06-19
20174,10146,2020-06-25,2020-08-04
20040,10146,2020-09-01,2020-11-20
20093,10146,2021-01-02,2021-04-07
20122,10146,2021-05-15,2021-11-15
20138,10146,2021-12-12,2022-01-04
20131,10146,2022-01-29,2022-06-16
20118,10146,2022-07-21,2023-04-16
20139,10146,2023-05-24,2024-01-15
20065,10146,2024-02-15,2024-06-25
20114,10147,2020-09-30,2021-05-14
20054,10147,2021-06-01,2021-10-18
20003,10147,2021-11-21,2022-02-14
20020,10147,2022-03-28,2022-06-18
20015,10147,2022-07-30,2023-01-03
20010,10147,2023-02-03,2025-01-18
20081,10147,2025-02-01,2025-05-17
20088,10147,2025-06-15,2025-08-24
20009,10147,2025-10-02,2026-02-12
20103,10147,2026-02-24,2026-07-01
20169,10148,2024-05-20,2024-12-21
20014,10148,2025-01-16,2025-07-18
20046,10148,2025-07-24,2025-11-10
20119,10149,2020-12-27,2021-01-08
20129,10150,2019-06-26,2019-09-15
20081,10151,2025-01-27,2025-05-28
20175,10151,2025-06-13,2025-11-06
20095,10151,2025-11-22,2026-04-11
20037,10151,2026-04-26,2026-07-01
20141,10152,2023-05-06,2023-05-08
20051,10153,2022-09-28,2023-04-19
20006,10153,2023-05-30,2023-12-03
20104,10153,2023-12-20,2024-03-29
20018,10153,2024-04-17,2025-04-04
20116,10153,2025-05-02,2025-06-06
20006,10153,2025-06-19,2025-12-06
20120,10153,2025-12-24,2026-02-07
20046,10153,2026-03-12,2026-03-26
20076,10153,2026-05-04,2026-07-01
20092,10154,2016-01-02,2016-03-01
20017,10154,2016-04-11,2016-12-06
20082,10154,2016-12-30,2017-04-07
20113,10154,2017-05-04,2017-05-09
20008,10154,2017-05-20,2017-05-21
20077,10155,2020-09-03,2021-06-05
20068,10155,2021-07-19,2022-02-23
20068,10155,2022-03-17,2022-05-24
20094,10155,2022-06-06,2022-08-10
20130,10155,2022-09-07,2022-09-21
20130,10156,2023-01-06,2023-07-30
20123,10156,2023-09-01,2024-04-27
20018,10156,2024-06-04,2024-10-17
20175,10156,2024-11-06,2025-11-06
20125,10156,2025-11-30,2026-01-22
20095,10156,2026-02-15,2026-05-25
20080,10156,2026-06-06,2026-07-01
20113,10157,2016-11-02,2017-05-09
20179,10157,2017-06-22,2018-02-17
20050,10157,2018-03-28,2018-04-29
20083,10158,2015-01-23,2015-07-29
20136,10159,2017-11-04,2018-05-04
20008,10159,2018-05-27,2018-10-02
20156,10159,2018-11-11,2019-04-14
20045,10159,2019-04-20,2019-12-09
20152,10159,2020-01-14,2020-02-03
20142,10159,2020-02-18,2020-08-20
20040,10159,2020-09-02,2020-11-20
20119,10159,2020-12-31,2021-01-29
20122,10159,2021-03-14,2021-11-15
20130,10159,2021-11-24,2021-12-26
20006,10160,2023-10-09,2024-04-18
20006,10160,2024-05-27,2024-08-05
20166,10161,2025-01-11,2025-04-10
20014,10161,2025-05-07,2025-08-06
20120,10161,2025-09-07,2026-02-07
20147,10161,2026-03-11,2026-03-27
20110,10161,2026-05-08,2026-07-01
20125,10162,2025-10-03,2026-01-22
20112,10162,2026-02-07,2026-02-15
20083,10163,2015-06-07,2016-02-11
20092,10163,2016-02-29,2016-03-01
20137,10163,2016-04-05,2016-09-20
20060,10164,2021-01-05,2021-06-06
20132,10164,2021-07-01,2022-04-24
20055,10164,2022-05-27,2022-09-21
20146,10164,2022-10-04,2023-05-27
20031,10164,2023-06-19,2024-01-13
20146,10164,2024-02-11,2024-10-01
20105,10164,2024-10-14,2024-12-12
20166,10164,2024-12-26,2025-04-10
20067,10164,2025-05-06,2025-05-29
20004,10165,2016-09-20,2016-11-10
20069,10166,2015-05-19,2015-09-13
20057,10166,2015-09-18,2016-03-17
20143,10166,2016-04-01,2017-01-11
20179,10166,2017-02-10,2017-10-28
20133,10166,2017-11-04,2018-03-03
20176,10166,2018-03-25,2018-12-13
20072,10166,2019-01-19,2019-01-28
20035,10166,2019-02-27,2019-04-29
20179,10166,2019-05-20,2020-05-05
20040,10166,2020-05-19,2020-11-20
20132,10166,2021-01-01,2021-05-12
20173,10166,2021-05-25,2021-06-04
20159,10166,2021-06-10,2021-12-28
20090,10166,2022-01-27,2022-03-14
20018,10167,2022-09-04,2024-05-04
20151,10167,2024-06-02,2024-12-02
20160,10168,2018-11-23,2019-07-23
20025,10168,2019-08-14,2019-10-28
20030,10169,2015-04-12,2015-04-27
20179,10170,2016-12-12,2017-05-16
20133,10170,2017-05-24,2018-03-03
20008,10170,2018-03-23,2018-10-02
20041,10170,2018-10-13,2019-09-08
20005,10170,2019-10-08,2020-01-26
20008,10171,2016-10-29,2017-08-29
20004,10171,2017-10-05,2018-04-25
20021,10171,2018-05-16,2018-07-12
20072,10171,2018-08-24,2019-01-28
20013,10171,2019-02-10,2019-12-06
20179,10171,2019-12-23,2020-12-13
20131,10171,2020-12-24,2021-05-31
20054,10171,2021-07-02,2021-10-18
20068,10171,2021-11-17,2022-05-24
20015,10171,2022-06-28,2023-01-03
20018,10171,2023-01-18,2023-08-06
20087,10171,2023-09-05,2024-07-13
20151,10171,2024-08-21,2025-04-10
20165,10171,2025-04-22,2025-09-21
20046,10171,2025-10-17,2026-03-26
20067,10171,2026-04-25,2026-07-01
20167,10172,2015-09-23,2016-03-23
20121,10172,2016-04-04,2016-11-01
20042,10172,2016-12-14,2017-01-06
20092,10173,2015-07-14,2015-12-27
20137,10173,2016-01-23,2016-07-19
20078,10173,2016-07-25,2017-06-10
20176,10173,2017-07-08,2018-04-10
20136,10173,2018-04-16,2018-05-04
20176,10173,2018-05-27,2018-12-13
20156,10173,2019-01-10,2019-04-14
20129,10173,2019-05-11,2019-05-29
20057,10174,2015-05-31,2016-06-17
20026,10174,2016-07-20,2017-05-21
20011,10175,2020-10-06,2021-03-27
20122,10175,2021-04-12,2021-07-22
20027,10175,2021-08-07,2021-12-14
20170,10175,2021-12-22,2023-02-25
20018,10175,2023-03-12,2023-06-24
20006,10175,2023-07-19,2023-11-26
20146,10176,2024-11-22,2024-12-06
20161,10177,2025-03-29,2025-04-18
20081,10177,2025-04-25,2025-10-18
20009,10177,2025-11-12,2026-05-16
20103,10177,2026-06-02,2026-07-01
20036,10178,2026-02-07,2026-03-09
20127,10178,2026-04-18,2026-07-01
20173,10179,2021-03-31,2021-06-04
20077,10179,2021-06-24,2021-07-09
20060,10179,2021-07-16,2021-12-18
20130,10179,2022-01-23,2023-02-17
20051,10179,2023-03-05,2023-04-19
20139,10179,2023-05-30,2023-12-27
20133,10180,2017-01-15,2017-10-27
20043,10180,2017-11-25,2017-12-10
20108,10180,2018-01-01,2018-07-21
20072,10180,2018-08-01,2019-01-28
20180,10180,2019-03-12,2019-06-24
20129,10180,2019-07-24,2019-12-17
20013,10180,2020-01-18,2020-04-27
20055,10181,2022-01-28,2022-09-21
20141,10181,2022-10-14,2023-04-19
20179,10182,2020-03-24,2020-06-21
20085,10182,2020-07-07,2020-08-20
20114,10182,2020-09-10,2021-01-15
20114,10182,2021-02-04,2021-05-14
20138,10182,2021-05-20,2021-09-14
20012,10182,2021-10-18,2021-12-21
20090,10182,2022-01-07,2022-04-24
20132,10182,2022-05-21,2023-03-18
20162,10182,2023-04-20,2023-08-22
20006,10182,2023-09-10,2024-06-22
20074,10183,2022-03-15,2022-08-25
20015,10183,2022-09-14,2023-01-03
20051,10183,2023-02-15,2023-04-19
20130,10183,2023-05-09,2023-05-13
20012,10184,2021-05-01,2021-05-13
20156,10185,2017-10-31,2018-02-27
20107,10185,2018-03-10,2019-04-01
20013,10185,2019-04-22,2019-08-01
20174,10185,2019-08-26,2019-12-28
20174,10185,2020-01-07,2020-08-04
20134,10185,2020-08-29,2020-10-17
20177,10186,2025-08-13,2026-05-20
20028,10186,2026-05-25,2026-07-01
20045,10187,2018-07-30,2019-11-27
20129,10187,2019-12-16,2019-12-17
20086,10187,2020-01-07,2020-03-23
20085,10187,2020-04-22,2020-08-20
20011,10187,2020-10-03,2021-03-27
20003,10187,2021-04-06,2021-11-11
20060,10187,2021-11-19,2021-12-18
20094,10187,2021-12-25,2022-04-24
20058,10187,2022-06-02,2022-11-13
20146,10187,2022-12-18,2023-04-05
20031,10187,2023-05-16,2023-11-27
20010,10187,2023-12-10,2024-05-22
20169,10187,2024-05-28,2024-12-21
20033,10187,2024-12-31,2025-07-09
20088,10187,2025-08-04,2025-08-24
20168,10187,2025-09-29,2025-10-14
20125,10187,2025-11-24,2026-01-22
20103,10187,2026-01-30,2026-07-01
20036,10188,2025-11-24,2026-03-09
20039,10188,2026-04-22,2026-07-01
20146,10189,2022-06-27,2022-10-28
20058,10189,2022-11-20,2022-12-02
20141,10189,2022-12-10,2023-04-30
20118,10189,2023-05-11,2023-06-03
20014,10189,2023-07-12,2024-03-20
20103,10189,2024-04-25,2024-10-25
20033,10189,2024-12-01,2025-07-09
20177,10189,2025-07-29,2025-10-21
20127,10189,2025-11-16,2026-07-01
20055,10190,2022-07-20,2022-09-21
20124,10190,2022-10-11,2023-03-19
20118,10190,2023-04-19,2023-06-03
20109,10190,2023-07-07,2023-11-24
20063,10190,2023-12-02,2024-04-14
20169,10190,2024-05-19,2024-12-21
20018,10191,2022-12-29,2023-01-13
20083,10192,2015-08-18,2016-05-18
20047,10192,2016-06-24,2016-07-07
20121,10192,2016-07-26,2016-11-01
20084,10192,2016-12-10,2016-12-29
20143,10193,2016-11-28,2017-02-19
20008,10193,2017-03-30,2017-06-26
20156,10193,2017-07-16,2018-08-17
20167,10194,2015-08-25,2016-03-20
20022,10194,2016-04-17,2016-10-14
20084,10194,2016-11-01,2016-11-24
20057,10195,2015-12-25,2016-04-25
20083,10195,2016-06-01,2017-01-15
20113,10195,2017-01-20,2017-05-09
20032,10195,2017-06-13,2017-07-13
20075,10195,2017-07-29,2018-05-14
20176,10195,2018-06-22,2018-12-13
20129,10195,2019-01-20,2019-07-21
20040,10195,2019-08-15,2019-12-17
20005,10195,2019-12-24,2020-05-23
20085,10195,2020-06-03,2020-08-20
20054,10195,2020-09-20,2021-05-19
20003,10195,2021-06-19,2022-02-14
20051,10195,2022-03-12,2022-06-26
20124,10195,2022-07-20,2023-03-19
20076,10196,2026-05-05,2026-07-01
20012,10197,2021-07-16,2021-12-21
20090,10197,2022-01-23,2022-04-22
20132,10197,2022-05-01,2022-11-13
20018,10197,2022-12-13,2023-08-02
20139,10197,2023-08-22,2024-01-15
20010,10197,2024-02-09,2024-08-11
20147,10198,2026-02-19,2026-03-27
20103,10198,2026-05-04,2026-06-01
20004,10199,2015-11-24,2016-06-09
20022,10199,2016-07-08,2016-10-14
20017,10199,2016-11-22,2017-01-23
20108,10200,2018-02-24,2018-07-21
20156,10200,2018-07-31,2019-04-14
20041,10200,2019-05-25,2019-09-08
20040,10200,2019-10-06,2019-12-07
20048,10201,2026-03-21,2026-07-01
20176,10202,2018-02-24,2018-10-11
20107,10202,2018-11-22,2019-04-01
20160,10202,2019-05-02,2020-01-28
20179,10203,2019-10-31,2020-02-29
20179,10203,2020-04-13,2020-11-11
20119,10203,2020-12-19,2021-01-29
20077,10203,2021-02-18,2021-05-13
20122,10203,2021-05-20,2021-11-15
20090,10203,2021-12-29,2022-04-24
20170,10203,2022-05-11,2022-10-04
20044,10203,2022-11-11,2023-01-21
20160,10204,2019-01-24,2019-06-24
20013,10204,2019-07-07,2019-11-26
20005,10204,2019-12-01,2020-07-06
20093,10204,2020-08-07,2020-12-16
20023,10204,2020-12-22,2021-01-21
20084,10205,2016-01-28,2016-08-23
20043,10206,2017-09-28,2017-12-10
20133,10206,2017-12-17,2018-03-03
20075,10206,2018-04-04,2018-09-21
20050,10206,2018-10-30,2018-11-16
20126,10207,2021-01-25,2022-09-05
20115,10207,2022-10-07,2023-07-25
20132,10207,2023-09-01,2023-09-23
20123,10207,2023-10-02,2024-04-24
20175,10208,2024-12-14,2025-10-06
20125,10208,2025-10-31,2026-01-22
20073,10208,2026-01-30,2026-07-01
20030,10209,2015-02-02,2015-06-15
20008,10210,2017-01-03,2017-03-05
20014,10211,2024-12-27,2025-08-06
20006,10211,2025-08-25,2025-10-19
20030,10212,2015-09-14,2015-10-25
20057,10212,2015-12-06,2016-05-06
20066,10212,2016-06-06,2016-11-14
20083,10212,2016-12-09,2017-01-02
20132,10213,2021-01-01,2021-06-14
20077,10213,2021-07-07,2021-07-09
20090,10213,2021-08-22,2021-11-27
20094,10213,2021-12-12,2022-08-10
20015,10213,2022-08-20,2023-01-03
20118,10213,2023-01-09,2023-06-03
20139,10213,2023-06-29,2023-12-28
20087,10213,2024-01-02,2024-04-13
20018,10214,2024-06-30,2024-07-15
20006,10215,2023-11-04,2024-03-13
20123,10215,2024-03-20,2024-04-27
20087,10215,2024-05-20,2024-07-13
20165,10215,2024-08-03,2025-07-01
20006,10215,2025-07-14,2025-12-06
20080,10215,2025-12-31,2026-07-01
20091,10216,2024-01-09,2024-02-25
20123,10216,2024-04-08,2024-04-27
20006,10216,2024-05-24,2024-09-21
20066,10217,2016-11-27,2017-04-20
20008,10217,2017-05-27,2018-04-04
20179,10217,2018-04-11,2018-10-13
20079,10217,2018-11-09,2019-01-10
20145,10217,2019-02-05,2019-07-08
20011,10217,2019-07-13,2020-02-19
20008,10218,2017-07-03,2018-10-02
20179,10218,2018-10-19,2019-06-13
20013,10218,2019-07-18,2020-01-17
20174,10218,2020-02-13,2020-06-18
20134,10218,2020-07-12,2021-03-01
20164,10218,2021-04-11,2021-05-25
20179,10219,2019-02-06,2019-10-29
20040,10219,2019-11-30,2020-04-16
20013,10219,2020-05-29,2020-07-14
20068,10219,2020-08-03,2021-03-27
20122,10219,2021-04-01,2021-10-24
20154,10220,2021-08-13,2021-09-21
20122,10220,2021-09-28,2021-11-15
20126,10220,2021-11-27,2022-06-10
20170,10220,2022-07-17,2022-11-03
20130,10220,2022-11-13,2023-07-11
20104,10220,2023-08-15,2024-03-29
20014,10220,2024-04-22,2025-06-08
20036,10220,2025-07-03,2026-03-09
20153,10220,2026-03-23,2026-04-21
20158,10220,2026-05-03,2026-06-30
20012,10221,2021-03-18,2021-12-21
20170,10221,2022-01-12,2022-05-21
20074,10221,2022-06-19,2022-08-25
20044,10221,2022-10-07,2022-12-03
20069,10222,2015-08-30,2015-09-13
20004,10222,2015-10-13,2016-03-19
20042,10222,2016-04-19,2017-01-06
20017,10222,2017-02-16,2017-05-03
20008,10222,2017-05-21,2018-01-26
20180,10222,2018-02-08,2018-02-18
20066,10223,2017-03-07,2017-05-01
20156,10223,2017-06-11,2017-07-02
20098,10224,2017-08-13,2017-09-02
20107,10224,2017-09-28,2018-04-07
20176,10224,2018-05-19,2018-12-13
20013,10224,2018-12-29,2019-10-27
20013,10224,2019-11-27,2020-04-14
20150,10224,2020-05-18,2020-08-07
20160,10224,2020-08-21,2021-06-29
20159,10224,2021-07-20,2021-12-28
20020,10224,2022-01-04,2022-06-18
20074,10224,2022-08-01,2022-08-25
20015,10224,2022-10-03,2023-01-03
20109,10224,2023-02-06,2023-09-25
20109,10224,2023-10-08,2023-11-24
20087,10224,2023-12-17,2024-07-13
20065,10224,2024-08-13,2024-10-02
20146,10224,2024-10-28,2024-12-12
20003,10225,2022-02-02,2022-02-14
20020,10225,2022-03-08,2022-06-18
20126,10225,2022-07-01,2022-09-21
20053,10225,2022-10-18,2022-11-30
20132,10225,2023-01-06,2023-09-23
20031,10225,2023-10-13,2024-01-13
20065,10225,2024-02-24,2024-10-02
20033,10225,2024-10-20,2025-07-09
20036,10225,2025-08-03,2026-01-15
20095,10225,2026-02-03,2026-05-25
20101,10225,2026-05-30,2026-07-01
20172,10226,2017-08-20,2017-12-11
20176,10226,2018-01-08,2018-04-03
20069,10227,2015-04-02,2015-09-13
20084,10227,2015-10-16,2016-07-18
20133,10227,2016-07-30,2016-12-26
20004,10227,2017-01-05,2017-03-25
20113,10227,2017-04-28,2017-05-09
20098,10227,2017-05-16,2017-09-02
20043,10227,2017-09-29,2017-12-10
20083,10227,2018-01-02,2018-06-02
20054,10228,2021-02-24,2021-10-18
20055,10228,2021-11-18,2022-06-25
20053,10228,2022-07-27,2022-11-30
20146,10228,2022-12-10,2023-09-11
20031,10228,2023-10-10,2024-01-13
20100,10228,2024-02-17,2024-10-07
20175,10228,2024-10-13,2025-04-20
20116,10228,2025-05-04,2025-06-06
20165,10228,2025-07-09,2026-01-04
20039,10228,2026-02-13,2026-07-01
20080,10229,2026-06-12,2026-07-01
20152,10230,2019-10-13,2020-02-03
20142,10230,2020-02-18,2020-07-19
20160,10230,2020-08-05,2021-02-11
20126,10230,2021-03-07,2021-10-28
20090,10230,2021-11-19,2022-04-24
20170,10230,2022-06-05,2022-11-09
20124,10230,2022-12-03,2023-03-19
20141,10230,2023-03-24,2023-05-08
20139,10230,2023-06-05,2023-11-16
20123,10230,2023-11-24,2024-04-27
20151,10230,2024-05-21,2024-06-04
20132,10231,2021-03-15,2022-02-09
20051,10231,2022-03-21,2022-10-04
20155,10232,2019-06-22,2019-11-22
20149,10232,2019-12-29,2020-06-19
20114,10232,2020-07-21,2021-01-05
20114,10232,2021-01-22,2021-05-14
20138,10232,2021-06-22,2022-01-04
20131,10232,2022-01-17,2022-06-16
20118,10232,2022-07-22,2022-10-18
20022,10233,2016-03-05,2016-07-02
20121,10233,2016-07-10,2016-11-01
20137,10233,2016-11-26,2016-12-04
20004,10233,2017-01-16,2017-01-28
20142,10234,2020-01-21,2020-05-13
20040,10234,2020-05-24,2020-11-20
20134,10234,2021-01-03,2021-03-21
20154,10234,2021-04-19,2021-08-17
20003,10234,2021-09-02,2022-02-14
20051,10234,2022-03-29,2023-04-19
20006,10234,2023-05-13,2024-04-13
20105,10234,2024-04-29,2024-09-05
20119,10235,2020-06-01,2020-12-02
20068,10235,2020-12-10,2021-08-20
20090,10235,2021-09-20,2022-03-31
20051,10235,2022-05-12,2022-07-21
20133,10236,2016-07-13,2017-08-15
20083,10236,2017-08-25,2018-09-10
20045,10236,2018-10-11,2019-10-06
20179,10236,2019-10-17,2020-03-09
20035,10237,2018-12-04,2019-04-29
20129,10237,2019-05-12,2019-06-25
20041,10238,2019-02-03,2019-06-29
20160,10238,2019-07-19,2020-01-02
20152,10238,2020-02-01,2020-02-03
20005,10238,2020-02-16,2020-03-23
20127,10239,2026-01-17,2026-06-23
20109,10240,2023-09-30,2023-11-24
20139,10240,2023-12-08,2024-01-15
20006,10240,2024-02-14,2024-07-22
20103,10240,2024-08-10,2024-11-27
20146,10240,2024-12-31,2025-01-21
20014,10240,2025-02-27,2025-08-06
20177,10240,2025-09-05,2026-07-01
20121,10241,2016-04-29,2016-11-01
20029,10241,2016-11-15,2017-03-27
20026,10241,2017-04-30,2017-05-23
20133,10241,2017-06-21,2017-12-14
20075,10241,2017-12-24,2018-03-14
20119,10242,2020-05-15,2021-01-29
20012,10242,2021-03-01,2021-10-10
20034,10242,2021-11-05,2022-03-13
20068,10242,2022-03-30,2022-05-24
20094,10242,2022-07-06,2022-08-10
20140,10243,2024-12-04,2025-04-04
20103,10243,2025-04-24,2026-04-17
20103,10243,2026-05-07,2026-07-01
20093,10244,2020-07-08,2020-12-10
20114,10244,2021-01-13,2021-05-14
20164,10244,2021-05-31,2021-08-28
20068,10244,2021-09-06,2022-01-07
20088,10245,2024-12-23,2025-08-24
20165,10245,2025-10-05,2026-02-09
20080,10245,2026-03-13,2026-07-01
20043,10246,2017-07-27,2017-12-10
20004,10246,2018-01-09,2018-04-20
20176,10246,2018-05-30,2018-12-13
20160,10246,2019-01-19,2019-08-27
20025,10246,2019-09-06,2019-10-28
20160,10246,2019-11-23,2020-04-12
20040,10246,2020-05-18,2020-11-20
20134,10246,2020-12-28,2021-03-21
20131,10246,2021-04-13,2021-08-06
20049,10246,2021-08-28,2021-12-27
20003,10246,2022-01-26,2022-02-14
20170,10246,2022-03-13,2022-06-07
20017,10247,2016-04-07,2017-03-23
20075,10247,2017-05-05,2018-02-27
20136,10247,2018-03-28,2018-05-04
20064,10247,2018-05-30,2018-06-07
20107,10247,2018-06-17,2018-11-24
20075,10248,2016-11-04,2017-09-04
20008,10248,2017-09-19,2018-10-02
20176,10248,2018-10-26,2018-12-13
20045,10248,2019-01-12,2019-07-10
20013,10248,2019-08-23,2020-07-14
20089,10248,2020-08-07,2021-03-07
20093,10248,2021-03-21,2021-04-07
20173,10248,2021-04-18,2021-06-04
20160,10248,2021-06-25,2021-11-04
20055,10248,2021-11-13,2022-03-27
20170,10248,2022-04-17,2023-02-25
20162,10248,2023-04-10,2023-08-22
20123,10248,2023-08-27,2024-01-27
20065,10248,2024-02-06,2024-09-20
20018,10248,2024-10-24,2025-06-06
20006,10248,2025-06-29,2025-11-20
20009,10248,2025-12-15,2026-03-01
20080,10248,2026-04-09,2026-07-01
20043,10249,2017-12-01,2017-12-10
20064,10249,2017-12-19,2018-06-07
20083,10249,2018-07-05,2018-09-10
20072,10249,2018-09-21,2018-11-22
20050,10250,2018-06-25,2018-11-16
20079,10250,2018-12-30,2019-01-10
20006,10251,2023-11-16,2024-09-11
20123,10252,2023-11-09,2024-04-27
20065,10252,2024-05-22,2024-08-31
20180,10253,2018-07-06,2018-09-26
20174,10254,2020-03-02,2020-08-04
20061,10254,2020-08-11,2021-02-23
20068,10254,2021-03-13,2021-09-30
20102,10254,2021-11-02,2022-01-31
20003,10254,2022-02-07,2022-02-14
20018,10254,2022-03-09,2022-12-01
20015,10254,2022-12-17,2023-01-03
20170,10254,2023-02-12,2023-02-25
20018,10254,2023-03-18,2023-10-02
20087,10254,2023-10-08,2024-07-13
20103,10254,2024-08-04,2024-09-11
20070,10255,2025-11-05,2026-02-03
20103,10255,2026-03-01,2026-07-01
20040,10256,2020-05-06,2020-11-20
20089,10256,2020-12-20,2021-02-02
20179,10257,2019-01-06,2019-09-18
20014,10258,2023-12-25,2024-09-02
20014,10258,2024-09-19,2025-02-26
20081,10258,2025-03-08,2025-10-18
20148,10258,2025-11-18,2026-01-21
20038,10258,2026-02-23,2026-07-01
20099,10259,2026-06-03,2026-07-01
20083,10260,2015-12-18,2016-08-29
20004,10260,2016-09-22,2017-06-13
20008,10260,2017-07-25,2017-11-10
20179,10260,2017-12-19,2018-12-16
20156,10260,2019-01-24,2019-04-14
20025,10260,2019-05-09,2019-10-28
20011,10260,2019-11-03,2020-02-14
20167,10261,2015-11-13,2016-09-01
20082,10261,2016-10-10,2017-02-01
20096,10261,2017-03-01,2017-07-17
20008,10261,2017-08-04,2018-03-25
20175,10262,2024-10-27,2025-11-06
20095,10262,2025-11-16,2026-05-25
20070,10263,2025-11-25,2026-02-03
20153,10263,2026-02-20,2026-04-21
20099,10263,2026-04-28,2026-07-01
20132,10264,2021-09-10,2022-05-26
20058,10264,2022-07-07,2022-11-26
20044,10264,2022-12-29,2023-04-13
20118,10264,2023-04-28,2023-06-03
20139,10264,2023-07-03,2023-10-24
20123,10264,2023-11-02,2024-03-22
20006,10264,2024-04-15,2024-07-27
20007,10265,2016-04-11,2016-10-14
20017,10265,2016-11-15,2017-05-03
20043,10265,2017-06-09,2017-12-10
20075,10265,2017-12-20,2018-09-21
20180,10265,2018-10-20,2019-06-05
20041,10265,2019-06-16,2019-09-08
20025,10265,2019-10-20,2019-10-28
20174,10265,2019-12-02,2020-03-23
20009,10266,2026-01-10,2026-05-16
20127,10266,2026-06-19,2026-07-01
20176,10267,2017-10-25,2018-06-17
20021,10267,2018-06-29,2018-07-11
20130,10268,2023-08-11,2023-09-06
20123,10268,2023-09-15,2024-04-27
20151,10268,2024-06-09,2025-04-10
20161,10268,2025-04-16,2025-04-18
20088,10268,2025-05-05,2025-08-24
20006,10268,2025-09-17,2025-12-06
20127,10268,2025-12-20,2025-12-28
20065,10269,2024-08-30,2024-10-02
20006,10269,2024-10-17,2025-06-05
20165,10269,2025-06-23,2026-02-09
20009,10269,2026-02-15,2026-05-16
20076,10269,2026-05-24,2026-07-01
20107,10270,2017-09-30,2018-01-20
20004,10271,2015-10-20,2016-06-08
20017,10271,2016-07-02,2017-03-15
20017,10271,2017-04-08,2017-05-03
20078,10271,2017-05-14,2017-07-10
20108,10271,2017-08-08,2017-08-30
20022,10272,2016-08-22,2016-10-14
20084,10272,2016-11-02,2017-02-22
20004,10272,2017-03-28,2017-07-14
20179,10273,2019-04-27,2019-08-20
20160,10273,2019-10-03,2020-03-25
20039,10274,2026-02-08,2026-07-01
20091,10275,2023-09-27,2024-02-25
20014,10275,2024-03-07,2025-04-03
20103,10275,2025-05-10,2025-07-28
20170,10276,2023-01-16,2023-02-25
20115,10276,2023-03-29,2023-07-25
20063,10276,2023-08-26,2024-01-27
20013,10277,2020-02-22,2020-07-14
20068,10277,2020-08-01,2020-08-14
20014,10278,2025-01-27,2025-06-13
20018,10278,2025-07-23,2025-10-20
20177,10278,2025-11-25,2026-07-01
20167,10279,2016-03-02,2016-09-01
20078,10279,2016-09-16,2017-05-21
20084,10280,2016-06-29,2017-02-11
20142,10281,2020-03-26,2020-10-28
20068,10281,2020-11-27,2021-04-28
20131,10281,2021-06-01,2022-02-22
20170,10281,2022-04-02,2022-08-12
20035,10282,2018-11-21,2019-01-07
20093,10283,2020-08-09,2021-02-11
20164,10283,2021-03-21,2021-08-28
20122,10283,2021-09-19,2021-11-15
20012,10283,2021-11-24,2021-12-21
20130,10283,2021-12-31,2022-09-25
20130,10283,2022-10-16,2023-09-06
20091,10283,2023-10-02,2024-02-25
20105,10283,2024-03-19,2024-12-12
20151,10283,2025-01-14,2025-04-10
20116,10283,2025-04-26,2025-06-06
20177,10283,2025-07-06,2026-04-04
20095,10283,2026-04-23,2026-05-25
20080,10283,2026-06-23,2026-07-01
20003,10284,2021-09-18,2021-12-12
20177,10285,2025-08-05,2026-06-28
20126,10286,2021-01-29,2021-06-25
20004,10287,2016-07-08,2017-05-25
20103,10288,2024-08-05,2025-03-24
20141,10289,2022-10-04,2023-05-08
20132,10289,2023-05-15,2023-06-15
20067,10290,2025-11-01,2026-05-16
20111,10290,2026-06-16,2026-07-01
20179,10291,2018-10-15,2019-06-06
20045,10291,2019-06-16,2019-11-19
20149,10291,2019-12-14,2020-05-30
20011,10291,2020-06-25,2021-02-02
20011,10291,2021-03-01,2021-03-27
20122,10291,2021-04-13,2021-11-15
20126,10291,2021-11-29,2022-07-02
20055,10291,2022-07-20,2022-09-21
20058,10291,2022-10-15,2022-11-15
20114,10292,2020-09-30,2021-05-14
20160,10292,2021-05-24,2021-08-29
20160,10292,2021-09-15,2021-11-04
20027,10292,2021-11-16,2021-12-14
20094,10292,2022-01-20,2022-07-26
20141,10292,2022-08-31,2023-01-10
20141,10293,2022-11-02,2023-05-08
20031,10293,2023-06-17,2024-01-13
20010,10293,2024-02-17,2024-09-19
20006,10293,2024-10-01,2024-12-31
20067,10294,2025-04-25,2025-09-12
20036,10294,2025-10-09,2026-01-23
20095,10294,2026-02-13,2026-05-25
20038,10294,2026-06-25,2026-07-01
20122,10295,2021-08-31,2021-11-15
20102,10295,2021-11-26,2022-01-31
20068,10295,2022-02-18,2022-05-24
20094,10295,2022-06-13,2022-08-10
20018,10295,2022-09-08,2023-05-03
20130,10295,2023-05-14,2023-09-06
20146,10295,2023-09-13,2024-06-24
20146,10295,2024-07-21,2024-09-27
20141,10296,2023-02-09,2023-05-08
20123,10296,2023-06-19,2023-12-24
20139,10296,2024-01-11,2024-01-15
20105,10296,2024-01-31,2024-07-29
20010,10296,2024-08-13,2025-08-01
20070,10296,2025-08-25,2025-12-22
20120,10296,2026-01-03,2026-02-07
20112,10296,2026-03-13,2026-07-01
20143,10297,2015-07-24,2015-09-14
20179,10298,2020-11-05,2020-12-13
20068,10298,2021-01-13,2021-06-20
20049,10298,2021-07-13,2021-09-17
20003,10298,2021-10-02,2022-02-14
20055,10298,2022-03-22,2022-06-17
20087,10299,2024-05-05,2024-07-13
20103,10299,2024-08-06,2025-01-14
20100,10299,2025-01-27,2025-07-08
20046,10299,2025-07-23,2026-01-18
20101,10299,2026-01-30,2026-07-01
20160,10300,2019-05-08,2019-11-03
20006,10301,2024-01-09,2024-10-05
20100,10301,2024-10-12,2025-07-08
20070,10301,2025-08-15,2026-02-03
20177,10301,2026-03-16,2026-06-13
20138,10302,2021-01-07,2021-03-26
20092,10303,2015-08-04,2015-11-30
20054,10304,2021-04-17,2021-07-30
20023,10305,2020-12-28,2021-01-31
20061,10305,2021-02-06,2021-02-23
20060,10305,2021-03-06,2021-11-14
20006,10306,2025-08-14,2025-12-06
20059,10306,2025-12-20,2026-05-17
20127,10306,2026-06-21,2026-07-01
20069,10307,2015-08-12,2015-09-13
20128,10307,2015-10-01,2016-09-02
20042,10307,2016-09-11,2017-01-06
20083,10307,2017-02-19,2017-06-27
20176,10307,2017-07-28,2018-01-27
20107,10307,2018-03-04,2018-11-26
20072,10307,2019-01-01,2019-01-28
20025,10307,2019-02-14,2019-03-06
20014,10308,2024-12-11,2025-08-03
20165,10309,2025-11-01,2026-02-09
20103,10309,2026-03-15,2026-07-01
20064,10310,2017-12-05,2018-06-07
20108,10310,2018-06-23,2018-07-21
20176,10310,2018-08-14,2018-09-05
20011,10311,2020-10-04,2021-02-23
20069,10312,2015-06-14,2015-09-13
20143,10312,2015-10-06,2016-05-25
20042,10312,2016-06-10,2016-08-05
20007,10312,2016-08-27,2016-10-14
20084,10312,2016-11-17,2017-02-22
20026,10312,2017-03-28,2017-05-01
20130,10313,2022-06-27,2023-09-06
20091,10313,2023-09-28,2024-02-25
20018,10313,2024-03-18,2024-04-15
20146,10314,2023-11-10,2024-06-28
20103,10314,2024-07-10,2024-09-06
20021,10315,2018-05-24,2018-07-12
20008,10315,2018-07-27,2018-10-02
20180,10315,2018-10-27,2019-06-24
20045,10315,2019-08-04,2019-12-09
20005,10315,2020-01-20,2020-09-17
20089,10315,2020-10-13,2021-03-07
20068,10315,2021-04-19,2021-10-30
20130,10315,2021-11-20,2022-04-06
20126,10315,2022-04-30,2022-09-21
20018,10315,2022-10-06,2023-08-13
20031,10315,2023-09-23,2024-01-04
20115,10316,2023-04-20,2023-07-25
20130,10316,2023-08-18,2023-09-06
20139,10316,2023-10-13,2024-01-15
20103,10316,2024-02-09,2024-12-13
20010,10317,2023-08-04,2024-03-23
20087,10317,2024-04-15,2024-07-12
20151,10317,2024-08-19,2025-04-10
20036,10317,2025-05-17,2025-09-06
20165,10317,2025-09-20,2026-02-09
20095,10317,2026-03-24,2026-05-25
20037,10317,2026-06-13,2026-07-01
20021,10318,2018-05-21,2018-07-12
20008,10318,2018-08-09,2018-09-20
20058,10320,2022-05-05,2022-09-27
20146,10320,2022-11-07,2023-03-21
20162,10320,2023-04-22,2023-08-22
20087,10320,2023-09-05,2024-07-13
20103,10320,2024-08-14,2024-08-31
20107,10321,2018-07-28,2019-02-18
20156,10321,2019-03-04,2019-04-14
20179,10321,2019-05-11,2019-11-27
20160,10322,2019-02-13,2020-04-26
20040,10322,2020-06-01,2020-11-20
20061,10322,2020-12-27,2021-02-23
20164,10322,2021-03-20,2021-08-28
20074,10322,2021-09-23,2022-04-11
20170,10322,2022-05-02,2022-10-05
20015,10322,2022-10-16,2023-01-03
20044,10322,2023-01-26,2023-05-03
20006,10322,2023-06-09,2024-10-11
20014,10322,2024-11-11,2025-07-08
20053,10323,2022-02-25,2022-11-30
20010,10323,2022-12-21,2023-07-08
20006,10323,2023-07-23,2024-12-21
20146,10323,2025-01-12,2025-01-21
20033,10323,2025-02-20,2025-07-09
20070,10323,2025-08-16,2025-12-14
20158,10323,2026-01-09,2026-06-24
20123,10324,2023-11-10,2024-04-17
20014,10324,2024-05-06,2024-11-28
20175,10324,2025-01-11,2025-06-27
20170,10325,2022-01-07,2022-12-16
20130,10325,2023-01-21,2023-09-06
20109,10325,2023-10-19,2023-11-24
20063,10325,2023-12-02,2024-04-14
20146,10325,2024-05-14,2024-12-18
20033,10325,2025-01-01,2025-03-26
20101,10325,2025-04-23,2026-06-27
20106,10326,2015-12-19,2016-01-02
20167,10326,2016-01-29,2016-03-22
20007,10326,2016-04-08,2016-10-14
20008,10326,2016-11-20,2017-06-28
20004,10326,2017-07-21,2017-10-02
20172,10326,2017-11-15,2018-03-12
20050,10326,2018-04-17,2018-07-08
20156,10326,2018-08-04,2019-04-14
20013,10326,2019-05-26,2019-12-10
20149,10326,2020-01-07,2020-04-07
20077,10326,2020-05-11,2020-06-09
20020,10327,2021-08-06,2022-06-18
20170,10327,2022-06-25,2022-12-15
20170,10327,2023-01-13,2023-02-25
20130,10327,2023-03-23,2023-09-06
20139,10327,2023-10-08,2024-01-15
20004,10328,2018-02-18,2018-04-25
20079,10328,2018-06-07,2019-01-10
20160,10328,2019-01-19,2019-06-22
20160,10328,2019-07-15,2019-08-17
20174,10329,2019-07-29,2020-02-02
20163,10329,2020-02-21,2020-06-29
20174,10329,2020-07-05,2020-08-04
20093,10329,2020-08-14,2021-01-29
20114,10329,2021-02-19,2021-05-14
20164,10329,2021-06-13,2021-08-28
20126,10329,2021-09-11,2022-04-06
20124,10329,2022-04-26,2023-01-01
20109,10329,2023-01-17,2023-07-31
20063,10329,2023-08-21,2023-09-14
20090,10330,2022-02-04,2022-04-24
20130,10330,2022-05-28,2022-11-30
20099,10331,2026-05-11,2026-07-01
20014,10332,2023-10-04,2023-11-17
20100,10333,2025-02-26,2025-07-08
20036,10333,2025-07-18,2026-03-09
20126,10334,2022-09-19,2022-09-21
20130,10334,2022-10-30,2023-09-06
20104,10334,2023-09-28,2024-03-08
20044,10335,2023-02-07,2023-04-06
20143,10336,2016-01-01,2016-10-10
20128,10336,2016-10-17,2017-04-17
20017,10336,2017-04-27,2017-04-29
20035,10337,2018-12-17,2019-04-29
20005,10337,2019-05-30,2019-12-25
20040,10337,2020-01-03,2020-10-23
20126,10338,2021-10-28,2022-05-28
20146,10339,2024-06-24,2024-11-18
20033,10339,2024-11-24,2025-05-05
20014,10339,2025-06-04,2025-08-06
20046,10339,2025-09-08,2026-03-26
20177,10339,2026-05-08,2026-07-01
20152,10340,2019-11-19,2020-02-03
20174,10340,2020-03-04,2020-05-07
20041,10341,2018-11-15,2019-05-12
20108,10342,2018-06-21,2018-07-21
20107,10342,2018-08-17,2019-04-01
20145,10342,2019-05-11,2019-07-08
20011,10342,2019-07-19,2020-02-20
20017,10343,2017-01-09,2017-05-03
20118,10344,2022-07-22,2022-12-19
20124,10344,2023-01-21,2023-03-17
20055,10345,2021-12-03,2022-05-18
20055,10345,2022-05-26,2022-09-21
20053,10345,2022-10-11,2022-11-30
20124,10345,2022-12-10,2023-03-19
20141,10345,2023-04-18,2023-05-08
20118,10345,2023-06-01,2023-06-03
20010,10345,2023-06-24,2024-04-14
20100,10346,2024-02-18,2024-11-14
20100,10346,2024-12-23,2025-07-08
20006,10346,2025-08-01,2025-12-06
20112,10346,2026-01-10,2026-07-01
20112,10347,2025-10-09,2025-12-31
20157,10347,2026-02-02,2026-07-01
20081,10348,2025-10-13,2025-10-18
20006,10348,2025-11-29,2025-12-06
20019,10348,2025-12-15,2026-03-08
20069,10349,2015-06-06,2015-09-13
20017,10349,2015-09-23,2016-02-02
20006,10350,2025-10-27,2025-12-06
20009,10350,2025-12-16,2026-05-14
20059,10350,2026-06-24,2026-07-01
20021,10351,2018-02-04,2018-07-12
20179,10351,2018-08-09,2019-01-31
20179,10351,2019-02-25,2019-12-19
20160,10351,2020-01-15,2020-04-30
20174,10351,2020-05-28,2020-08-04
20005,10351,2020-08-28,2020-09-17
20173,10351,2020-10-19,2020-10-20
20127,10352,2025-11-14,2026-07-01
20092,10353,2016-01-05,2016-03-01
20057,10353,2016-03-20,2016-06-17
20007,10353,2016-07-23,2016-10-14
20066,10353,2016-11-21,2017-05-01
20096,10353,2017-05-09,2017-07-17
20108,10353,2017-08-26,2018-07-21
20045,10353,2018-07-28,2019-08-05
20011,10353,2019-09-15,2020-05-13
20061,10353,2020-06-16,2021-02-06
20132,10353,2021-03-16,2022-08-13
20132,10353,2022-09-09,2023-06-01
20142,10354,2020-01-07,2020-10-28
20089,10354,2020-11-16,2021-03-07
20003,10354,2021-04-06,2022-01-02
20003,10354,2022-02-12,2022-02-14
20132,10354,2022-02-19,2023-07-11
20132,10354,2023-07-18,2023-09-23
20104,10354,2023-10-30,2024-03-29
20006,10354,2024-05-05,2025-06-14
20070,10354,2025-07-10,2026-02-03
20157,10354,2026-02-17,2026-07-01
20011,10355,2020-03-15,2020-12-06
20131,10355,2020-12-11,2021-08-06
20160,10355,2021-09-16,2021-11-04
20068,10355,2021-11-27,2022-05-14
20131,10355,2022-05-29,2022-06-16
20146,10355,2022-07-22,2022-09-06
20040,10356,2019-12-09,2020-11-20
20023,10356,2020-12-01,2021-01-31
20134,10356,2021-03-16,2021-03-21
20159,10356,2021-04-13,2021-04-25
20038,10357,2026-03-27,2026-07-01
20128,10358,2016-08-04,2017-02-04
20098,10358,2017-03-02,2017-07-19
20004,10358,2017-09-01,2018-04-25
20179,10358,2018-05-08,2019-01-17
20092,10359,2015-06-13,2016-03-01
20137,10359,2016-03-23,2016-12-04
20172,10359,2016-12-09,2017-03-31
20032,10359,2017-04-12,2017-07-05
20146,10360,2024-03-01,2024-10-19
20014,10360,2024-11-25,2024-12-16
20136,10361,2018-02-01,2018-05-04
20176,10361,2018-05-13,2018-10-01
20018,10362,2024-11-18,2025-05-04
20010,10362,2025-06-03,2025-12-11
20097,10362,2026-01-13,2026-01-17
20030,10363,2015-03-12,2015-10-25
20144,10363,2015-12-03,2015-12-31
20084,10363,2016-01-30,2017-01-16
20004,10363,2017-01-31,2017-10-14
20133,10363,2017-11-27,2018-03-03
20075,10363,2018-04-02,2018-09-09
20179,10363,2018-10-05,2019-09-16
20040,10363,2019-10-04,2020-02-10
20014,10364,2025-05-06,2025-08-06
20081,10364,2025-08-26,2025-10-18
20010,10364,2025-11-01,2025-12-11
20073,10364,2026-01-15,2026-06-05
20059,10364,2026-06-18,2026-07-01
20174,10365,2020-06-04,2020-08-04
20061,10365,2020-08-17,2021-02-23
20132,10365,2021-04-06,2021-08-26
20132,10366,2023-07-23,2023-09-23
20006,10366,2023-10-20,2024-06-08
20014,10366,2024-07-16,2025-02-09
20065,10367,2024-05-18,2024-10-02
20088,10367,2024-10-27,2025-08-12
20046,10367,2025-09-16,2026-01-02
20158,10367,2026-01-18,2026-06-30
20037,10368,2026-04-12,2026-07-01
20061,10369,2020-12-14,2021-02-23
20114,10369,2021-03-27,2021-05-14
20132,10369,2021-06-03,2021-08-03
20015,10370,2022-08-13,2023-01-03
20141,10370,2023-01-16,2023-04-10
20087,10371,2023-11-14,2024-07-13
20033,10371,2024-08-18,2024-11-24
20073,10372,2026-03-04,2026-07-01
20160,10373,2019-12-27,2020-10-10
20023,10373,2020-11-04,2021-01-31
20164,10373,2021-03-12,2021-08-28
20094,10373,2021-09-08,2022-08-10
20018,10373,2022-08-28,2023-08-03
20105,10373,2023-08-12,2024-06-28
20105,10373,2024-07-17,2024-12-12
20165,10373,2025-01-01,2025-08-05
20006,10373,2025-09-13,2025-12-06
20097,10373,2026-01-11,2026-07-01
20077,10374,2021-05-29,2021-07-09
20054,10374,2021-07-28,2021-10-18
20159,10374,2021-11-22,2021-12-28
20130,10374,2022-01-02,2022-01-25
20071,10375,2017-06-24,2017-07-17
20133,10375,2017-08-16,2017-12-24
20064,10375,2018-01-28,2018-04-12
20050,10375,2018-05-03,2018-11-16
20180,10375,2018-12-03,2019-04-11
20160,10375,2019-04-16,2019-05-17
20088,10376,2025-01-01,2025-03-25
20175,10376,2025-05-06,2025-11-06
20148,10376,2025-11-27,2026-01-21
20036,10376,2026-02-21,2026-03-09
20076,10376,2026-03-26,2026-07-01
20018,10377,2023-02-06,2024-01-18
20103,10377,2024-02-01,2025-05-20
20014,10377,2025-06-27,2025-08-06
20036,10377,2025-09-04,2026-03-01
20160,10378,2019-11-18,2020-01-06
20163,10378,2020-02-05,2020-06-01
20119,10378,2020-06-14,2020-12-29
20122,10378,2021-01-22,2021-07-12
20054,10378,2021-07-18,2021-10-18
20074,10378,2021-11-27,2022-06-11
20170,10378,2022-07-19,2022-12-11
20094,10379,2022-05-25,2022-08-10
20018,10379,2022-08-17,2023-03-12
20070,10380,2025-12-02,2026-02-03
20153,10380,2026-03-05,2026-04-21
20112,10380,2026-05-07,2026-07-01
20108,10381,2018-03-07,2018-07-21
20180,10381,2018-08-10,2019-06-24
20152,10381,2019-07-24,2020-02-03
20174,10381,2020-03-02,2020-07-28
20068,10381,2020-08-16,2021-05-21
20074,10381,2021-06-20,2022-01-20
20003,10381,2022-02-13,2022-02-14
20124,10381,2022-03-09,2022-06-12
20146,10381,2022-07-02,2022-12-01
20010,10381,2022-12-12,2024-01-18
20123,10381,2024-02-28,2024-04-27
20065,10381,2024-06-01,2024-07-31
20130,10382,2023-03-04,2023-09-06
20063,10382,2023-10-10,2024-04-14
20169,10382,2024-05-11,2024-11-25
20033,10382,2025-01-07,2025-06-15
20180,10383,2019-03-30,2019-06-22
20066,10384,2017-04-06,2017-05-01
20008,10384,2017-05-25,2018-10-02
20160,10384,2018-11-05,2019-06-01
20011,10384,2019-06-06,2021-02-09
20173,10384,2021-03-18,2021-06-04
20126,10384,2021-06-29,2022-01-03
20170,10384,2022-01-13,2022-06-06
20053,10384,2022-07-01,2022-11-26
20170,10384,2022-12-18,2023-02-25
20141,10384,2023-04-09,2023-05-08
20123,10384,2023-06-07,2023-12-19
20091,10384,2024-02-01,2024-02-25
20146,10384,2024-03-29,2025-01-21
20103,10384,2025-02-11,2025-08-26
20120,10384,2025-09-05,2026-02-07
20117,10384,2026-03-02,2026-07-01
20143,10385,2015-11-27,2016-07-06
20078,10385,2016-08-05,2017-03-26
20133,10385,2017-05-07,2018-01-01
20004,10385,2018-01-08,2018-04-25
20030,10386,2015-06-29,2015-10-25
20084,10386,2015-11-22,2016-06-05
20022,10386,2016-06-25,2016-10-14
20078,10386,2016-11-13,2017-07-10
20075,10386,2017-07-25,2017-11-09
20064,10386,2017-12-20,2018-06-07
20180,10386,2018-07-04,2019-05-17
20160,10386,2019-06-08,2020-03-22
20178,10386,2020-04-07,2020-08-19
20114,10386,2020-08-24,2020-10-28
20054,10386,2020-11-30,2021-01-15
20013,10387,2020-05-25,2020-07-14
20023,10387,2020-08-17,2021-01-08
20068,10387,2021-02-08,2022-03-01
20068,10387,2022-03-06,2022-05-24
20010,10387,2022-06-13,2022-12-10
20124,10387,2023-01-13,2023-01-18
20174,10388,2020-02-10,2020-08-04
20142,10388,2020-08-22,2020-10-28
20179,10388,2020-11-06,2020-12-13
20138,10388,2020-12-24,2021-03-25
20020,10388,2021-05-05,2022-02-12
20132,10388,2022-02-22,2022-10-22
20044,10388,2022-11-16,2023-05-03
20091,10388,2023-05-20,2024-02-14
20123,10388,2024-02-25,2024-04-27
20105,10388,2024-05-23,2024-11-19
20100,10388,2024-12-27,2025-07-08
20101,10388,2025-08-13,2026-07-01
20063,10389,2023-09-24,2024-04-14
20151,10389,2024-04-24,2024-12-24
20140,10389,2025-01-10,2025-04-04
20100,10389,2025-05-02,2025-06-11
20142,10390,2020-03-14,2020-04-06
20018,10391,2023-03-09,2024-02-03
20123,10391,2024-03-06,2024-04-25
20118,10392,2022-11-07,2023-06-03
20091,10392,2023-07-10,2024-02-25
20103,10392,2024-03-05,2025-02-20
20014,10392,2025-03-30,2025-08-06
20175,10392,2025-08-22,2025-09-03
20128,10393,2017-05-19,2018-02-19
20180,10393,2018-03-09,2018-06-19
20030,10394,2015-01-17,2015-10-12
20004,10394,2015-11-16,2016-07-10
20029,10394,2016-07-31,2017-01-17
20172,10394,2017-02-10,2017-10-08
20159,10395,2021-03-07,2021-08-02
20107,10396,2018-07-06,2019-04-01
20145,10396,2019-04-18,2019-07-08
20005,10396,2019-07-16,2019-11-13
20005,10396,2019-11-20,2020-09-17
20179,10396,2020-10-30,2020-12-13
20138,10396,2021-01-09,2021-08-03
20122,10396,2021-09-02,2021-11-15
20020,10396,2021-12-16,2022-05-12
20115,10396,2022-05-27,2023-02-06
20124,10396,2023-02-23,2023-03-19
20130,10396,2023-03-31,2023-09-06
20123,10396,2023-10-14,2024-04-27
20146,10396,2024-06-02,2024-09-15
20087,10397,2024-02-05,2024-07-13
20146,10397,2024-08-07,2025-01-21
20100,10397,2025-02-12,2025-07-08
20018,10397,2025-08-15,2025-10-20
20067,10397,2025-11-11,2026-07-01
20063,10398,2024-02-11,2024-04-14
20123,10398,2024-04-24,2024-04-27
20006,10398,2024-05-24,2025-01-25
20088,10398,2025-02-27,2025-08-24
20148,10398,2025-09-19,2025-10-29
20174,10399,2019-08-16,2020-08-04
20023,10399,2020-09-12,2021-01-31
20126,10399,2021-02-14,2021-11-25
20168,10400,2025-06-29,2025-10-14
20101,10400,2025-11-16,2025-12-13
20045,10401,2019-01-22,2019-12-03
20093,10401,2020-01-03,2020-09-07
20093,10401,2020-10-17,2020-12-16
20064,10402,2018-05-01,2018-06-07
20108,10402,2018-07-15,2018-07-21
20008,10402,2018-08-20,2018-10-02
20079,10402,2018-10-16,2018-12-29
20105,10403,2024-03-24,2024-08-28
20105,10403,2024-09-10,2024-12-12
20166,10403,2025-01-14,2025-04-10
20088,10403,2025-05-12,2025-08-24
20010,10403,2025-09-23,2025-12-11
20095,10403,2026-01-09,2026-05-25
20052,10404,2015-05-17,2015-08-19
20106,10404,2015-09-03,2016-01-02
20128,10404,2016-01-25,2016-08-18
20133,10404,2016-08-23,2017-04-23
20032,10404,2017-05-12,2017-07-13
20075,10404,2017-08-21,2018-03-23
20021,10404,2018-04-17,2018-07-12
20180,10404,2018-08-08,2019-04-04
20178,10405,2020-02-10,2020-03-23
20128,10406,2015-10-03,2016-03-27
20137,10406,2016-05-06,2016-07-02
20093,10407,2020-02-12,2021-02-24
20122,10407,2021-04-06,2021-07-05
20013,10408,2019-04-15,2020-07-14
20134,10408,2020-08-01,2021-03-21
20122,10408,2021-05-03,2021-11-15
20074,10408,2021-12-25,2022-02-10
20015,10409,2022-11-11,2023-01-03
20010,10409,2023-02-07,2024-01-27
20006,10409,2024-02-03,2024-06-18
20018,10409,2024-07-08,2024-11-28
20107,10410,2018-05-19,2019-01-23
20045,10410,2019-02-23,2019-10-15
20045,10410,2019-11-25,2019-12-09
20011,10410,2020-01-10,2021-02-09
20126,10410,2021-02-24,2021-08-22
20132,10410,2021-08-31,2022-07-30
20124,10410,2022-09-04,2023-03-19
20115,10410,2023-03-31,2023-07-25
20091,10410,2023-08-15,2023-12-31
20105,10411,2023-08-28,2024-11-09
20033,10411,2024-11-23,2025-01-17
20121,10412,2016-01-18,2016-10-20
20172,10412,2016-11-30,2018-03-12
20004,10412,2018-04-10,2018-04-25
20107,10412,2018-05-30,2018-10-03
20029,10413,2017-01-18,2017-04-11
20026,10413,2017-05-22,2017-05-23
20004,10413,2017-06-01,2018-01-15
20083,10413,2018-02-10,2018-09-10
20128,10414,2017-12-05,2018-02-19
20176,10414,2018-04-04,2018-12-13
20156,10414,2019-01-23,2019-04-14
20179,10414,2019-05-15,2019-10-29
20179,10414,2019-11-11,2020-02-25
20040,10414,2020-03-08,2020-11-10
20093,10414,2020-12-16,2021-04-07
20060,10414,2021-05-07,2021-12-18
20131,10414,2021-12-29,2022-06-16
20018,10414,2022-07-29,2022-10-01
20133,10415,2018-01-11,2018-03-03
20004,10415,2018-03-21,2018-04-25
20108,10415,2018-06-02,2018-07-21
20079,10415,2018-08-16,2019-01-10
20072,10415,2019-01-26,2019-01-28
20045,10415,2019-03-02,2019-10-09
20011,10415,2019-10-30,2020-07-26
20119,10415,2020-08-14,2020-12-15
20060,10415,2020-12-30,2021-12-11
20081,10416,2024-12-26,2025-08-04
20036,10416,2025-08-21,2025-12-15
20125,10416,2026-01-17,2026-01-22
20024,10416,2026-02-24,2026-07-01
20092,10417,2015-09-06,2016-03-01
20022,10417,2016-03-25,2016-05-31
20123,10418,2023-05-26,2023-10-18
20146,10418,2023-10-29,2024-06-21
20165,10418,2024-07-06,2025-01-24
20103,10418,2025-02-07,2025-10-02
20081,10418,2025-10-12,2025-10-18
20006,10418,2025-11-13,2025-12-06
20120,10418,2025-12-19,2026-02-07
20028,10418,2026-02-28,2026-07-01
20083,10419,2015-04-08,2015-07-20
20135,10419,2015-08-11,2016-01-03
20087,10420,2024-01-03,2024-07-13
20165,10420,2024-08-22,2025-01-18
20123,10421,2023-10-23,2023-12-12
20118,10422,2022-12-22,2023-06-03
20130,10422,2023-06-18,2023-09-06
20006,10422,2023-10-14,2024-05-15
20065,10422,2024-05-30,2024-10-02
20033,10422,2024-10-10,2025-07-09
20148,10422,2025-07-23,2025-12-31
20080,10422,2026-01-14,2026-04-13
20129,10423,2018-08-25,2019-04-06
20008,10424,2017-10-27,2018-07-07
20008,10424,2018-08-18,2018-10-02
20079,10424,2018-10-29,2019-01-10
20072,10424,2019-01-17,2019-01-28
20145,10424,2019-03-07,2019-06-18
20081,10425,2025-09-08,2025-10-18
20165,10425,2025-11-04,2026-02-09
20103,10425,2026-03-14,2026-07-01
20071,10426,2016-11-19,2017-05-07
20075,10426,2017-06-01,2017-09-19
20137,10427,2016-07-20,2016-12-04
20179,10427,2016-12-10,2017-03-14
20032,10427,2017-03-24,2017-07-13
20008,10427,2017-08-15,2018-10-02
20072,10427,2018-10-13,2019-01-28
20156,10427,2019-03-01,2019-04-14
20045,10427,2019-04-30,2019-12-09
20142,10427,2020-01-17,2020-10-28
20023,10427,2020-12-02,2021-01-31
20003,10427,2021-03-14,2021-07-29
20122,10427,2021-09-01,2021-11-15
20090,10427,2021-12-13,2022-04-24
20010,10427,2022-05-07,2023-02-25
20031,10427,2023-03-18,2024-01-13
20105,10427,2024-02-09,2024-07-11
20103,10427,2024-07-18,2024-11-08
20033,10427,2024-12-04,2025-04-11
20074,10428,2021-07-08,2021-11-22
20130,10428,2021-12-10,2022-03-20
20179,10429,2019-07-16,2019-11-04
20093,10429,2019-12-17,2020-08-19
20160,10429,2020-09-16,2021-11-04
20094,10429,2021-12-18,2022-03-11
20058,10429,2022-04-17,2022-12-02
20130,10429,2022-12-30,2023-07-07
20006,10429,2023-07-12,2024-02-26
20105,10429,2024-04-07,2024-10-30
20105,10429,2024-12-05,2024-12-12
20088,10429,2024-12-26,2025-05-10
20165,10429,2025-06-11,2026-02-09
20080,10429,2026-03-16,2026-07-01
20057,10430,2016-04-01,2016-06-17
20078,10430,2016-07-16,2016-11-12
20097,10431,2025-12-21,2026-03-02
20018,10432,2023-03-03,2024-05-03
20105,10432,2024-05-26,2024-12-11
20088,10432,2024-12-25,2025-08-24
20067,10432,2025-09-06,2025-12-26
20011,10433,2021-02-27,2021-03-27
20138,10433,2021-05-05,2022-01-04
20034,10433,2022-01-12,2022-03-13
20020,10433,2022-04-13,2022-06-18
20015,10433,2022-07-11,2023-01-03
20130,10433,2023-01-22,2023-09-06
20105,10433,2023-09-29,2024-12-12
20100,10433,2025-01-08,2025-07-08
20101,10433,2025-07-18,2026-04-10
20001,10434,2015-07-26,2015-11-24
20083,10434,2015-11-29,2016-11-18
20004,10434,2016-12-10,2017-02-14
20042,10435,2016-08-28,2017-01-06
20083,10435,2017-02-11,2017-08-07
20008,10435,2017-08-14,2018-05-06
20176,10435,2018-05-20,2018-12-13
20156,10435,2019-01-03,2019-04-14
20025,10435,2019-04-25,2019-10-28
20005,10435,2019-11-09,2020-05-05
20093,10435,2020-06-14,2020-09-13
20135,10436,2016-05-10,2016-09-07
20171,10436,2016-09-14,2016-11-28
20075,10436,2016-12-05,2016-12-31
20008,10437,2017-10-01,2018-04-20
20008,10437,2018-05-07,2018-10-02
20176,10437,2018-11-07,2018-12-13
20180,10437,2019-01-13,2019-06-24
20179,10437,2019-08-02,2020-01-28
20142,10437,2020-02-23,2020-06-30
20005,10437,2020-08-13,2020-09-17
20011,10437,2020-10-28,2021-03-27
20122,10437,2021-04-16,2021-09-11
20090,10438,2021-09-29,2022-04-24
20018,10438,2022-05-09,2023-10-19
20006,10438,2023-11-21,2024-04-03
20006,10438,2024-05-11,2024-07-30
20123,10439,2024-03-15,2024-04-27
20006,10439,2024-05-24,2024-12-10
20006,10439,2025-01-04,2025-09-18
20125,10439,2025-10-12,2026-01-22
20097,10439,2026-02-19,2026-07-01
20156,10440,2017-10-09,2018-05-04
20064,10440,2018-05-27,2018-06-07
20123,10441,2024-03-28,2024-04-27
20087,10441,2024-05-19,2024-07-13
20151,10441,2024-07-27,2025-04-10
20175,10441,2025-04-25,2025-05-15
20046,10442,2025-10-28,2026-03-26
20056,10442,2026-05-09,2026-07-01
20106,10443,2015-09-25,2016-01-02
20137,10443,2016-01-26,2016-07-30
20078,10443,2016-08-14,2017-07-10
20179,10443,2017-07-26,2017-12-11
20128,10443,2017-12-18,2018-02-19
20136,10443,2018-03-08,2018-05-04
20079,10443,2018-06-13,2018-12-11
20145,10443,2019-01-24,2019-07-08
20025,10443,2019-07-15,2019-10-28
20160,10443,2019-11-08,2020-03-02
20093,10443,2020-03-31,2021-01-22
20011,10443,2021-02-24,2021-03-27
20159,10443,2021-04-07,2021-11-07
20102,10443,2021-12-06,2022-01-31
20055,10443,2022-03-16,2022-07-31
20126,10443,2022-08-18,2022-09-21
20141,10443,2022-10-24,2023-05-08
20006,10443,2023-06-04,2023-12-29
20105,10443,2024-01-20,2024-12-08
20175,10443,2025-01-05,2025-11-06
20036,10443,2025-12-08,2026-03-09
20048,10443,2026-03-21,2026-07-01
20063,10444,2023-09-02,2023-12-05
20123,10444,2023-12-11,2024-04-27
20014,10444,2024-05-11,2025-01-20
20166,10444,2025-01-31,2025-04-10
20067,10444,2025-04-16,2025-08-16
20067,10444,2025-09-09,2026-01-14
20163,10445,2019-12-11,2020-06-29
20179,10445,2020-08-11,2020-12-13
20011,10445,2021-01-01,2021-03-27
20126,10445,2021-04-14,2021-10-16
20068,10445,2021-10-24,2022-05-24
20055,10445,2022-05-30,2022-09-21
20124,10445,2022-09-26,2023-03-19
20018,10445,2023-04-19,2023-09-21
20146,10446,2023-04-18,2024-05-13
20105,10446,2024-06-02,2024-07-17
20064,10447,2017-11-29,2018-05-17
20133,10448,2016-06-15,2017-03-19
20032,10448,2017-04-09,2017-07-13
20176,10448,2017-08-04,2018-03-13
20050,10448,2018-03-18,2018-10-28
20092,10449,2015-10-20,2016-03-01
20167,10449,2016-03-24,2016-09-01
20066,10449,2016-09-23,2017-03-26
20179,10449,2017-04-21,2018-06-01
20180,10449,2018-07-05,2018-08-15
20008,10449,2018-09-27,2018-10-02
20035,10449,2018-11-08,2019-04-29
20011,10449,2019-06-12,2019-10-05
20011,10449,2019-11-17,2020-01-03
20067,10450,2025-06-18,2026-06-17
20010,10451,2022-05-20,2022-12-15
20170,10451,2023-01-25,2023-01-31
20129,10452,2019-09-16,2019-12-17
20013,10452,2020-01-06,2020-07-14
20179,10453,2019-10-14,2020-03-30
20077,10453,2020-05-06,2021-06-05
20131,10453,2021-07-07,2021-07-26
20149,10454,2019-10-17,2020-06-19
20119,10454,2020-07-06,2020-11-10
20017,10455,2016-01-19,2016-07-05
20137,10455,2016-08-13,2016-12-04
20128,10455,2016-12-23,2017-04-27
20043,10455,2017-05-10,2017-10-23
20064,10455,2017-11-01,2017-11-12
20065,10456,2024-05-27,2024-10-02
20010,10456,2024-10-30,2025-06-15
20105,10457,2024-11-08,2024-12-12
20175,10457,2025-01-11,2025-03-22
20168,10457,2025-04-29,2025-09-17
20148,10457,2025-10-05,2026-01-21
20067,10457,2026-02-01,2026-03-20
20108,10458,2017-07-30,2017-12-03
20136,10458,2017-12-08,2018-05-04
20108,10458,2018-06-16,2018-07-21
20072,10458,2018-08-23,2019-01-08
20129,10458,2019-02-16,2019-06-12
20129,10458,2019-06-29,2019-11-24
20160,10458,2019-12-21,2020-11-19
20012,10458,2021-01-01,2021-05-07
20159,10458,2021-06-15,2021-12-28
20003,10458,2022-02-09,2022-02-14
20053,10458,2022-03-07,2022-11-30
20146,10458,2022-12-07,2023-05-15
20166,10459,2025-02-04,2025-04-10
20014,10459,2025-05-14,2025-08-06
20067,10459,2025-09-14,2026-04-17
20097,10459,2026-05-10,2026-07-01
20101,10460,2025-09-02,2025-12-29
20097,10460,2026-01-22,2026-07-01
20081,10461,2025-08-21,2025-10-18
20095,10461,2025-11-23,2026-05-13
20157,10461,2026-05-22,2026-07-01
20095,10463,2025-12-07,2026-01-17
20072,10464,2017-12-23,2019-01-28
20145,10464,2019-03-12,2019-07-08
20179,10464,2019-08-10,2020-02-11
20091,10465,2023-09-02,2024-01-26
20179,10466,2017-07-17,2018-01-20
20083,10466,2018-03-03,2018-09-10
20045,10466,2018-10-14,2019-04-01
20025,10466,2019-05-06,2019-09-27
20131,10467,2022-03-27,2022-06-16
20146,10467,2022-07-24,2023-02-28
20109,10467,2023-04-02,2023-08-20
20109,10467,2023-09-05,2023-10-06
20083,10469,2016-02-26,2016-07-09
20078,10470,2016-06-24,2017-07-01
20133,10470,2017-07-16,2018-03-03
20021,10470,2018-03-14,2018-07-12
20008,10470,2018-08-13,2018-10-02
20156,10470,2018-10-13,2019-04-14
20045,10470,2019-04-19,2019-12-09
20093,10470,2020-01-03,2021-04-07
20114,10470,2021-05-05,2021-05-14
20060,10470,2021-06-04,2021-12-18
20090,10470,2022-01-23,2022-04-24
20020,10470,2022-05-12,2022-06-18
20130,10470,2022-06-30,2022-08-12
20083,10471,2016-11-04,2017-06-11
20071,10471,2017-07-05,2017-07-17
20172,10471,2017-08-23,2018-01-21
20136,10471,2018-01-26,2018-05-04
20107,10471,2018-05-19,2018-10-21
20072,10471,2018-11-16,2019-01-28
20145,10471,2019-02-18,2019-07-08
20179,10471,2019-07-31,2020-03-18
20171,10472,2016-09-23,2016-12-21
20172,10472,2017-01-09,2017-05-25
20172,10472,2017-06-19,2018-03-12
20072,10472,2018-03-18,2018-11-03
20179,10472,2018-11-21,2020-12-13
20114,10472,2021-01-03,2021-05-14
20068,10472,2021-06-07,2021-11-16
20034,10472,2021-11-30,2022-03-09
20131,10472,2022-03-20,2022-06-16
20170,10472,2022-06-22,2022-11-10
20109,10472,2022-12-18,2023-10-02
20091,10472,2023-10-10,2023-10-14
20065,10473,2024-09-20,2024-10-02
20175,10473,2024-11-09,2025-02-13
20010,10473,2025-02-27,2025-09-06
20067,10473,2025-09-12,2026-03-27
20127,10473,2026-04-21,2026-07-01
20092,10474,2015-12-18,2016-03-01
20128,10474,2016-03-13,2017-07-09
20141,10475,2023-01-24,2023-05-08
20109,10475,2023-05-15,2023-05-16
20178,10476,2020-07-29,2020-08-19
20179,10476,2020-08-25,2020-12-13
20068,10476,2020-12-24,2021-04-29
20138,10476,2021-05-05,2021-10-17
20138,10476,2021-11-27,2022-01-04
20020,10476,2022-02-10,2022-05-23
20078,10477,2016-04-20,2017-05-08
20075,10477,2017-06-10,2018-06-17
20083,10478,2015-01-20,2015-11-09
20143,10478,2015-11-18,2016-06-06
20016,10478,2016-06-23,2016-10-09
20078,10478,2016-10-19,2017-07-10
20075,10478,2017-08-02,2018-02-25
20156,10478,2018-04-08,2018-09-07
20006,10479,2024-07-16,2024-11-13
20165,10479,2024-12-18,2026-02-09
20028,10479,2026-03-15,2026-07-01
20174,10480,2019-10-20,2020-06-16
20130,10481,2023-05-04,2023-09-06
20146,10481,2023-09-24,2025-01-21
20116,10481,2025-02-05,2025-06-06
20036,10481,2025-06-17,2025-11-14
20112,10481,2025-12-20,2026-07-01
20130,10482,2022-12-27,2023-09-06
20087,10482,2023-10-12,2024-03-28
20065,10483,2024-09-29,2024-10-02
20165,10483,2024-11-02,2025-05-30
20014,10483,2025-06-30,2025-08-06
20056,10483,2025-09-18,2026-01-11
20067,10483,2026-02-23,2026-07-01
20069,10484,2015-07-21,2015-09-13
20017,10484,2015-10-19,2016-05-09
20047,10484,2016-06-16,2016-07-07
20121,10484,2016-08-02,2016-11-01
20082,10484,2016-11-17,2017-04-07
20113,10484,2017-05-03,2017-05-09
20032,10484,2017-05-25,2017-07-13
20133,10484,2017-07-28,2018-02-03
20096,10485,2017-01-17,2017-07-17
20083,10485,2017-08-12,2018-08-04
20008,10485,2018-08-28,2018-10-02
20179,10485,2018-11-13,2019-03-12
20180,10485,2019-03-20,2019-06-24
20011,10485,2019-07-18,2020-04-10
20093,10485,2020-05-08,2021-03-02
20049,10485,2021-04-12,2021-12-27
20130,10485,2022-01-17,2022-11-19
20124,10485,2022-11-29,2023-03-19
20132,10485,2023-04-12,2023-09-23
20010,10485,2023-10-20,2025-09-20
20056,10485,2025-09-30,2026-02-06
20103,10485,2026-03-15,2026-05-05
20008,10486,2017-12-22,2018-07-06
20035,10486,2018-08-08,2018-10-04
20014,10487,2025-06-12,2025-08-06
20081,10487,2025-09-09,2025-10-18
20112,10487,2025-11-07,2026-05-13
20024,10487,2026-05-22,2026-07-01
20017,10488,2016-04-21,2017-05-03
20008,10488,2017-06-04,2017-12-09
20083,10488,2017-12-28,2018-09-10
20156,10488,2018-10-23,2019-04-14
20180,10488,2019-05-16,2019-06-24
20005,10488,2019-07-01,2020-04-02
20163,10488,2020-05-03,2020-06-29
20077,10488,2020-08-10,2021-05-12
20020,10488,2021-06-03,2022-06-18
20115,10488,2022-07-14,2023-07-25
20104,10488,2023-08-23,2024-03-29
20010,10488,2024-04-08,2025-11-28
20148,10488,2025-12-17,2026-01-21
20112,10488,2026-01-26,2026-07-01
20034,10489,2021-10-26,2022-03-13
20068,10489,2022-03-20,2022-05-24
20126,10489,2022-06-05,2022-09-21
20019,10490,2025-10-20,2026-03-08
20101,10490,2026-04-01,2026-04-21
20010,10491,2024-05-21,2024-11-28
20166,10491,2024-12-13,2025-04-10
20081,10491,2025-04-29,2025-06-04
20030,10492,2015-05-26,2015-10-25
20083,10492,2015-12-08,2016-09-08
20168,10493,2025-06-13,2025-10-14
20067,10493,2025-11-23,2026-07-01
20151,10494,2024-07-12,2024-12-24
20005,10495,2019-08-18,2020-07-19
20093,10495,2020-08-05,2021-04-07
20077,10495,2021-05-18,2021-07-09
20170,10495,2021-07-26,2021-08-13
20052,10496,2015-05-25,2015-08-19
20144,10496,2015-09-16,2015-12-31
20167,10496,2016-01-17,2016-05-27
20017,10496,2016-06-08,2016-08-28
20128,10496,2016-09-23,2017-07-23
20008,10496,2017-08-16,2017-11-27
20156,10496,2017-12-14,2018-08-09
20156,10496,2018-08-18,2019-02-02
20013,10496,2019-03-02,2019-12-02
20005,10496,2020-01-09,2020-09-17
20134,10496,2020-10-04,2021-03-14
20164,10496,2021-04-14,2021-08-28
20012,10496,2021-09-11,2021-12-21
20090,10496,2022-01-27,2022-04-24
20094,10496,2022-06-07,2022-08-10
20118,10496,2022-08-24,2023-06-03
20162,10496,2023-07-10,2023-08-22
20006,10496,2023-09-16,2024-04-19
20146,10496,2024-04-28,2024-06-27
20100,10496,2024-07-25,2025-07-08
20148,10496,2025-07-24,2025-11-21
20112,10496,2025-12-03,2026-06-04
20177,10496,2026-06-14,2026-07-01
20160,10497,2020-07-25,2021-04-19
20086,10498,2019-06-07,2020-03-23
20150,10498,2020-04-24,2020-08-07
20114,10498,2020-08-13,2020-09-27
20068,10498,2020-11-07,2021-04-15
20020,10498,2021-05-24,2022-03-06
20020,10498,2022-03-31,2022-06-18
20053,10498,2022-06-23,2022-11-17
20170,10498,2022-11-22,2023-02-25
20146,10498,2023-03-06,2023-12-25
20063,10498,2024-02-06,2024-04-14
20103,10498,2024-05-02,2025-07-17
20148,10498,2025-08-18,2026-01-21
20097,10498,2026-02-17,2026-07-01
20124,10499,2022-03-18,2022-09-03
20008,10500,2017-09-16,2018-06-03
20108,10500,2018-07-15,2018-07-21
20045,10500,2018-08-04,2019-04-17
20145,10500,2019-05-24,2019-07-08
20025,10500,2019-08-07,2019-10-28
20160,10500,2019-11-15,2020-08-18
20114,10500,2020-09-04,2021-05-14
20122,10500,2021-05-28,2021-11-15
20003,10500,2021-12-11,2022-02-14
20126,10500,2022-02-25,2022-09-21
20118,10500,2022-10-24,2023-06-03
20031,10500,2023-06-22,2023-11-04
20006,10500,2023-12-17,2024-11-17
20175,10500,2024-11-29,2025-08-26
20010,10500,2025-09-24,2025-12-11
20165,10500,2025-12-16,2026-02-09
20153,10500,2026-02-16,2026-04-21
20076,10500,2026-05-01,2026-07-01
20068,10501,2021-08-14,2022-04-29
20131,10501,2022-05-23,2022-06-16
20132,10501,2022-06-30,2022-12-06
20146,10501,2023-01-03,2024-02-23
20004,10502,2017-04-08,2018-04-13
20108,10502,2018-05-03,2018-07-21
20156,10502,2018-08-22,2019-03-01
20045,10502,2019-03-15,2019-12-09
20040,10502,2020-01-21,2020-09-08
20114,10502,2020-09-13,2021-01-03
20066,10503,2017-02-04,2017-05-01
20172,10503,2017-05-19,2018-02-22
20180,10503,2018-03-08,2018-09-17
20075,10504,2017-12-03,2018-09-21
20045,10504,2018-10-26,2019-09-22
20093,10505,2020-04-07,2020-10-22
20159,10505,2020-11-13,2021-12-26
20094,10505,2022-01-29,2022-06-15
20146,10505,2022-07-14,2023-03-04
20031,10505,2023-04-17,2023-08-23
20006,10505,2023-09-29,2024-03-04
20103,10505,2024-03-31,2024-09-10
20006,10505,2024-09-25,2025-04-07
20018,10505,2025-04-13,2025-10-20
20056,10505,2025-11-07,2026-07-01
20176,10506,2018-04-05,2018-09-27
20072,10506,2018-10-02,2019-01-28
20156,10506,2019-02-24,2019-04-14
20145,10506,2019-05-01,2019-07-08
20041,10506,2019-07-13,2019-09-08
20011,10506,2019-09-27,2020-08-25
20144,10507,2015-10-16,2015-12-31
20084,10507,2016-01-30,2016-08-11
20033,10508,2025-05-09,2025-07-09
20125,10508,2025-07-31,2026-01-10
20028,10508,2026-02-23,2026-07-01
20043,10509,2017-06-21,2017-11-01
20172,10510,2017-12-25,2018-03-12
20156,10510,2018-03-18,2018-09-18
20179,10510,2018-10-19,2019-06-28
20045,10510,2019-07-10,2019-12-09
20005,10510,2020-01-02,2020-09-09
20164,10510,2020-09-24,2021-04-27
20126,10510,2021-05-09,2022-06-14
20055,10510,2022-07-11,2022-09-21
20115,10510,2022-09-27,2023-03-10
20118,10510,2023-04-09,2023-06-03
20031,10510,2023-06-22,2023-12-16
20105,10510,2024-01-17,2024-12-12
20018,10510,2024-12-17,2025-10-20
20112,10510,2025-11-28,2026-07-01
20083,10511,2016-08-27,2017-02-26
20041,10512,2019-02-11,2019-09-08
20152,10512,2019-09-26,2020-02-03
20160,10512,2020-03-09,2021-02-22
20077,10512,2021-03-01,2021-07-09
20131,10512,2021-07-19,2021-10-24
20053,10513,2022-07-31,2022-11-30
20170,10513,2022-12-15,2023-02-25
20010,10513,2023-03-31,2024-04-07
20100,10513,2024-04-14,2025-04-16
20067,10513,2025-05-20,2026-01-24
20158,10513,2026-03-02,2026-06-30
20055,10514,2022-02-13,2022-08-17
20124,10514,2022-09-11,2022-09-13
20008,10515,2016-11-26,2017-11-17
20060,10516,2021-07-10,2021-08-03
20129,10517,2019-09-02,2019-12-17
20005,10517,2019-12-28,2020-07-13
20119,10517,2020-08-19,2021-01-29
20061,10517,2021-02-03,2021-02-23
20114,10517,2021-03-29,2021-05-14
20020,10517,2021-05-24,2021-12-02
20020,10517,2022-01-04,2022-01-28
20180,10518,2018-06-15,2018-11-17
20129,10518,2018-12-14,2019-07-21
20086,10518,2019-09-03,2020-03-23
20160,10518,2020-04-23,2021-07-09
20068,10518,2021-07-16,2022-04-24
20094,10518,2022-06-06,2022-07-09
20018,10519,2024-07-19,2025-05-11
20014,10519,2025-06-09,2025-08-06
20101,10519,2025-09-08,2026-02-21
20080,10519,2026-04-03,2026-07-01
20069,10520,2015-04-07,2015-08-24
20002,10520,2015-09-16,2015-12-27
20167,10520,2016-01-17,2016-02-04
20129,10521,2019-06-02,2019-12-17
20011,10521,2020-01-09,2020-04-12
20077,10521,2020-05-04,2021-07-09
20074,10521,2021-08-02,2021-09-27
20165,10522,2025-05-17,2025-08-23
20056,10522,2025-10-03,2026-06-29
20040,10523,2020-01-16,2020-11-20
20011,10523,2020-12-30,2021-03-27
20159,10523,2021-05-07,2021-10-20
20159,10523,2021-11-23,2021-12-28
20102,10523,2022-01-23,2022-01-31
20132,10523,2022-02-05,2022-08-18
20018,10523,2022-09-12,2023-12-11
20006,10523,2023-12-26,2024-05-11
20003,10524,2021-03-12,2021-06-01
20130,10524,2021-07-15,2022-04-21
20051,10524,2022-05-28,2022-09-20
20044,10524,2022-09-25,2023-05-03
20139,10524,2023-05-09,2023-06-23
20092,10525,2015-11-01,2016-03-01
20017,10525,2016-03-28,2016-07-07
20026,10525,2016-08-03,2017-03-14
20017,10525,2017-04-26,2017-05-03
20078,10525,2017-05-23,2017-07-10
20108,10525,2017-08-20,2018-03-14
20113,10526,2016-10-31,2017-01-03
20032,10526,2017-02-12,2017-07-13
20043,10526,2017-08-12,2017-12-10
20108,10526,2017-12-19,2018-07-21
20156,10526,2018-08-06,2018-10-01
20176,10527,2018-09-01,2018-12-13
20072,10527,2018-12-25,2019-01-28
20025,10527,2019-02-18,2019-10-28
20152,10527,2019-11-21,2019-12-24
20127,10528,2025-12-03,2026-07-01
20043,10529,2017-03-04,2017-07-20
20108,10529,2017-07-26,2018-07-21
20083,10529,2018-08-13,2018-09-10
20176,10529,2018-10-02,2018-12-13
20035,10529,2019-01-26,2019-04-29
20045,10529,2019-05-08,2019-12-09
20152,10529,2020-01-19,2020-02-03
20005,10529,2020-02-14,2020-09-17
20164,10529,2020-10-22,2021-04-20
20131,10529,2021-05-27,2022-04-24
20068,10529,2022-05-09,2022-05-24
20170,10529,2022-06-12,2023-02-25
20118,10529,2023-04-02,2023-06-03
20018,10529,2023-07-16,2024-04-22
20100,10529,2024-04-29,2024-10-09
20006,10529,2024-11-20,2025-02-20
20146,10530,2024-03-16,2024-06-03
20103,10530,2024-06-09,2025-05-22
20168,10530,2025-06-26,2025-10-14
20097,10530,2025-11-14,2026-05-27
20005,10531,2019-11-24,2020-06-09
20151,10532,2024-08-23,2024-09-09
20035,10533,2019-03-24,2019-04-29
20025,10533,2019-06-04,2019-10-28
20160,10533,2019-11-06,2021-03-19
20154,10533,2021-04-16,2021-09-21
20068,10533,2021-10-31,2022-05-24
20018,10533,2022-06-05,2023-02-17
20018,10533,2023-03-19,2023-12-09
20087,10533,2024-01-22,2024-06-07
20065,10533,2024-06-23,2024-10-02
20161,10533,2024-11-10,2025-04-18
20088,10533,2025-04-30,2025-08-24
20095,10533,2025-09-21,2026-05-24
20177,10533,2026-06-29,2026-07-01
20176,10534,2017-10-03,2018-01-30
20172,10534,2018-02-25,2018-03-12
20176,10534,2018-04-17,2018-06-16
20165,10535,2024-11-06,2026-02-09
20157,10535,2026-02-25,2026-07-01
20020,10536,2022-04-07,2022-06-18
20074,10536,2022-07-08,2022-08-25
20010,10536,2022-09-08,2023-02-20
20124,10536,2023-03-07,2023-03-19
20115,10536,2023-04-11,2023-07-25
20091,10536,2023-08-27,2024-02-25
20087,10536,2024-04-09,2024-07-13
20018,10536,2024-08-23,2025-02-07
20175,10536,2025-02-13,2025-08-24
20103,10537,2026-05-02,2026-06-01
20045,10538,2019-11-07,2019-12-09
20005,10538,2020-01-01,2020-09-17
20023,10538,2020-10-02,2021-01-31
20011,10538,2021-03-01,2021-03-27
20122,10538,2021-04-26,2021-10-02
20094,10538,2021-10-26,2022-08-10
20126,10538,2022-09-05,2022-09-21
20018,10538,2022-10-22,2023-02-07
20130,10538,2023-03-05,2023-09-02
20107,10539,2018-04-05,2019-04-01
20160,10539,2019-04-06,2019-11-08
20174,10539,2019-11-19,2020-07-08
20119,10539,2020-07-15,2021-01-29
20131,10539,2021-03-05,2022-04-22
20020,10539,2022-05-29,2022-06-18
20074,10539,2022-06-25,2022-08-25
20130,10539,2022-09-12,2023-09-06
20010,10539,2023-09-25,2024-04-03
20105,10539,2024-04-28,2024-12-12
20018,10539,2025-01-01,2025-07-21
20006,10539,2025-08-07,2025-12-06
20076,10539,2025-12-17,2026-07-01
20064,10540,2017-10-16,2018-05-16
20050,10540,2018-06-20,2018-07-29
20079,10541,2018-10-22,2018-12-21
20041,10542,2019-02-02,2019-09-08
20025,10542,2019-10-02,2019-10-28
20179,10542,2019-12-06,2020-06-07
20142,10542,2020-06-20,2020-10-28
20164,10542,2020-11-27,2021-08-28
20027,10542,2021-10-10,2021-12-14
20094,10542,2022-01-17,2022-07-09
20058,10542,2022-08-12,2022-12-02
20124,10542,2022-12-17,2023-03-19
20051,10542,2023-04-10,2023-04-19
20109,10542,2023-05-08,2023-11-24
20123,10542,2023-12-23,2024-03-15
20118,10543,2022-09-26,2023-02-19
20051,10543,2023-03-24,2023-04-19
20006,10543,2023-05-16,2023-12-15
20105,10543,2023-12-28,2024-07-07
20010,10543,2024-07-30,2025-03-12
20088,10543,2025-03-21,2025-08-24
20036,10543,2025-09-21,2026-03-09
20046,10543,2026-03-15,2026-03-26
20153,10543,2026-04-15,2026-04-21
20157,10543,2026-05-18,2026-07-01
20083,10544,2015-02-20,2015-12-24
20092,10544,2015-12-30,2016-03-01
20137,10544,2016-04-07,2016-12-04
20026,10544,2016-12-10,2017-05-23
20075,10544,2017-07-03,2018-05-05
20079,10544,2018-06-12,2019-01-10
20107,10544,2019-02-04,2019-04-01
20011,10544,2019-04-24,2020-06-28
20005,10544,2020-07-07,2020-09-17
20142,10544,2020-10-19,2020-10-28
20126,10544,2020-11-23,2021-06-22
20164,10544,2021-07-26,2021-08-28
20003,10544,2021-10-05,2022-02-14
20124,10544,2022-03-20,2022-04-17
20090,10545,2021-12-12,2022-04-24
20068,10545,2022-05-12,2022-05-24
20010,10545,2022-07-07,2023-04-19
20162,10545,2023-05-30,2023-08-22
20146,10545,2023-09-25,2024-06-13
20151,10545,2024-07-02,2025-04-10
20067,10545,2025-05-20,2026-03-10
20056,10545,2026-03-21,2026-07-01
20069,10546,2015-02-10,2015-07-10
20106,10546,2015-08-11,2016-01-02
20083,10546,2016-01-11,2016-09-06
20143,10546,2016-09-30,2017-02-19
20004,10546,2017-04-03,2018-02-23
20004,10546,2018-03-28,2018-04-25
20083,10546,2018-05-07,2018-09-10
20156,10546,2018-09-21,2019-04-14
20041,10546,2019-05-27,2019-09-08
20129,10546,2019-10-16,2019-12-17
20040,10546,2020-01-20,2020-11-20
20126,10546,2020-12-31,2021-04-07
20154,10546,2021-05-20,2021-09-21
20159,10546,2021-10-03,2021-12-28
20034,10546,2022-01-27,2022-03-13
20058,10546,2022-03-22,2022-11-07
20044,10546,2022-12-15,2023-05-03
20109,10546,2023-05-08,2023-08-09
20006,10547,2023-10-19,2024-02-17
20014,10547,2024-03-25,2024-09-28
20165,10547,2024-11-08,2025-04-03
20168,10547,2025-04-26,2025-08-30
20009,10547,2025-09-30,2026-05-16
20110,10547,2026-05-25,2026-07-01
20040,10548,2019-07-27,2020-05-20
20088,10549,2025-03-23,2025-08-01
20148,10549,2025-09-04,2026-01-21
20097,10549,2026-02-21,2026-07-01
20083,10550,2016-03-02,2016-06-25
20128,10550,2016-07-23,2016-11-27
20083,10550,2016-12-29,2017-06-26
20156,10550,2017-08-05,2017-11-05
20136,10550,2017-11-10,2018-04-19
20107,10550,2018-05-08,2018-08-26
20037,10551,2026-03-10,2026-07-01
20108,10552,2017-10-08,2018-01-23
20180,10552,2018-03-07,2018-04-30
20174,10553,2019-07-08,2019-11-15
20142,10553,2019-11-24,2020-02-01
20011,10553,2020-02-07,2020-05-10
20093,10553,2020-05-17,2020-09-20
20164,10554,2020-12-14,2021-03-27
20049,10554,2021-05-09,2021-09-21
20027,10554,2021-09-26,2021-12-14
20034,10554,2022-01-16,2022-03-13
20090,10554,2022-03-20,2022-04-24
20132,10554,2022-05-31,2023-05-20
20139,10554,2023-06-05,2023-10-28
20139,10554,2023-11-05,2024-01-15
20087,10554,2024-02-02,2024-07-13
20006,10554,2024-08-16,2025-04-20
20101,10554,2025-05-22,2026-05-15
20067,10554,2026-05-20,2026-07-01
20172,10555,2018-03-01,2018-03-12
20107,10555,2018-04-20,2019-02-26
20129,10555,2019-04-02,2019-12-17
20160,10555,2019-12-30,2020-08-14
20173,10555,2020-09-10,2021-02-20
20060,10555,2021-03-12,2021-06-12
20011,10556,2019-11-03,2020-02-20
20095,10557,2026-04-08,2026-05-25
20037,10557,2026-06-30,2026-07-01
20179,10558,2019-08-06,2020-01-31
20005,10558,2020-02-26,2020-09-17
20093,10558,2020-10-08,2021-04-07
20138,10558,2021-05-16,2022-01-04
20055,10558,2022-01-30,2022-09-21
20118,10558,2022-10-13,2023-06-03
20139,10558,2023-06-20,2023-12-03
20063,10558,2024-01-13,2024-04-14
20100,10558,2024-05-17,2025-03-19
20018,10558,2025-03-30,2025-10-20
20177,10558,2025-11-25,2026-05-28
20143,10559,2016-06-29,2016-12-29
20070,10560,2025-08-30,2026-02-03
20019,10560,2026-02-19,2026-03-08
20028,10560,2026-03-27,2026-07-01
20010,10561,2025-10-26,2025-12-11
20125,10561,2026-01-06,2026-01-22
20059,10561,2026-02-09,2026-07-01
20159,10562,2021-03-14,2021-12-28
20126,10562,2022-02-07,2022-09-21
20010,10563,2023-05-20,2024-07-14
20010,10563,2024-08-07,2025-05-18
20101,10563,2025-05-25,2026-02-08
20117,10563,2026-02-24,2026-07-01
20091,10564,2024-01-13,2024-02-25
20123,10564,2024-04-02,2024-04-27
20010,10564,2024-05-27,2024-12-27
20105,10565,2024-02-17,2024-04-08
20165,10566,2024-10-15,2025-03-02
20081,10566,2025-04-07,2025-10-18
20036,10566,2025-10-27,2026-03-09
20038,10566,2026-04-21,2026-07-01
20165,10567,2025-07-17,2026-02-09
20028,10567,2026-03-22,2026-05-13
20010,10568,2024-06-03,2025-02-17
20081,10568,2025-02-23,2025-02-28
20160,10569,2021-02-06,2021-11-04
20003,10569,2021-11-24,2022-02-14
20090,10569,2022-03-02,2022-04-24
20130,10569,2022-04-29,2022-06-03
20170,10570,2022-04-26,2022-09-11
20079,10571,2018-09-30,2019-01-10
20035,10571,2019-02-08,2019-04-29
20180,10571,2019-05-21,2019-06-24
20155,10571,2019-07-17,2019-11-22
20086,10571,2019-12-01,2020-03-23
20011,10571,2020-04-13,2020-11-14
20173,10571,2020-12-16,2021-06-04
20132,10571,2021-06-10,2022-01-21
20135,10572,2015-08-22,2016-02-04
20042,10573,2016-05-26,2017-01-06
20172,10573,2017-02-01,2017-09-06
20043,10573,2017-10-13,2017-12-10
20021,10573,2018-01-22,2018-07-12
20180,10573,2018-08-17,2019-01-09
20072,10573,2019-01-24,2019-01-28
20156,10573,2019-03-04,2019-04-14
20041,10573,2019-05-03,2019-09-08
20152,10573,2019-09-26,2020-02-03
20178,10573,2020-02-24,2020-08-19
20061,10573,2020-08-30,2021-02-23
20060,10573,2021-03-05,2021-11-13
20018,10574,2024-09-29,2025-10-20
20009,10574,2025-10-28,2025-11-15
20035,10575,2018-07-31,2018-10-26
20055,10576,2022-05-12,2022-09-21
20010,10576,2022-11-03,2023-05-28
20053,10577,2022-03-02,2022-03-23
20179,10578,2019-10-14,2020-02-17
20178,10578,2020-03-25,2020-08-19
20011,10578,2020-09-10,2021-03-24
20003,10578,2021-04-26,2022-02-14
20051,10578,2022-03-27,2023-04-19
20063,10578,2023-05-18,2023-11-17
20014,10578,2023-12-18,2024-07-05
20014,10578,2024-07-13,2024-12-02
20103,10578,2024-12-19,2025-07-10
20088,10578,2025-08-13,2025-08-24
20125,10578,2025-09-16,2026-01-22
20177,10578,2026-02-19,2026-07-01
20008,10579,2018-01-13,2018-05-14
20172,10580,2017-06-14,2018-02-05
20179,10580,2018-03-16,2020-06-07
20085,10580,2020-06-29,2020-07-08
20111,10581,2026-04-22,2026-07-01
20072,10582,2018-10-10,2018-12-25
20160,10583,2020-01-11,2021-11-01
20034,10583,2021-11-20,2022-03-13
20131,10583,2022-04-24,2022-06-16
20015,10583,2022-07-04,2022-10-05
20170,10583,2022-11-15,2023-02-25
20031,10583,2023-03-29,2024-01-13
20087,10583,2024-02-08,2024-07-13
20103,10583,2024-07-25,2024-10-10
20179,10584,2017-06-01,2018-03-08
20107,10584,2018-04-02,2018-12-08
20045,10584,2019-01-12,2019-09-22
20013,10584,2019-10-30,2020-07-14
20061,10584,2020-08-24,2020-11-16
20173,10584,2020-12-01,2021-06-04
20138,10584,2021-06-16,2022-01-04
20034,10584,2022-01-24,2022-03-13
20094,10584,2022-03-23,2022-08-10
20170,10584,2022-08-26,2023-01-26
20146,10584,2023-02-06,2023-12-16
20105,10584,2024-01-15,2024-09-07
20010,10584,2024-10-04,2025-01-03
20018,10584,2025-02-12,2025-10-20
20120,10584,2025-11-28,2026-02-07
20048,10584,2026-03-14,2026-07-01
20010,10585,2023-05-05,2024-04-20
20151,10585,2024-04-25,2024-11-02
20100,10585,2024-11-29,2025-07-08
20046,10585,2025-08-16,2025-11-14
20070,10585,2025-11-22,2026-02-03
20038,10585,2026-03-13,2026-07-01
20118,10586,2023-03-21,2023-06-03
20146,10586,2023-06-26,2024-02-06
20100,10586,2024-02-27,2024-04-15
20146,10586,2024-04-27,2025-01-21
20033,10586,2025-02-25,2025-07-09
20067,10586,2025-08-18,2025-11-18
20176,10587,2018-03-13,2018-10-14
20050,10587,2018-10-19,2018-11-16
20041,10587,2018-11-29,2019-06-02
20145,10587,2019-06-14,2019-07-08
20160,10587,2019-07-23,2020-06-20
20011,10587,2020-06-29,2021-01-15
20126,10587,2021-02-20,2022-06-13
20055,10587,2022-07-20,2022-09-21
20115,10587,2022-09-27,2023-02-04
20010,10587,2023-03-03,2023-08-16
20109,10587,2023-09-21,2023-11-24
20139,10587,2023-12-14,2024-01-15
20014,10587,2024-02-19,2025-01-21
20010,10587,2025-02-05,2025-09-28
20070,10587,2025-10-14,2026-02-03
20101,10587,2026-03-08,2026-06-28
20115,10588,2022-12-13,2023-07-25
20123,10588,2023-08-06,2024-01-06
20168,10589,2025-06-18,2025-09-11
20018,10590,2024-07-25,2025-06-10
20067,10590,2025-06-17,2025-08-11
20132,10591,2022-12-14,2023-07-13
20087,10591,2023-08-16,2023-12-30
20006,10591,2024-02-07,2024-07-13
20065,10591,2024-08-20,2024-10-02
20132,10592,2020-10-12,2021-07-06
20126,10592,2021-07-24,2021-12-07
20102,10592,2022-01-03,2022-01-31
20090,10592,2022-03-04,2022-04-24
20132,10592,2022-06-01,2022-09-21
20051,10592,2022-10-05,2023-04-19
20006,10592,2023-05-25,2023-10-26
20072,10593,2018-07-24,2019-01-28
20013,10593,2019-02-19,2019-08-24
20045,10593,2019-09-23,2019-12-09
20013,10593,2020-01-05,2020-07-14
20085,10593,2020-08-19,2020-08-20
20011,10593,2020-09-22,2021-03-27
20122,10593,2021-04-14,2021-09-06
20130,10593,2021-10-17,2022-05-12
20170,10593,2022-05-20,2022-12-19
20124,10593,2023-01-15,2023-03-19
20132,10593,2023-04-11,2023-09-23
20063,10593,2023-10-15,2024-02-29
20006,10593,2024-04-01,2025-06-28
20175,10593,2025-07-28,2025-11-06
20112,10593,2025-12-14,2026-04-09
20004,10594,2017-04-29,2017-09-22
20128,10594,2017-10-15,2018-02-19
20107,10594,2018-04-03,2019-04-01
20179,10594,2019-04-18,2019-10-10
20011,10594,2019-11-09,2020-09-11
20173,10594,2020-09-29,2021-06-04
20077,10594,2021-06-19,2021-07-09
20027,10594,2021-08-21,2021-12-01
20075,10595,2017-11-02,2018-03-09
20008,10595,2018-03-30,2018-08-24
20179,10595,2018-10-04,2019-06-20
20005,10595,2019-07-29,2020-05-17
20068,10595,2020-06-23,2021-05-19
20049,10595,2021-06-15,2021-07-15
20003,10596,2021-04-22,2022-02-10
20124,10596,2022-03-22,2023-03-19
20130,10596,2023-04-13,2023-09-06
20009,10597,2025-12-23,2026-05-16
20073,10597,2026-05-24,2026-07-01
20172,10598,2017-12-14,2018-03-12
20072,10598,2018-03-24,2019-01-28
20145,10598,2019-02-27,2019-07-08
20174,10598,2019-08-01,2020-01-16
20174,10598,2020-01-23,2020-07-08
20069,10599,2015-04-23,2015-09-13
20057,10599,2015-09-27,2016-06-17
20083,10599,2016-07-19,2017-05-24
20096,10599,2017-06-25,2017-07-17
20075,10599,2017-07-27,2018-01-31
20172,10599,2018-02-06,2018-03-12
20136,10599,2018-04-03,2018-05-04
20072,10599,2018-05-22,2019-01-05
20180,10599,2019-02-02,2019-06-20
20143,10600,2015-11-30,2016-05-21
20047,10600,2016-06-24,2016-07-07
20171,10600,2016-08-20,2016-12-21
20071,10600,2017-01-23,2017-06-02
20096,10600,2017-06-29,2017-07-17
20098,10600,2017-08-22,2017-09-02
20008,10600,2017-09-24,2018-10-02
20107,10600,2018-11-07,2019-02-17
20041,10600,2019-03-18,2019-09-08
20174,10600,2019-10-09,2020-05-19
20142,10601,2020-04-02,2020-08-25
20089,10601,2020-09-21,2021-03-07
20003,10601,2021-04-10,2022-02-14
20074,10601,2022-03-17,2022-08-25
20118,10601,2022-09-04,2023-06-03
20109,10601,2023-06-14,2023-11-24
20091,10601,2023-12-10,2024-02-25
20006,10601,2024-03-21,2025-06-29
20145,10602,2019-06-02,2019-07-08
20045,10602,2019-07-30,2019-12-08
20093,10602,2020-01-07,2021-04-07
20164,10602,2021-04-22,2021-08-28
20130,10602,2021-10-03,2022-01-28
20130,10602,2022-02-13,2022-11-08
20130,10602,2022-11-16,2023-04-20
20118,10602,2023-05-01,2023-06-03
20139,10602,2023-06-21,2023-10-24
20146,10602,2023-11-02,2024-04-16
20151,10602,2024-05-28,2024-09-10
20175,10602,2024-10-22,2025-01-14
20103,10602,2025-02-15,2025-12-10
20095,10602,2025-12-30,2026-04-23
20177,10602,2026-04-29,2026-07-01
20053,10603,2022-10-16,2022-11-30
20170,10603,2022-12-13,2023-02-25
20132,10603,2023-03-22,2023-09-04
20063,10603,2023-09-19,2023-12-27
20123,10603,2024-01-17,2024-04-27
20010,10603,2024-05-20,2024-12-19
20151,10603,2025-01-20,2025-04-05
20018,10604,2022-04-23,2023-04-29
20006,10604,2023-05-04,2023-11-14
20128,10605,2017-04-17,2018-01-05
20004,10605,2018-02-03,2018-04-25
20008,10605,2018-05-26,2018-10-02
20179,10605,2018-11-14,2019-03-31
20025,10605,2019-04-26,2019-10-28
20045,10605,2019-11-29,2019-12-09
20040,10605,2020-01-11,2020-07-04
20093,10605,2020-07-27,2021-03-16
20040,10606,2019-10-27,2020-02-24
20018,10607,2025-07-26,2025-10-20
20010,10607,2025-11-26,2025-12-11
20067,10607,2025-12-30,2026-07-01
20134,10608,2020-03-24,2020-09-09
20089,10608,2020-09-30,2021-01-20
20167,10609,2015-09-06,2015-11-20
20004,10610,2016-05-14,2016-09-23
20078,10610,2016-10-24,2017-03-28
20071,10610,2017-04-09,2017-07-17
20108,10610,2017-07-28,2017-10-12
20167,10611,2015-10-02,2016-02-14
20167,10611,2016-03-14,2016-09-01
20096,10611,2016-09-27,2017-03-27
20017,10611,2017-04-18,2017-05-03
20172,10611,2017-05-30,2018-02-04
20021,10611,2018-03-12,2018-04-23
20004,10612,2018-04-13,2018-04-25
20072,10612,2018-05-09,2019-01-28
20035,10612,2019-03-07,2019-04-29
20025,10612,2019-05-24,2019-10-28
20149,10612,2019-11-10,2020-06-19
20077,10612,2020-07-12,2021-02-01
20079,10613,2018-10-02,2019-01-10
20045,10613,2019-01-27,2019-04-15
20116,10614,2025-01-20,2025-02-12
20044,10615,2022-10-24,2023-01-08
20091,10616,2023-06-25,2024-02-25
20103,10616,2024-03-16,2025-02-10
20131,10617,2021-05-26,2022-05-18
20131,10617,2022-06-07,2022-06-16
20146,10617,2022-07-21,2024-04-23
20151,10617,2024-05-12,2024-08-13
20105,10617,2024-08-24,2024-12-12
20006,10617,2025-01-08,2025-12-06
20153,10617,2026-01-17,2026-04-21
20177,10617,2026-05-19,2026-07-01
20136,10618,2018-03-15,2018-05-04
20179,10618,2018-05-31,2019-04-20
20045,10618,2019-05-23,2019-11-04
20086,10618,2019-11-28,2020-03-23
20142,10618,2020-04-08,2020-10-28
20173,10618,2020-11-12,2021-06-04
20164,10618,2021-06-29,2021-08-28
20054,10618,2021-10-02,2021-10-18
20012,10618,2021-10-23,2021-12-21
20020,10618,2021-12-26,2022-06-06
20146,10618,2022-07-16,2022-11-08
20141,10618,2022-11-29,2023-05-08
20010,10618,2023-06-08,2025-01-23
20006,10618,2025-02-02,2025-05-13
20104,10619,2023-11-05,2024-03-29
20103,10619,2024-04-08,2025-01-18
20161,10619,2025-02-06,2025-04-18
20070,10619,2025-05-31,2025-08-16
20040,10620,2020-08-14,2020-11-20
20134,10620,2020-12-11,2021-03-21
20173,10620,2021-04-07,2021-06-04
20020,10620,2021-06-30,2021-09-06
20066,10621,2017-03-13,2017-05-01
20096,10621,2017-05-15,2017-07-17
20008,10621,2017-08-04,2018-09-14
20050,10621,2018-09-21,2018-11-16
20035,10621,2018-11-23,2019-04-29
20045,10621,2019-06-06,2019-12-09
20086,10621,2020-01-03,2020-03-23
20174,10621,2020-03-30,2020-08-04
20173,10621,2020-08-26,2020-10-06
20004,10622,2016-09-21,2017-08-05
20176,10622,2017-09-11,2018-04-18
20156,10622,2018-05-09,2019-04-01
20145,10622,2019-04-18,2019-07-08
20011,10622,2019-07-13,2019-12-12
20142,10622,2020-01-22,2020-06-07
20119,10622,2020-07-10,2020-10-27
20011,10622,2020-11-02,2021-03-27
20173,10622,2021-04-04,2021-06-04
20074,10622,2021-07-13,2022-04-12
20152,10623,2019-09-08,2020-02-03
20013,10623,2020-02-12,2020-07-14
20114,10623,2020-07-23,2021-05-14
20003,10623,2021-05-29,2021-11-01
20131,10623,2021-12-03,2022-06-10
20018,10623,2022-07-14,2023-02-04
20115,10623,2023-03-14,2023-07-25
20091,10623,2023-07-31,2024-02-25
20105,10623,2024-03-02,2024-10-12
20100,10623,2024-10-17,2025-03-21
20030,10624,2015-03-24,2015-09-17
20017,10624,2015-10-09,2016-05-15
20128,10624,2016-06-21,2017-02-18
20017,10624,2017-03-13,2017-05-03
20156,10624,2017-06-16,2017-08-27
20176,10624,2017-10-05,2018-06-11
20008,10624,2018-07-17,2018-09-05
20054,10625,2021-02-27,2021-07-05
20131,10625,2021-07-30,2021-11-27
20049,10625,2021-12-15,2021-12-27
20068,10625,2022-01-07,2022-05-24
20094,10625,2022-06-11,2022-08-10
20053,10625,2022-09-18,2022-11-30
20124,10625,2023-01-11,2023-03-19
20031,10625,2023-04-01,2023-09-21
20087,10625,2023-10-10,2024-03-21
20151,10625,2024-04-10,2025-02-21
20018,10625,2025-04-01,2025-10-20
20120,10625,2025-11-19,2026-02-07
20080,10625,2026-02-13,2026-05-11
20133,10626,2017-05-18,2017-12-09
20021,10626,2018-01-17,2018-06-17
20004,10627,2017-08-07,2017-09-30
20083,10628,2015-03-09,2016-04-15
20137,10628,2016-04-23,2016-12-04
20004,10629,2017-09-01,2018-04-25
20156,10629,2018-05-13,2019-01-23
20141,10630,2023-01-06,2023-05-08
20162,10630,2023-06-14,2023-08-22
20018,10630,2023-09-01,2024-02-03
20071,10631,2017-06-30,2017-07-17
20179,10631,2017-08-19,2017-10-16
20149,10632,2019-11-11,2020-04-03
20174,10633,2019-10-06,2020-03-02
20163,10633,2020-03-16,2020-06-14
20178,10633,2020-07-09,2020-08-19
20054,10633,2020-08-25,2020-09-05
20128,10634,2015-12-20,2016-08-30
20171,10634,2016-09-26,2016-12-21
20128,10634,2017-01-04,2018-01-03
20075,10634,2018-01-17,2018-08-20
20179,10634,2018-10-02,2019-04-16
20136,10635,2017-12-21,2018-03-31
20179,10635,2018-05-06,2020-04-04
20085,10635,2020-04-23,2020-08-02
20161,10636,2024-10-05,2025-03-09
20088,10636,2025-03-24,2025-08-24
20148,10636,2025-09-28,2026-01-21
20095,10636,2026-02-01,2026-05-25
20100,10637,2024-11-13,2025-07-08
20018,10637,2025-07-21,2025-10-20
20056,10637,2025-10-25,2026-07-01
20015,10638,2022-06-02,2023-01-03
20051,10638,2023-01-28,2023-04-19
20031,10638,2023-05-17,2024-01-13
20091,10638,2024-02-06,2024-02-25
20103,10638,2024-03-06,2024-04-25
20014,10638,2024-05-23,2025-08-06
20036,10638,2025-08-24,2026-03-09
20076,10638,2026-03-28,2026-07-01
20179,10639,2018-09-06,2019-05-13
20179,10639,2019-06-24,2019-12-14
20142,10639,2020-01-22,2020-10-07
20068,10639,2020-11-04,2021-06-25
20020,10639,2021-07-22,2022-04-07
20130,10639,2022-04-25,2022-08-25
20126,10639,2022-09-05,2022-09-21
20053,10639,2022-10-10,2022-11-30
20132,10640,2021-04-11,2022-07-14
20146,10640,2022-08-17,2024-03-18
20014,10640,2024-04-28,2024-10-13
20105,10640,2024-10-25,2024-12-12
20140,10640,2025-01-16,2025-04-04
20011,10641,2019-09-10,2020-04-29
20005,10641,2020-06-12,2020-09-17
20119,10641,2020-10-11,2021-01-29
20089,10641,2021-03-04,2021-03-07
20173,10641,2021-04-20,2021-06-04
20068,10641,2021-06-14,2021-10-10
20122,10641,2021-11-09,2021-11-15
20094,10641,2021-12-10,2022-02-23
20071,10642,2017-03-25,2017-07-17
20043,10642,2017-08-30,2017-12-10
20004,10642,2018-01-17,2018-04-25
20163,10643,2020-05-28,2020-06-29
20077,10643,2020-07-19,2021-07-09
20054,10643,2021-08-09,2021-10-18
20132,10643,2021-11-26,2022-10-16
20124,10643,2022-11-23,2022-12-14
20011,10644,2019-12-04,2020-07-15
20023,10644,2020-07-28,2021-01-31
20077,10644,2021-02-27,2021-07-09
20027,10644,2021-07-20,2021-12-14
20068,10644,2021-12-30,2022-05-24
20053,10644,2022-06-07,2022-11-24
20018,10644,2022-12-09,2023-06-10
20162,10644,2023-07-17,2023-08-22
20018,10644,2023-09-21,2024-03-02
20014,10644,2024-04-15,2025-07-07
20018,10644,2025-08-06,2025-10-20
20120,10644,2025-11-08,2026-02-07
20024,10644,2026-02-23,2026-06-04
20024,10644,2026-06-12,2026-07-01
20051,10645,2023-04-13,2023-04-19
20162,10645,2023-05-04,2023-08-22
20087,10645,2023-08-27,2024-07-13
20033,10645,2024-08-22,2025-03-06
20103,10646,2024-09-20,2025-03-29
20014,10646,2025-04-18,2025-08-06
20006,10646,2025-09-05,2025-12-06
20101,10646,2025-12-27,2026-07-01
20156,10647,2017-09-26,2018-05-03
20075,10647,2018-05-12,2018-08-19
20079,10647,2018-08-28,2019-01-10
20045,10647,2019-01-27,2019-09-19
20045,10647,2019-10-30,2019-12-09
20163,10647,2020-01-10,2020-06-27
20146,10648,2024-06-26,2024-09-20
20167,10649,2015-11-30,2016-09-01
20082,10649,2016-09-09,2017-02-22
20078,10649,2017-03-01,2017-07-10
20083,10649,2017-07-26,2017-12-11
20069,10650,2015-02-09,2015-05-09
20036,10651,2025-10-06,2026-03-09
20067,10651,2026-03-17,2026-07-01
20052,10652,2015-05-24,2015-08-19
20010,10653,2024-07-08,2024-11-17
20169,10653,2024-12-14,2024-12-21
20161,10653,2025-01-07,2025-04-18
20033,10653,2025-05-21,2025-07-09
20010,10653,2025-07-22,2025-12-11
20157,10653,2026-01-22,2026-07-01
20103,10654,2026-05-28,2026-07-01
20003,10655,2022-01-17,2022-02-14
20068,10655,2022-02-27,2022-03-04
20004,10656,2016-01-19,2016-06-23
20029,10656,2016-07-31,2017-02-25
20179,10656,2017-04-01,2017-08-20
20083,10656,2017-09-26,2018-09-10
20072,10656,2018-09-17,2019-01-28
20179,10656,2019-02-08,2019-03-14
20171,10657,2016-07-11,2016-10-22
20084,10657,2016-10-29,2017-02-22
20004,10657,2017-03-21,2017-06-05
20180,10658,2019-05-05,2019-06-24
20174,10658,2019-08-02,2020-08-04
20093,10658,2020-09-03,2021-04-07
20160,10658,2021-04-16,2021-07-30
20176,10659,2018-07-28,2018-09-27
20012,10660,2021-11-16,2021-12-21
20130,10660,2022-01-27,2022-05-17
20124,10660,2022-05-25,2022-11-18
20118,10660,2022-11-27,2023-06-03
20139,10660,2023-07-07,2023-10-09
20139,10660,2023-10-30,2024-01-15
20105,10660,2024-01-22,2024-02-27
20105,10661,2023-12-23,2024-04-21
20014,10661,2024-05-16,2025-03-15
20141,10662,2023-01-15,2023-05-08
20118,10662,2023-05-16,2023-06-03
20115,10662,2023-07-06,2023-07-25
20014,10662,2023-07-30,2024-11-06
20100,10662,2024-12-13,2025-07-08
20070,10662,2025-07-17,2026-02-03
20038,10662,2026-03-01,2026-07-01
20149,10663,2019-12-07,2020-06-19
20085,10663,2020-07-11,2020-08-20
20142,10663,2020-08-30,2020-10-28
20164,10663,2020-12-06,2021-04-06
20054,10663,2021-04-18,2021-10-18
20126,10663,2021-11-14,2022-07-10
20018,10663,2022-08-03,2023-01-31
20109,10663,2023-03-01,2023-09-29
20171,10664,2016-05-05,2016-09-03
20128,10664,2016-09-29,2017-08-29
20128,10664,2017-09-08,2018-02-19
20107,10664,2018-03-02,2018-09-16
20150,10665,2020-07-11,2020-08-07
20119,10665,2020-09-03,2021-01-29
20173,10665,2021-03-09,2021-06-04
20132,10665,2021-06-09,2021-11-22
20087,10666,2023-09-04,2024-05-27
20103,10666,2024-06-19,2025-09-20
20095,10666,2025-09-30,2026-05-25
20037,10666,2026-06-03,2026-07-01
20103,10667,2025-06-04,2025-12-24
20009,10667,2026-01-17,2026-05-16
20099,10667,2026-06-06,2026-07-01
20086,10668,2019-06-06,2020-03-23
20093,10668,2020-04-15,2020-07-16
20119,10669,2020-08-31,2021-01-29
20126,10669,2021-02-19,2022-03-20
20058,10669,2022-04-24,2022-12-02
20115,10669,2023-01-15,2023-04-20
20179,10670,2019-03-14,2019-10-19
20163,10670,2019-11-13,2020-05-23
20085,10670,2020-06-23,2020-08-09
20036,10671,2025-05-17,2026-01-07
20120,10671,2026-01-21,2026-02-07
20095,10671,2026-02-18,2026-05-25
20067,10671,2026-06-02,2026-07-01
20146,10672,2022-11-07,2022-11-29
20148,10673,2025-08-28,2026-01-21
20112,10673,2026-02-26,2026-07-01
20045,10674,2019-05-12,2019-10-06
20093,10674,2019-11-11,2020-01-01
20160,10674,2020-02-06,2020-02-10
20031,10675,2023-03-17,2023-07-11
20121,10676,2016-01-30,2016-07-07
20029,10676,2016-08-04,2016-11-11
20008,10676,2016-12-20,2017-11-18
20136,10676,2017-12-29,2018-05-04
20050,10676,2018-06-03,2018-11-16
20035,10676,2018-12-30,2019-04-29
20145,10676,2019-05-16,2019-07-08
20045,10677,2018-09-21,2019-08-03
20040,10677,2019-09-01,2020-02-06
20178,10677,2020-03-14,2020-08-19
20054,10677,2020-09-19,2021-09-25
20170,10677,2021-10-20,2021-12-17
20075,10678,2018-02-04,2018-07-22
20079,10678,2018-08-23,2019-01-10
20045,10678,2019-01-27,2019-12-09
20174,10678,2019-12-21,2020-06-15
20134,10678,2020-07-02,2020-12-26
20160,10679,2021-02-07,2021-10-01
20132,10679,2021-10-13,2022-04-23
20074,10679,2022-04-30,2022-08-25
20015,10679,2022-09-09,2023-01-03
20018,10679,2023-02-13,2023-05-31
20094,10680,2022-04-29,2022-08-10
20115,10680,2022-09-07,2023-05-13
20109,10680,2023-06-16,2023-10-26
20006,10680,2023-12-03,2025-11-24
20129,10681,2019-06-04,2019-11-04
20179,10681,2019-11-13,2020-07-22
20164,10681,2020-08-29,2020-10-31
20087,10682,2023-10-23,2023-11-21
20083,10683,2018-08-06,2018-09-10
20041,10683,2018-10-03,2019-03-16
20145,10683,2019-04-14,2019-05-05
20057,10684,2015-05-03,2015-11-12
20106,10684,2015-12-16,2016-01-02
20092,10684,2016-01-20,2016-03-01
20083,10684,2016-03-25,2016-07-10
20026,10684,2016-08-15,2017-02-27
20050,10685,2018-08-12,2018-10-24
20103,10686,2026-06-28,2026-07-01
20135,10687,2015-03-23,2016-01-22
20004,10687,2016-02-14,2016-03-10
20046,10688,2025-06-06,2025-11-25
20122,10689,2021-01-16,2021-11-15
20126,10689,2021-12-17,2022-07-06
20083,10690,2015-05-13,2015-10-27
20144,10690,2015-11-09,2015-12-31
20121,10690,2016-01-17,2016-10-21
20113,10690,2016-11-01,2017-05-09
20071,10690,2017-05-17,2017-07-17
20176,10690,2017-08-03,2018-07-16
20156,10690,2018-08-02,2019-03-17
20129,10690,2019-04-08,2019-07-29
20160,10690,2019-08-17,2020-01-20
20013,10690,2020-02-03,2020-07-14
20005,10690,2020-08-14,2020-09-17
20173,10690,2020-09-27,2021-06-04
20054,10690,2021-06-16,2021-10-18
20170,10690,2021-11-15,2023-02-25
20118,10690,2023-03-15,2023-06-03
20063,10690,2023-07-07,2023-12-09
20006,10690,2024-01-14,2024-07-03
20165,10690,2024-08-03,2025-04-18
20116,10690,2025-04-29,2025-06-06
20168,10690,2025-06-26,2025-10-14
20103,10690,2025-11-15,2026-05-24
20039,10690,2026-06-16,2026-07-01
20132,10691,2023-05-21,2023-09-23
20031,10691,2023-10-23,2024-01-13
20146,10691,2024-02-13,2024-12-23
20088,10691,2025-01-08,2025-05-31
20088,10691,2025-07-03,2025-08-24
20006,10692,2023-12-02,2023-12-21
20078,10693,2017-04-16,2017-07-10
20176,10693,2017-08-23,2018-07-26
20179,10693,2018-09-08,2019-05-09
20164,10694,2020-10-14,2021-08-28
20102,10694,2021-10-10,2022-01-31
20131,10694,2022-02-24,2022-06-16
20124,10694,2022-07-23,2023-02-17
20146,10694,2023-03-30,2023-10-20
20018,10694,2023-10-28,2024-06-16
20151,10694,2024-07-20,2024-12-10
20169,10694,2024-12-19,2024-12-21
20124,10695,2023-01-16,2023-03-19
20146,10695,2023-04-02,2023-10-16
20078,10696,2016-05-24,2017-07-10
20083,10696,2017-07-15,2017-12-26
20176,10696,2017-12-31,2018-12-12
20107,10696,2019-01-06,2019-04-01
20035,10696,2019-04-23,2019-04-29
20180,10696,2019-06-11,2019-06-24
20013,10696,2019-07-31,2020-06-04
20061,10696,2020-06-26,2020-12-16
20134,10696,2021-01-24,2021-03-21
20164,10696,2021-03-26,2021-08-28
20131,10696,2021-09-05,2022-04-25
20170,10696,2022-05-26,2022-12-13
20018,10696,2023-01-25,2023-05-23
20154,10697,2021-07-26,2021-09-21
20102,10697,2021-10-01,2021-12-11
20016,10698,2016-07-21,2016-10-09
20075,10698,2016-11-04,2017-11-01
20083,10698,2017-11-17,2018-04-17
20008,10698,2018-05-06,2018-10-02
20045,10698,2018-10-20,2019-12-09
20160,10698,2019-12-30,2020-04-04
20179,10699,2019-07-11,2020-06-22
20077,10699,2020-07-27,2021-07-09
20049,10699,2021-08-10,2021-12-03
20107,10700,2018-05-23,2018-11-02
20103,10701,2025-06-03,2025-07-25
20180,10702,2018-07-14,2019-05-24
20180,10702,2019-06-21,2019-06-24
20101,10703,2026-01-10,2026-07-01
20011,10704,2020-01-04,2020-02-16
20051,10705,2022-07-04,2023-04-19
20031,10705,2023-04-24,2024-01-13
20087,10705,2024-02-24,2024-05-20
20087,10705,2024-06-02,2024-07-13
20018,10705,2024-07-28,2025-01-30
20010,10705,2025-02-27,2025-12-11
20067,10705,2026-01-13,2026-07-01
20179,10706,2017-01-29,2018-01-31
20064,10706,2018-03-15,2018-06-07
20180,10706,2018-07-05,2018-12-02
20156,10706,2018-12-15,2019-04-14
20180,10706,2019-05-03,2019-06-24
20005,10706,2019-07-22,2020-02-08
20134,10706,2020-02-19,2020-06-14
20134,10706,2020-06-27,2021-03-21
20132,10707,2021-12-25,2022-07-09
20018,10707,2022-07-27,2022-12-13
20146,10707,2022-12-24,2023-06-15
20123,10707,2023-07-22,2023-10-16
20014,10707,2023-10-24,2024-02-14
20087,10708,2024-05-17,2024-07-13
20014,10708,2024-08-22,2025-07-27
20148,10708,2025-08-13,2026-01-21
20112,10708,2026-02-19,2026-07-01
20006,10709,2025-06-13,2025-11-05
20087,10710,2024-06-22,2024-07-13
20065,10710,2024-08-17,2024-10-02
20033,10710,2024-10-28,2025-06-01
20100,10710,2025-06-25,2025-07-08
20070,10710,2025-08-18,2026-02-03
20080,10710,2026-03-15,2026-07-01
20165,10711,2026-01-17,2026-02-09
20112,10711,2026-03-24,2026-07-01
20129,10712,2019-04-21,2019-12-17
20163,10712,2019-12-31,2020-06-29
20134,10712,2020-07-21,2021-01-16
20054,10712,2021-02-28,2021-04-10
20056,10713,2025-12-05,2026-04-30
20172,10714,2017-02-15,2017-07-13
20043,10714,2017-08-24,2017-08-31
20105,10715,2023-12-22,2024-10-31
20088,10715,2024-11-21,2025-08-24
20006,10715,2025-09-29,2025-12-06
20076,10715,2026-01-19,2026-07-01
20105,10716,2023-08-03,2023-09-16
20087,10717,2024-01-17,2024-07-13
20018,10717,2024-08-23,2025-08-17
20067,10717,2025-08-31,2026-07-01
20093,10718,2020-09-14,2021-04-07
20138,10718,2021-04-17,2021-09-28
20132,10718,2021-10-06,2022-03-14
20018,10718,2022-04-04,2022-08-24
20044,10718,2022-09-08,2023-02-08
20031,10718,2023-03-22,2024-01-13
20006,10718,2024-02-02,2024-08-28
20023,10719,2020-12-10,2021-01-31
20122,10719,2021-02-08,2021-07-08
20126,10719,2021-07-27,2022-05-20
20130,10719,2022-06-13,2022-10-24
20156,10720,2018-12-13,2019-04-14
20129,10720,2019-04-19,2019-07-31
20170,10721,2021-08-15,2021-12-09
20057,10722,2015-05-16,2016-02-05
20143,10722,2016-03-09,2017-02-19
20082,10722,2017-04-04,2017-04-07
20004,10722,2017-05-20,2017-10-18
20107,10722,2017-11-09,2018-08-26
20050,10722,2018-09-23,2018-11-16
20156,10722,2018-12-14,2019-04-14
20180,10722,2019-05-24,2019-06-24
20155,10722,2019-07-09,2019-11-22
20174,10722,2019-12-05,2020-08-04
20142,10722,2020-08-11,2020-10-28
20160,10722,2020-12-07,2021-04-08
20068,10722,2021-04-18,2021-08-13
20159,10722,2021-09-12,2021-12-28
20094,10722,2022-02-10,2022-08-04
20053,10722,2022-09-17,2022-11-30
20146,10722,2022-12-23,2023-05-10
20130,10722,2023-06-22,2023-09-06
20146,10722,2023-09-12,2024-02-28
20014,10722,2024-03-19,2024-07-28
20146,10722,2024-08-20,2025-01-21
20014,10722,2025-02-17,2025-06-08
20081,10722,2025-07-04,2025-10-18
20070,10722,2025-10-28,2026-02-03
20076,10722,2026-03-16,2026-07-01
20053,10723,2022-11-25,2022-11-30
20118,10723,2023-01-09,2023-04-18
20141,10723,2023-04-27,2023-05-08
20132,10723,2023-06-14,2023-09-23
20014,10723,2023-10-26,2024-03-17
20014,10723,2024-04-05,2024-06-05
20018,10724,2022-02-19,2022-05-31
20126,10724,2022-07-01,2022-09-21
20051,10724,2022-10-23,2023-04-19
20105,10724,2023-05-19,2024-12-12
20175,10724,2025-01-17,2025-08-01
20168,10724,2025-08-10,2025-10-14
20006,10724,2025-10-20,2025-12-06
20112,10724,2026-01-10,2026-01-30
20020,10725,2022-04-23,2022-06-18
20115,10725,2022-07-30,2023-05-14
20139,10725,2023-05-24,2024-01-15
20091,10725,2024-02-09,2024-02-25
20083,10726,2015-09-11,2016-01-05
20137,10726,2016-01-30,2016-05-09
20137,10726,2016-06-18,2016-10-01
20078,10726,2016-11-03,2017-07-10
20075,10726,2017-07-18,2017-12-09
20127,10727,2025-11-07,2026-07-01
20033,10728,2025-01-28,2025-07-09
20036,10728,2025-07-22,2026-01-01
20067,10728,2026-02-14,2026-07-01
20169,10729,2024-07-12,2024-12-21
20103,10729,2025-01-30,2025-09-19
20067,10729,2025-09-27,2026-01-16
20080,10729,2026-01-25,2026-07-01
20093,10730,2020-11-28,2021-03-28
20060,10730,2021-04-15,2021-05-27
20105,10731,2024-03-11,2024-12-12
20018,10731,2024-12-23,2025-10-13
20120,10731,2025-11-12,2026-02-07
20101,10731,2026-02-24,2026-07-01
20018,10732,2022-05-25,2022-11-15
20018,10732,2022-11-29,2023-08-25
20014,10732,2023-09-30,2024-01-24
20146,10732,2024-02-27,2024-09-11
20088,10732,2024-10-03,2025-02-19
20151,10732,2025-03-04,2025-04-10
20081,10732,2025-05-09,2025-10-18
20036,10732,2025-10-26,2026-03-09
20048,10732,2026-04-01,2026-07-01
20167,10733,2016-01-31,2016-09-01
20007,10733,2016-10-07,2016-10-14
20017,10733,2016-10-28,2017-05-03
20083,10733,2017-06-07,2018-01-30
20107,10733,2018-03-11,2018-05-17
20156,10733,2018-06-06,2018-11-21
20027,10734,2021-09-25,2021-12-14
20102,10734,2022-01-07,2022-01-31
20034,10734,2022-02-19,2022-03-13
20055,10734,2022-04-10,2022-06-26
20095,10735,2025-12-03,2026-01-22
20077,10736,2021-01-03,2021-07-09
20154,10736,2021-07-24,2021-09-21
20094,10736,2021-11-02,2022-04-07
20051,10736,2022-05-17,2023-02-01
20132,10736,2023-02-14,2023-06-14
20139,10736,2023-06-26,2024-01-15
20103,10736,2024-01-27,2024-03-20
20071,10737,2017-06-17,2017-07-17
20004,10737,2017-08-12,2018-04-25
20107,10737,2018-05-17,2019-04-01
20025,10737,2019-05-12,2019-06-07
20011,10738,2021-01-08,2021-03-27
20131,10738,2021-05-06,2022-02-11
20131,10738,2022-03-04,2022-06-16
20094,10738,2022-07-27,2022-08-10
20130,10738,2022-08-22,2023-09-02
20139,10738,2023-09-21,2024-01-15
20123,10738,2024-02-03,2024-04-27
20151,10738,2024-05-15,2025-04-10
20100,10738,2025-05-07,2025-07-08
20175,10738,2025-08-16,2025-11-06
20127,10738,2025-11-13,2026-07-01
20040,10739,2020-01-08,2020-07-09
20005,10739,2020-07-30,2020-09-17
20061,10739,2020-10-07,2021-02-23
20012,10739,2021-03-12,2021-12-02
20126,10739,2021-12-28,2022-09-21
20141,10739,2022-10-24,2023-04-13
20130,10739,2023-04-23,2023-09-06
20123,10739,2023-10-20,2024-03-05
20103,10739,2024-03-24,2024-09-12
20105,10739,2024-09-17,2024-12-12
20033,10739,2024-12-21,2025-07-09
20006,10739,2025-07-14,2025-12-06
20036,10739,2025-12-17,2026-03-09
20153,10739,2026-04-17,2026-04-21
20099,10739,2026-05-31,2026-07-01
20156,10740,2018-10-13,2019-04-14
20160,10740,2019-05-15,2019-11-08
20160,10740,2019-12-17,2020-07-20
20164,10740,2020-09-01,2021-03-05
20049,10740,2021-04-09,2021-08-13
20074,10740,2021-09-18,2022-03-06
20074,10740,2022-04-09,2022-08-25
20170,10740,2022-09-03,2023-02-25
20141,10740,2023-03-15,2023-05-08
20162,10740,2023-06-06,2023-08-22
20146,10740,2023-09-26,2024-06-30
20010,10740,2024-07-07,2025-05-02
20014,10740,2025-06-13,2025-08-06
20148,10740,2025-09-13,2026-01-14
20097,10740,2026-02-12,2026-07-01
20030,10741,2015-02-18,2015-07-12
20052,10741,2015-08-15,2015-08-19
20135,10741,2015-09-23,2016-09-07
20066,10741,2016-09-17,2017-05-01
20113,10741,2017-05-06,2017-05-09
20096,10741,2017-06-22,2017-07-17
20043,10741,2017-08-11,2017-09-30
20171,10742,2016-11-27,2016-12-21
20143,10742,2017-01-28,2017-02-19
20113,10742,2017-03-01,2017-05-09
20004,10742,2017-05-18,2017-05-20
20072,10743,2017-12-01,2018-04-22
20075,10744,2016-10-20,2017-02-12
20128,10745,2017-12-15,2018-02-19
20050,10745,2018-03-30,2018-11-16
20129,10745,2018-12-11,2019-09-02
20013,10745,2019-09-17,2020-04-09
20163,10745,2020-04-30,2020-06-29
20178,10745,2020-07-11,2020-08-19
20077,10745,2020-09-11,2021-02-17
20154,10745,2021-02-28,2021-07-31
20008,10746,2016-12-12,2017-10-01
20108,10746,2017-10-29,2018-07-21
20129,10746,2018-08-25,2019-01-14
20045,10746,2019-02-21,2019-09-12
20179,10746,2019-09-24,2020-06-09
20085,10746,2020-07-10,2020-07-29
20180,10747,2018-03-31,2018-05-13
20113,10748,2017-04-27,2017-05-09
20156,10748,2017-06-05,2017-12-26
20064,10748,2018-01-08,2018-06-07
20035,10748,2018-07-13,2019-04-29
20086,10748,2019-06-04,2020-03-23
20005,10748,2020-04-28,2020-09-17
20119,10748,2020-10-03,2021-01-29
20160,10748,2021-03-08,2021-11-04
20003,10748,2021-11-19,2022-02-14
20124,10748,2022-03-18,2022-04-10
20133,10749,2018-01-08,2018-03-03
20072,10749,2018-04-10,2019-01-28
20145,10749,2019-03-03,2019-07-08
20005,10749,2019-08-04,2020-03-19
20174,10749,2020-04-12,2020-08-04
20077,10749,2020-09-02,2021-01-20
20095,10750,2025-11-08,2026-05-25
20056,10750,2026-06-19,2026-07-01
20083,10751,2015-01-20,2015-08-11
20002,10751,2015-09-09,2015-12-27
20167,10751,2016-02-07,2016-04-22
20121,10751,2016-05-03,2016-11-01
20029,10751,2016-11-17,2017-04-11
20096,10751,2017-04-23,2017-07-17
20043,10751,2017-07-29,2017-12-10
20072,10751,2017-12-31,2018-08-17
20160,10751,2018-09-27,2019-07-06
20160,10751,2019-07-21,2020-07-30
20068,10751,2020-09-10,2021-04-07
20138,10751,2021-04-17,2021-09-08
20122,10751,2021-10-09,2021-11-15
20090,10751,2021-12-22,2022-03-15
20177,10752,2026-04-19,2026-07-01
20179,10753,2019-07-28,2020-04-07
20077,10753,2020-04-27,2020-12-20
20122,10753,2021-01-01,2021-11-15
20159,10753,2021-12-19,2021-12-28
20034,10753,2022-02-04,2022-03-13
20053,10753,2022-03-25,2022-11-30
20170,10753,2023-01-09,2023-02-25
20044,10753,2023-03-25,2023-05-03
20018,10753,2023-05-23,2023-09-13
20103,10754,2024-11-13,2025-02-07
20163,10755,2019-07-25,2020-03-21
20011,10755,2020-05-01,2021-03-27
20114,10755,2021-04-07,2021-05-14
20054,10755,2021-06-25,2021-10-18
20170,10755,2021-11-02,2022-09-08
20010,10755,2022-09-25,2022-11-19
20030,10756,2015-07-04,2015-10-25
20167,10756,2015-12-05,2016-09-01
20121,10756,2016-10-14,2016-11-01
20096,10756,2016-12-15,2017-07-16
20108,10756,2017-08-13,2018-07-21
20035,10756,2018-07-29,2018-11-04
20072,10756,2018-11-25,2019-01-28
20107,10756,2019-02-15,2019-04-01
20011,10756,2019-04-26,2019-10-14
20171,10757,2016-07-14,2016-12-21
20128,10757,2017-01-24,2017-06-28
20172,10757,2017-08-07,2018-03-12
20064,10757,2018-04-03,2018-06-07
20008,10757,2018-06-30,2018-10-02
20160,10757,2018-10-21,2019-11-23
20163,10757,2019-12-18,2020-06-29
20160,10757,2020-07-07,2021-04-03
20159,10757,2021-04-16,2021-12-16
20090,10757,2022-01-21,2022-01-28
20124,10758,2022-08-06,2023-03-19
20044,10758,2023-04-20,2023-05-03
20109,10758,2023-06-14,2023-11-24
20010,10758,2023-12-20,2024-10-14
20033,10758,2024-11-20,2025-07-09
20018,10758,2025-07-15,2025-10-20
20148,10758,2025-11-17,2026-01-21
20112,10758,2026-03-03,2026-07-01
20109,10759,2023-06-06,2023-10-17
20123,10759,2023-11-09,2024-04-17
20026,10760,2017-01-02,2017-05-23
20043,10760,2017-06-05,2017-10-23
20172,10760,2017-11-09,2018-02-14
20108,10760,2018-03-19,2018-07-21
20072,10760,2018-08-31,2019-01-27
20107,10760,2019-02-22,2019-04-01
20045,10760,2019-04-30,2019-07-02
20030,10761,2015-03-07,2015-10-25
20083,10761,2015-11-23,2016-06-16
20084,10761,2016-06-29,2016-10-05
20066,10761,2016-10-31,2017-02-23
20078,10761,2017-03-23,2017-07-10
20004,10761,2017-07-31,2017-11-20
20128,10761,2017-12-21,2018-02-19
20107,10761,2018-03-04,2018-08-13
20035,10761,2018-09-07,2019-03-19
20045,10762,2019-05-16,2019-12-09
20178,10762,2020-01-17,2020-05-06
20160,10762,2020-06-02,2021-01-27
20134,10762,2021-03-01,2021-03-21
20049,10762,2021-04-30,2021-12-27
20003,10762,2022-02-03,2022-02-14
20132,10762,2022-03-12,2022-06-25
20094,10762,2022-07-16,2022-08-10
20015,10762,2022-09-06,2022-12-18
20115,10762,2023-01-17,2023-05-28
20130,10762,2023-06-16,2023-08-13
20045,10763,2019-02-08,2019-08-05
20163,10763,2019-08-11,2020-06-08
20005,10763,2020-07-13,2020-09-17
20179,10763,2020-10-05,2020-12-13
20126,10763,2020-12-22,2021-04-08
20012,10763,2021-04-28,2021-11-08
20126,10763,2021-11-26,2022-06-10
20015,10763,2022-06-21,2022-09-14
20044,10763,2022-10-03,2023-05-03
20006,10763,2023-06-02,2023-09-26
20139,10763,2023-11-02,2024-01-15
20018,10763,2024-02-21,2024-05-02
20143,10764,2016-07-31,2016-10-27
20146,10765,2024-01-10,2024-10-30
20175,10766,2025-05-02,2025-11-06
20095,10766,2025-11-22,2026-05-25
20057,10767,2015-05-16,2016-02-05
20167,10767,2016-02-11,2016-07-15
20082,10767,2016-08-21,2016-11-02
20113,10767,2016-11-13,2017-05-09
20043,10767,2017-06-09,2017-11-24
20156,10767,2017-12-01,2019-01-02
20035,10767,2019-01-09,2019-04-29
20160,10767,2019-05-16,2019-07-11
20134,10768,2021-03-10,2021-03-21
20012,10768,2021-04-13,2021-10-27
20131,10768,2021-12-09,2022-03-24
20020,10768,2022-04-09,2022-06-18
20126,10768,2022-06-25,2022-09-21
20130,10768,2022-09-26,2023-07-25
20006,10768,2023-08-29,2024-04-05
20100,10768,2024-05-05,2024-09-26
20033,10768,2024-10-18,2025-05-14
20101,10768,2025-05-21,2025-07-08
20115,10769,2023-03-26,2023-07-25
20031,10769,2023-09-07,2024-01-13
20063,10769,2024-01-27,2024-02-07
20160,10770,2020-03-10,2020-09-22
20003,10771,2021-07-21,2022-02-14
20034,10771,2022-03-02,2022-03-13
20058,10771,2022-03-28,2022-12-02
20124,10771,2022-12-10,2023-03-19
20141,10771,2023-04-09,2023-05-08
20006,10771,2023-05-13,2024-01-09
20063,10771,2024-02-19,2024-04-14
20169,10771,2024-05-25,2024-10-05
20161,10771,2024-11-11,2025-04-18
20148,10771,2025-05-11,2026-01-21
20158,10771,2026-03-03,2026-06-30
20087,10772,2023-12-25,2024-02-29
20103,10772,2024-03-14,2025-02-20
20175,10772,2025-04-04,2025-09-18
20147,10773,2025-12-25,2026-03-27
20097,10773,2026-04-12,2026-07-01
20080,10774,2025-11-26,2026-07-01
20006,10775,2025-04-30,2025-12-06
20120,10775,2026-01-04,2026-02-07
20177,10775,2026-03-20,2026-07-01
20178,10776,2020-07-22,2020-08-19
20164,10776,2020-09-21,2021-04-27
20173,10776,2021-05-27,2021-06-04
20170,10776,2021-07-15,2022-05-25
20018,10776,2022-07-06,2022-10-15
20146,10777,2024-05-08,2024-09-20
20135,10778,2015-04-30,2015-12-12
20083,10778,2015-12-23,2017-09-30
20108,10778,2017-10-05,2018-04-22
20021,10778,2018-05-26,2018-07-12
20107,10778,2018-07-23,2018-07-29
20159,10779,2021-08-06,2021-12-28
20132,10779,2022-01-31,2022-08-15
20130,10779,2022-09-27,2023-03-27
20146,10779,2023-04-06,2023-11-15
20091,10779,2023-12-25,2024-02-25
20018,10779,2024-03-19,2025-04-29
20165,10779,2025-05-22,2025-08-25
20009,10779,2025-09-03,2025-12-03
20009,10779,2025-12-21,2025-12-26
20140,10780,2025-02-22,2025-04-04
20067,10780,2025-05-16,2026-07-01
20130,10781,2023-01-16,2023-08-26
20063,10781,2023-09-14,2024-03-23
20103,10781,2024-04-29,2024-04-30
20180,10782,2018-05-16,2019-03-25
20025,10782,2019-04-11,2019-10-28
20149,10782,2019-11-18,2020-06-19
20085,10782,2020-06-24,2020-08-20
20077,10782,2020-10-01,2021-03-24
20114,10782,2021-04-22,2021-05-14
20138,10782,2021-05-22,2022-01-04
20126,10782,2022-02-12,2022-09-21
20170,10782,2022-10-31,2023-02-25
20051,10782,2023-03-25,2023-04-19
20162,10782,2023-04-30,2023-08-22
20063,10782,2023-09-11,2023-09-12
20173,10783,2021-02-28,2021-06-04
20126,10783,2021-06-11,2022-03-26
20090,10783,2022-04-17,2022-04-24
20170,10783,2022-06-04,2023-01-12
20124,10783,2023-02-02,2023-03-19
20006,10783,2023-05-02,2024-07-28
20100,10783,2024-08-28,2024-09-19
20180,10784,2019-05-04,2019-06-24
20011,10784,2019-07-09,2020-04-26
20160,10784,2020-06-03,2021-08-01
20074,10784,2021-08-22,2022-08-23
20053,10784,2022-09-01,2022-11-30
20015,10784,2022-12-06,2023-01-03
20162,10784,2023-02-09,2023-07-12
20014,10784,2023-08-19,2024-05-07
20105,10784,2024-05-31,2024-10-11
20165,10784,2024-10-26,2025-11-12
20036,10784,2025-12-17,2026-03-09
20080,10784,2026-04-07,2026-05-30
20071,10785,2017-02-23,2017-07-17
20098,10785,2017-08-26,2017-09-02
20075,10785,2017-09-15,2018-03-05
20008,10785,2018-04-16,2018-10-02
20041,10785,2018-10-24,2019-07-17
20086,10785,2019-07-30,2020-03-23
20142,10785,2020-04-10,2020-10-28
20164,10785,2020-11-06,2021-08-28
20094,10785,2021-10-10,2022-03-15
20017,10786,2016-09-17,2017-05-03
20179,10786,2017-05-10,2017-10-19
20043,10786,2017-12-01,2017-12-10
20008,10786,2018-01-03,2018-02-04
20123,10787,2024-03-09,2024-04-27
20100,10787,2024-05-21,2025-04-29
20106,10788,2015-08-07,2016-01-02
20143,10788,2016-01-10,2016-07-09
20143,10788,2016-07-24,2017-02-19
20160,10789,2018-10-08,2019-06-23
20075,10790,2017-08-08,2018-01-09
20179,10790,2018-02-10,2019-06-23
20011,10791,2019-02-25,2020-04-21
20132,10792,2023-04-29,2023-09-23
20123,10792,2023-11-05,2024-04-27
20105,10792,2024-06-02,2024-11-28
20105,10792,2024-12-11,2024-12-12
20006,10792,2025-01-04,2025-10-20
20070,10792,2025-10-30,2026-02-03
20111,10792,2026-02-26,2026-07-01
20005,10793,2020-04-12,2020-09-02
20109,10794,2023-08-13,2023-11-24
20139,10794,2023-12-06,2024-01-15
20006,10794,2024-02-17,2024-07-28
20048,10795,2026-04-05,2026-07-01
20094,10796,2022-03-28,2022-08-10
20011,10797,2019-09-20,2019-11-20
20123,10798,2024-02-20,2024-04-27
20014,10798,2024-05-12,2025-02-02
20116,10798,2025-03-12,2025-06-06
20175,10798,2025-06-29,2025-09-12
20177,10799,2025-07-24,2026-02-13
20157,10799,2026-03-08,2026-03-16
20148,10800,2025-10-05,2026-01-21
20036,10800,2026-02-05,2026-03-09
20097,10800,2026-03-26,2026-06-26
20075,10801,2017-11-01,2017-12-14
20077,10802,2020-12-26,2021-07-09
20122,10802,2021-07-21,2021-11-15
20126,10802,2021-11-22,2022-08-25
20010,10802,2022-09-22,2023-03-13
20130,10802,2023-04-11,2023-09-06
20006,10802,2023-10-10,2024-02-15
20083,10803,2015-03-18,2015-08-31
20167,10803,2015-09-13,2016-03-30
20083,10803,2016-04-07,2016-11-04
20084,10803,2016-12-12,2017-02-22
20130,10804,2023-03-28,2023-09-06
20093,10805,2020-11-19,2021-04-07
20060,10805,2021-04-29,2021-12-18
20094,10805,2021-12-31,2022-08-10
20132,10805,2022-08-28,2023-01-05
20040,10806,2019-09-16,2019-10-02
20004,10807,2016-08-14,2017-02-01
20164,10808,2021-03-04,2021-08-28
20027,10808,2021-09-10,2021-12-14
20074,10808,2022-01-06,2022-05-24
20010,10808,2022-06-18,2022-11-13
20058,10808,2022-11-23,2022-12-02
20124,10808,2022-12-18,2023-03-19
20063,10808,2023-04-20,2023-11-04
20105,10808,2023-12-14,2024-07-14
20100,10808,2024-08-02,2025-01-24
20014,10808,2025-02-26,2025-08-06
20168,10808,2025-09-19,2025-10-14
20175,10808,2025-10-20,2025-11-06
20095,10808,2025-11-23,2026-05-25
20011,10809,2020-11-21,2021-01-17
20132,10810,2023-02-26,2023-09-23
20146,10810,2023-10-24,2024-07-07
20165,10810,2024-07-20,2025-03-12
20103,10811,2024-05-27,2025-08-14
20056,10811,2025-09-18,2026-07-01
20100,10812,2024-03-10,2024-09-23
20069,10813,2015-02-25,2015-09-13
20017,10813,2015-09-25,2016-03-27
20017,10813,2016-05-08,2017-05-03
20043,10813,2017-06-08,2017-12-10
20004,10813,2018-01-20,2018-03-10
20077,10814,2021-03-27,2021-07-09
20160,10814,2021-08-22,2021-11-04
20003,10814,2021-11-30,2022-02-14
20094,10814,2022-02-26,2022-06-05
20051,10814,2022-06-27,2022-11-15
20115,10814,2022-12-10,2023-07-09
20115,10814,2023-07-14,2023-07-25
20091,10814,2023-08-25,2024-02-25
20006,10814,2024-04-01,2024-10-22
20100,10814,2024-10-31,2025-01-16
20109,10815,2023-02-14,2023-11-24
20156,10816,2017-05-25,2018-02-23
20050,10816,2018-03-19,2018-11-16
20156,10816,2018-12-13,2019-04-14
20025,10816,2019-05-07,2019-10-28
20011,10816,2019-11-13,2020-09-27
20077,10816,2020-10-29,2021-06-07
20027,10816,2021-07-21,2021-08-21
20100,10817,2024-04-09,2024-12-01
20175,10817,2024-12-24,2025-04-04
20081,10818,2025-01-15,2025-04-25
20010,10818,2025-05-24,2025-12-11
20145,10819,2019-06-10,2019-07-08
20018,10820,2022-11-08,2023-08-10
20123,10820,2023-08-31,2024-04-27
20018,10820,2024-06-04,2025-02-14
20018,10820,2025-03-03,2025-06-04
20118,10821,2022-10-28,2023-06-03
20146,10821,2023-06-23,2024-01-10
20084,10822,2016-07-26,2016-10-13
20167,10823,2016-01-26,2016-06-22
20137,10823,2016-07-31,2016-11-04
20096,10823,2016-11-26,2017-07-17
20004,10823,2017-07-30,2017-08-13
20137,10824,2016-11-02,2016-12-04
20172,10824,2016-12-31,2017-06-26
20179,10825,2019-05-12,2019-10-01
20011,10825,2019-10-27,2020-07-05
20011,10825,2020-07-20,2020-12-06
20134,10825,2020-12-29,2021-03-21
20068,10825,2021-03-26,2022-02-23
20094,10825,2022-03-19,2022-08-10
20010,10825,2022-08-27,2022-12-09
20051,10825,2023-01-18,2023-04-19
20091,10825,2023-06-02,2024-02-25
20063,10825,2024-03-30,2024-04-14
20014,10825,2024-05-08,2024-06-26
20070,10826,2025-06-14,2025-09-27
20070,10826,2025-10-11,2026-02-03
20056,10826,2026-02-21,2026-07-01
20054,10827,2020-12-06,2021-09-04
20074,10827,2021-10-11,2022-03-16
20170,10827,2022-04-01,2023-01-28
20141,10827,2023-02-12,2023-05-08
20115,10827,2023-06-07,2023-07-25
20010,10827,2023-08-08,2024-02-29
20146,10827,2024-03-25,2024-11-23
20010,10827,2024-12-24,2025-07-20
20159,10828,2021-08-22,2021-12-28
20131,10828,2022-01-09,2022-06-16
20130,10828,2022-07-14,2023-06-04
20031,10828,2023-07-06,2024-01-13
20018,10828,2024-02-14,2024-10-31
20175,10828,2024-11-21,2025-07-08
20070,10828,2025-08-08,2026-02-03
20103,10828,2026-02-09,2026-06-07
20111,10828,2026-06-15,2026-07-01
20132,10829,2021-07-19,2022-03-30
20126,10829,2022-04-20,2022-09-21
20015,10829,2022-10-17,2023-01-03
20118,10829,2023-01-22,2023-06-03
20018,10829,2023-06-30,2023-07-06
20137,10830,2016-03-02,2016-03-23
20004,10831,2017-03-01,2017-07-11
20133,10831,2017-08-07,2018-01-19
20179,10831,2018-02-18,2020-05-17
20093,10831,2020-06-11,2021-04-07
20003,10831,2021-04-16,2021-08-15
20126,10831,2021-09-11,2021-12-24
20034,10831,2022-01-26,2022-03-13
20068,10831,2022-04-10,2022-05-24
20118,10831,2022-07-04,2023-01-02
20018,10831,2023-01-23,2023-09-29
20088,10832,2025-04-12,2025-08-24
20165,10832,2025-09-25,2026-02-09
20112,10832,2026-03-12,2026-07-01
20052,10833,2015-05-22,2015-08-19
20167,10833,2015-09-03,2016-08-18
20151,10834,2024-10-07,2025-04-10
20036,10834,2025-05-19,2025-09-16
20081,10834,2025-10-13,2025-10-18
20120,10834,2025-10-30,2026-02-07
20097,10834,2026-02-22,2026-07-01
20010,10835,2023-09-29,2024-05-30
20006,10835,2024-07-13,2024-09-21
20014,10836,2023-12-16,2024-03-28
20100,10837,2024-09-03,2025-07-08
20101,10837,2025-08-07,2026-03-04
20039,10837,2026-03-09,2026-07-01
20004,10838,2017-12-15,2018-04-25
20156,10838,2018-05-16,2018-11-29
20072,10838,2018-12-29,2019-01-28
20045,10838,2019-02-12,2019-10-18
20160,10838,2019-11-19,2020-08-19
20179,10838,2020-09-08,2020-12-13
20011,10838,2020-12-22,2021-03-27
20060,10838,2021-04-20,2021-12-18
20074,10838,2022-01-31,2022-08-25
20146,10838,2022-09-23,2023-03-13
20044,10838,2023-04-10,2023-05-03
20006,10838,2023-05-10,2023-11-05
20010,10838,2023-12-04,2024-08-07
20065,10838,2024-09-08,2024-10-02
20100,10838,2024-11-15,2025-07-08
20046,10838,2025-07-24,2025-10-11
20056,10838,2025-10-20,2026-07-01
20059,10839,2026-04-10,2026-07-01
20021,10840,2018-01-27,2018-04-24
20052,10841,2015-05-26,2015-08-19
20144,10841,2015-09-18,2015-12-31
20084,10841,2016-01-31,2016-05-12
20121,10841,2016-05-28,2016-08-27
20082,10841,2016-09-19,2016-12-12
20014,10842,2025-04-20,2025-08-06
20168,10842,2025-09-16,2025-10-14
20076,10842,2025-11-24,2026-07-01
20103,10843,2025-04-14,2025-09-28
20095,10843,2025-10-13,2026-02-10
20170,10844,2022-11-26,2023-02-25
20018,10844,2023-03-18,2023-06-26
20128,10845,2017-09-18,2018-02-19
20004,10845,2018-03-05,2018-04-02
20121,10846,2016-06-30,2016-11-01
20113,10846,2016-11-27,2017-05-09
20008,10846,2017-05-30,2017-11-28
20108,10846,2018-01-10,2018-06-25
20180,10846,2018-08-08,2018-12-17
20129,10846,2018-12-31,2019-06-12
20160,10846,2019-07-02,2020-01-19
20179,10846,2020-02-29,2020-12-11
20128,10847,2017-11-12,2018-02-19
20107,10847,2018-03-02,2018-04-12
20016,10848,2016-10-01,2016-10-09
20042,10848,2016-10-15,2017-01-06
20082,10848,2017-02-02,2017-04-07
20096,10848,2017-05-08,2017-07-17
20004,10848,2017-08-22,2017-12-08
20064,10848,2017-12-23,2018-05-20
20079,10848,2018-07-03,2019-01-10
20025,10848,2019-02-19,2019-10-04
20155,10848,2019-10-09,2019-11-22
20011,10848,2019-12-15,2020-08-13
20084,10849,2016-09-27,2017-02-22
20043,10849,2017-04-01,2017-07-14
20008,10850,2018-06-27,2018-10-02
20180,10850,2018-11-03,2019-04-14
20145,10850,2019-04-27,2019-07-08
20179,10850,2019-07-16,2020-07-20
20011,10850,2020-08-03,2021-03-27
20126,10850,2021-04-22,2022-01-07
20008,10851,2018-04-05,2018-10-02
20079,10851,2018-10-19,2019-01-10
20145,10851,2019-01-28,2019-07-08
20045,10851,2019-08-08,2019-12-09
20152,10851,2020-01-22,2020-02-03
20107,10852,2018-05-04,2019-01-03
20033,10853,2025-02-20,2025-07-09
20125,10853,2025-07-29,2026-01-22
20073,10853,2026-02-08,2026-07-01
20142,10854,2020-06-21,2020-10-28
20132,10854,2020-11-27,2021-08-25
20131,10854,2021-09-10,2022-05-29
20010,10854,2022-07-06,2023-01-21
20162,10854,2023-02-09,2023-08-22
20109,10854,2023-10-04,2023-10-11
20160,10855,2019-12-07,2020-04-03
20050,10856,2018-07-04,2018-09-14
20159,10857,2021-10-24,2021-12-28
20090,10857,2022-01-14,2022-04-24
20018,10857,2022-05-22,2023-01-22
20130,10857,2023-02-16,2023-04-11
20135,10858,2016-01-02,2016-08-16
20083,10858,2016-09-24,2016-12-08
20026,10858,2017-01-16,2017-05-23
20156,10858,2017-06-04,2018-10-04
20180,10858,2018-10-26,2019-06-24
20129,10858,2019-07-16,2019-12-17
20160,10858,2019-12-29,2020-04-22
20114,10859,2020-09-24,2021-05-14
20164,10859,2021-05-21,2021-07-07
20084,10860,2016-04-15,2017-02-06
20008,10860,2017-02-28,2017-12-07
20057,10861,2015-06-20,2015-10-31
20057,10861,2015-11-25,2016-06-17
20017,10861,2016-06-24,2016-11-06
20096,10862,2017-05-23,2017-07-17
20075,10862,2017-07-24,2018-04-15
20150,10863,2020-05-08,2020-08-07
20093,10863,2020-08-20,2020-12-16
20054,10863,2021-01-27,2021-10-18
20003,10863,2021-10-26,2022-02-14
20018,10863,2022-03-07,2022-12-09
20124,10863,2023-01-18,2023-03-19
20115,10863,2023-04-30,2023-07-25
20087,10863,2023-08-23,2024-02-27
20065,10863,2024-04-09,2024-10-02
20100,10863,2024-10-09,2025-02-27
20100,10863,2025-04-04,2025-07-08
20046,10863,2025-08-19,2025-10-21
20005,10864,2019-11-06,2020-08-05
20010,10865,2022-12-20,2023-06-15
20018,10865,2023-06-22,2024-07-09
20033,10865,2024-07-26,2025-07-09
20088,10865,2025-07-28,2025-08-24
20056,10865,2025-09-12,2026-04-11
20172,10866,2017-08-18,2018-03-12
20072,10866,2018-04-24,2019-01-28
20179,10866,2019-02-04,2019-10-07
20013,10866,2019-11-09,2020-07-05
20054,10866,2020-08-18,2021-02-26
20131,10866,2021-03-28,2021-12-07
20131,10866,2021-12-23,2022-05-21
20130,10866,2022-06-11,2022-12-24
20146,10866,2023-01-23,2024-05-24
20169,10866,2024-06-11,2024-10-11
20033,10866,2024-10-23,2025-05-13
20168,10866,2025-06-22,2025-10-14
20127,10866,2025-10-21,2026-07-01
20076,10867,2026-05-04,2026-05-27
20103,10868,2024-11-20,2025-06-07
20011,10869,2020-12-25,2021-03-27
20132,10869,2021-04-18,2022-05-12
20074,10869,2022-05-19,2022-08-25
20146,10869,2022-09-16,2023-02-05
20010,10869,2023-03-19,2023-10-12
20146,10869,2023-11-07,2024-05-05
20146,10869,2024-05-28,2024-09-28
20033,10869,2024-10-15,2025-02-07
20081,10869,2025-03-23,2025-09-10
20011,10870,2019-03-29,2019-10-18
20155,10870,2019-11-16,2019-11-22
20013,10870,2019-12-11,2020-07-14
20134,10870,2020-07-26,2020-12-08
20131,10870,2020-12-14,2021-10-16
20074,10870,2021-11-01,2022-08-25
20053,10870,2022-09-01,2022-11-30
20170,10870,2023-01-02,2023-02-25
20115,10870,2023-03-26,2023-07-25
20091,10870,2023-08-17,2024-01-22
20103,10870,2024-02-05,2024-11-11
20018,10870,2024-11-29,2025-10-20
20177,10870,2025-11-01,2026-07-01
20031,10871,2023-08-27,2024-01-13
20014,10871,2024-02-04,2024-09-01
20146,10871,2024-09-08,2025-01-21
20014,10871,2025-01-30,2025-05-27
20046,10871,2025-06-11,2025-06-24
20068,10872,2021-05-30,2022-05-24
20094,10872,2022-06-15,2022-08-10
20051,10872,2022-09-13,2023-04-19
20044,10872,2023-04-24,2023-05-03
20139,10872,2023-06-06,2023-07-17
20082,10873,2016-08-31,2017-02-12
20075,10873,2017-02-27,2018-09-21
20008,10873,2018-09-26,2018-10-02
20156,10873,2018-10-31,2019-01-29
20086,10874,2020-02-27,2020-03-23
20178,10874,2020-04-26,2020-08-19
20173,10874,2020-08-25,2021-06-04
20077,10874,2021-07-07,2021-07-09
20020,10874,2021-07-23,2022-03-13
20074,10874,2022-04-01,2022-08-25
20124,10874,2022-09-28,2023-02-01
20115,10874,2023-03-14,2023-07-25
20139,10874,2023-09-05,2024-01-15
20105,10874,2024-02-14,2024-07-05
20105,10874,2024-07-26,2024-12-12
20175,10874,2025-01-20,2025-07-16
20177,10874,2025-07-28,2026-03-11
20048,10874,2026-03-27,2026-05-28
20165,10875,2025-06-27,2025-11-24
20076,10875,2026-01-02,2026-07-01
20089,10876,2020-09-01,2021-03-07
20160,10876,2021-03-15,2021-10-14
20034,10876,2021-10-27,2022-03-13
20124,10876,2022-04-08,2022-10-19
20053,10876,2022-11-12,2022-11-30
20010,10876,2022-12-22,2024-03-02
20014,10876,2024-03-12,2024-06-19
20077,10877,2020-07-05,2021-01-19
20077,10877,2021-03-01,2021-07-09
20138,10877,2021-08-02,2021-08-03
20027,10878,2021-10-04,2021-12-14
20049,10878,2021-12-23,2021-12-27
20090,10878,2022-01-29,2022-01-31
20041,10879,2018-10-06,2019-03-22
20025,10879,2019-04-08,2019-10-28
20005,10879,2019-11-14,2020-08-05
20142,10879,2020-09-09,2020-10-28
20132,10879,2020-12-06,2021-11-09
20126,10879,2021-12-22,2022-08-30
20130,10879,2022-09-29,2023-03-16
20141,10879,2023-04-15,2023-05-08
20130,10879,2023-06-10,2023-09-06
20109,10879,2023-09-18,2023-11-24
20014,10879,2024-01-05,2024-07-29
20172,10880,2016-10-20,2017-05-25
20032,10880,2017-06-19,2017-07-13
20128,10880,2017-08-07,2018-02-19
20107,10880,2018-03-27,2018-09-22
20050,10880,2018-09-29,2018-11-16
20079,10880,2018-12-19,2019-01-10
20180,10880,2019-01-20,2019-06-24
20025,10880,2019-07-19,2019-10-28
20174,10880,2019-12-01,2020-04-27
20163,10880,2020-05-31,2020-06-29
20040,10880,2020-07-26,2020-11-20
20179,10880,2020-12-07,2020-12-13
20131,10880,2021-01-13,2021-11-03
20131,10880,2021-11-25,2022-06-16
20118,10880,2022-07-07,2023-04-28
20162,10880,2023-05-03,2023-08-22
20091,10880,2023-10-04,2024-02-25
20100,10880,2024-03-29,2024-09-21
20065,10880,2024-09-27,2024-10-02
20169,10880,2024-10-28,2024-12-21
20103,10880,2025-01-05,2025-09-11
20103,10880,2025-10-13,2026-03-17
20009,10880,2026-04-16,2026-05-16
20073,10880,2026-05-29,2026-06-14
20095,10881,2026-01-19,2026-05-25
20067,10881,2026-06-14,2026-07-01
20096,10882,2017-04-05,2017-07-17
20075,10882,2017-08-19,2017-12-22
20156,10882,2018-01-08,2018-06-23
20004,10883,2018-04-22,2018-04-25
20180,10883,2018-05-11,2018-12-06
20180,10883,2019-01-06,2019-06-24
20160,10883,2019-07-17,2020-03-01
20179,10883,2020-03-12,2020-07-23
20173,10883,2020-09-04,2021-06-04
20003,10883,2021-06-23,2022-01-31
20051,10883,2022-02-27,2023-01-01
20018,10883,2023-02-03,2023-09-16
20018,10883,2023-10-26,2024-04-14
20065,10883,2024-05-20,2024-10-02
20006,10883,2024-10-13,2025-02-02
20100,10883,2025-02-16,2025-07-08
20067,10883,2025-08-16,2025-12-16
20080,10883,2026-01-13,2026-07-01
20146,10884,2024-11-23,2025-01-21
20088,10884,2025-01-26,2025-06-08
20002,10885,2015-10-13,2015-12-27
20128,10885,2016-01-19,2016-08-04
20133,10885,2016-09-08,2017-08-20
20179,10885,2017-09-02,2018-03-08
20075,10885,2018-04-02,2018-06-15
20180,10885,2018-06-27,2019-06-24
20047,10886,2016-05-24,2016-07-07
20075,10886,2016-08-18,2017-07-15
20098,10886,2017-07-26,2017-09-02
20083,10886,2017-09-29,2018-04-03
20107,10886,2018-05-05,2018-12-08
20013,10886,2019-01-11,2019-11-13
20142,10886,2019-12-20,2020-08-07
20040,10886,2020-09-14,2020-11-20
20126,10886,2020-12-06,2022-01-14
20074,10886,2022-02-16,2022-08-13
20011,10887,2020-11-26,2021-03-14
20008,10888,2017-08-14,2017-08-31
20043,10889,2017-10-26,2017-12-10
20008,10889,2018-01-09,2018-10-02
20045,10889,2018-10-16,2019-06-15
20045,10889,2019-07-16,2019-12-09
20179,10889,2020-01-09,2020-11-11
20011,10889,2020-12-10,2021-03-27
20077,10889,2021-04-27,2021-07-09
20060,10889,2021-08-10,2021-09-16
20176,10890,2017-08-25,2017-10-25
20013,10891,2019-05-05,2019-05-15
20093,10892,2019-12-16,2020-06-11
20163,10892,2020-06-22,2020-06-29
20040,10892,2020-08-02,2020-11-20
20134,10892,2020-11-28,2021-03-21
20068,10892,2021-04-07,2021-07-16
20122,10892,2021-07-25,2021-11-15
20003,10892,2021-12-15,2022-02-14
20055,10892,2022-03-28,2022-08-04
20015,10892,2022-08-12,2023-01-03
20018,10892,2023-01-29,2023-08-11
20031,10892,2023-09-20,2023-10-12
20051,10893,2022-02-11,2023-04-19
20132,10893,2023-05-01,2023-09-23
20105,10893,2023-10-06,2024-08-27
20130,10894,2022-01-05,2023-07-18
20109,10894,2023-08-24,2023-11-24
20014,10894,2023-12-10,2024-07-30
20169,10894,2024-08-23,2024-12-21
20165,10894,2025-01-02,2025-08-06
20148,10894,2025-08-26,2026-01-21
20073,10894,2026-02-09,2026-07-01
20030,10895,2015-01-16,2015-09-12
20017,10895,2015-09-21,2016-11-03
20004,10895,2016-11-29,2017-07-29
20128,10895,2017-08-07,2018-02-19
20176,10895,2018-03-29,2018-10-28
20176,10895,2018-11-26,2018-12-13
20045,10895,2019-01-23,2019-12-09
20086,10895,2019-12-18,2020-03-23
20163,10895,2020-04-26,2020-06-29
20077,10895,2020-07-16,2020-08-10
20148,10896,2025-10-27,2026-01-21
20039,10896,2026-02-27,2026-04-18
20010,10897,2022-11-05,2025-01-19
20140,10897,2025-01-31,2025-04-04
20103,10897,2025-05-06,2026-06-14
20073,10897,2026-06-20,2026-07-01
20128,10898,2016-01-12,2016-06-21
20137,10898,2016-07-09,2016-12-04
20172,10898,2016-12-27,2018-01-02
20004,10898,2018-01-31,2018-04-25
20050,10898,2018-05-06,2018-11-16
20160,10898,2018-11-23,2020-01-12
20086,10898,2020-02-07,2020-03-23
20077,10898,2020-04-19,2020-10-06
20114,10898,2020-10-21,2021-05-14
20068,10898,2021-05-28,2021-10-09
20170,10898,2021-10-23,2022-11-14
20015,10898,2022-11-24,2023-01-03
20018,10898,2023-01-21,2023-06-02
20179,10899,2018-10-31,2019-06-03
20145,10899,2019-06-30,2019-07-08
20013,10899,2019-08-05,2020-03-02
20179,10899,2020-03-16,2020-12-13
20160,10899,2021-01-24,2021-08-10
20122,10899,2021-09-01,2021-11-15
20159,10899,2021-12-23,2021-12-28
20126,10899,2022-01-09,2022-07-20
20094,10899,2022-08-06,2022-08-10
20126,10899,2022-09-15,2022-09-21
20018,10899,2022-10-13,2023-02-16
20086,10900,2019-09-14,2020-01-16
20040,10900,2020-01-28,2020-10-05
20061,10900,2020-10-23,2021-02-23
20077,10900,2021-03-21,2021-07-09
20003,10900,2021-07-25,2022-02-07
20090,10900,2022-02-18,2022-04-24
20051,10900,2022-05-21,2022-07-03
20090,10901,2022-01-07,2022-01-24
20008,10902,2017-07-21,2018-01-16
20064,10903,2018-03-24,2018-06-07
20108,10903,2018-06-23,2018-07-21
20107,10903,2018-08-04,2018-12-15
20011,10904,2019-06-22,2019-07-02
20126,10905,2022-06-02,2022-09-21
20015,10905,2022-10-07,2023-01-03
20051,10905,2023-01-25,2023-04-19
20123,10905,2023-05-24,2024-01-27
20065,10905,2024-02-14,2024-10-02
20018,10905,2024-11-02,2025-03-22
20152,10906,2019-10-17,2020-02-03
20005,10906,2020-03-06,2020-04-02
20114,10907,2021-04-27,2021-05-14
20173,10907,2021-05-31,2021-06-04
20054,10907,2021-07-07,2021-10-18
20122,10907,2021-11-10,2021-11-15
20130,10907,2021-12-21,2022-04-28
20018,10907,2022-05-14,2023-02-20
20146,10907,2023-03-28,2023-10-31
20123,10907,2023-11-18,2024-04-27
20010,10907,2024-05-15,2025-01-28
20100,10907,2025-03-05,2025-07-08
20010,10907,2025-08-11,2025-12-11
20046,10907,2025-12-16,2026-03-26
20067,10907,2026-04-05,2026-05-10
20100,10908,2024-03-28,2024-08-20
20103,10908,2024-09-15,2026-03-21
20117,10908,2026-04-10,2026-07-01
20035,10909,2018-07-29,2019-04-29
20041,10909,2019-05-10,2019-09-08
20163,10909,2019-09-15,2020-03-08
20149,10909,2020-04-08,2020-06-19
20011,10909,2020-07-27,2020-12-17
20094,10910,2022-07-24,2022-08-10
20053,10910,2022-09-04,2022-11-30
20141,10910,2022-12-13,2023-04-21
20008,10911,2017-09-27,2018-07-10
20045,10911,2018-08-23,2019-03-29
20145,10911,2019-04-15,2019-07-08
20011,10911,2019-07-17,2020-04-15
20179,10911,2020-05-16,2020-09-30
20011,10911,2020-11-04,2021-02-26
20054,10911,2021-04-08,2021-10-17
20076,10912,2026-05-25,2026-07-01
20057,10913,2015-08-31,2016-06-17
20128,10913,2016-07-24,2016-10-28
20133,10913,2016-11-18,2017-07-11
20172,10913,2017-07-20,2018-02-14
20021,10913,2018-02-24,2018-07-12
20011,10914,2020-08-29,2021-01-23
20160,10915,2021-05-23,2021-11-04
20055,10915,2021-12-09,2022-03-06
20132,10915,2022-04-04,2022-05-05
20172,10916,2017-07-22,2017-10-10
20137,10917,2016-09-09,2016-12-04
20096,10917,2016-12-19,2017-07-17
20008,10917,2017-08-29,2018-10-02
20107,10917,2018-10-27,2019-01-31
20055,10918,2022-07-20,2022-09-21
20058,10918,2022-09-29,2022-11-15
20135,10919,2016-05-29,2016-09-07
20066,10919,2016-09-26,2016-12-31
20075,10919,2017-01-09,2017-05-12
20008,10919,2017-06-20,2018-03-07
20008,10919,2018-03-13,2018-08-24
20041,10919,2018-09-14,2019-01-28
20045,10919,2019-03-02,2019-09-24
20005,10919,2019-10-20,2020-08-24
20110,10920,2026-06-15,2026-07-01
20139,10921,2023-08-18,2023-12-05
20146,10921,2023-12-15,2024-08-03
20006,10921,2024-08-31,2025-12-06
20148,10921,2025-12-25,2026-01-21
20111,10921,2026-02-19,2026-06-08
20176,10922,2017-09-01,2018-07-23
20179,10922,2018-09-03,2019-01-12
20075,10923,2017-09-15,2018-01-01
20058,10924,2022-10-22,2022-12-02
20044,10924,2022-12-08,2022-12-09
20168,10925,2025-07-18,2025-10-14
20070,10925,2025-11-07,2026-02-03
20036,10925,2026-02-28,2026-03-09
20037,10925,2026-04-14,2026-07-01
20171,10926,2016-12-02,2016-12-21
20066,10926,2017-01-09,2017-05-01
20091,10927,2023-09-04,2023-11-22
20069,10928,2015-06-27,2015-09-13
20135,10928,2015-10-25,2016-06-29
20121,10928,2016-08-09,2016-10-06
20146,10929,2024-06-11,2024-10-30
20175,10929,2024-11-25,2025-11-04
20147,10929,2025-12-07,2026-03-27
20103,10929,2026-04-07,2026-07-01
20083,10930,2017-11-06,2018-09-10
20079,10930,2018-10-22,2019-01-10
20160,10930,2019-01-21,2019-02-27
20010,10931,2023-10-10,2024-05-27
20018,10931,2024-07-04,2025-06-28
20033,10931,2025-07-03,2025-07-09
20006,10931,2025-08-11,2025-12-06
20046,10931,2025-12-11,2026-01-26
20120,10931,2026-02-05,2026-02-07
20101,10931,2026-02-15,2026-07-01
20179,10932,2017-01-16,2018-12-14
20129,10932,2019-01-12,2019-12-17
20086,10932,2019-12-24,2020-03-23
20178,10932,2020-04-22,2020-08-17
20066,10933,2017-03-20,2017-05-01
20004,10933,2017-05-16,2017-06-13
20130,10934,2022-01-21,2022-07-27
20015,10934,2022-08-25,2023-01-03
20051,10934,2023-01-24,2023-04-19
20105,10934,2023-05-31,2024-07-16
20105,10934,2024-08-23,2024-12-12
20081,10934,2025-01-25,2025-02-08
20115,10935,2023-01-18,2023-07-25
20006,10935,2023-08-22,2024-06-16
20105,10935,2024-06-25,2024-12-12
20175,10935,2025-01-10,2025-02-01
20014,10936,2024-01-09,2025-01-01
20006,10936,2025-01-21,2025-08-30
20070,10936,2025-10-10,2026-02-03
20080,10936,2026-03-09,2026-07-01
20156,10937,2017-05-30,2018-06-19
20179,10937,2018-07-03,2019-01-06
20180,10937,2019-02-01,2019-06-24
20152,10937,2019-07-31,2020-02-03
20142,10937,2020-02-18,2020-07-18
20119,10937,2020-08-27,2021-01-29
20133,10938,2017-10-05,2018-03-03
20064,10938,2018-04-09,2018-06-07
20008,10938,2018-07-20,2018-10-02
20179,10938,2018-10-14,2019-08-16
20011,10938,2019-09-27,2020-06-16
20119,10938,2020-06-29,2020-10-10
20138,10938,2020-11-20,2021-06-16
20012,10938,2021-06-21,2021-12-21
20126,10938,2022-01-02,2022-05-29
20118,10938,2022-06-24,2022-12-30
20115,10938,2023-01-14,2023-07-25
20105,10938,2023-08-24,2024-08-06
20010,10938,2024-09-14,2025-01-13
20100,10938,2025-02-04,2025-07-08
20148,10938,2025-08-18,2026-01-21
20153,10938,2026-03-02,2026-04-21
20080,10938,2026-05-07,2026-07-01
20110,10939,2026-05-10,2026-05-30
20164,10940,2020-09-25,2021-07-07
20170,10940,2021-08-15,2022-06-18
20170,10940,2022-06-29,2023-02-25
20141,10940,2023-03-31,2023-05-08
20109,10940,2023-05-28,2023-11-23
20146,10940,2023-12-18,2024-04-11
20014,10941,2024-12-02,2025-03-08
20161,10941,2025-04-14,2025-04-18
20175,10941,2025-05-22,2025-10-22
20120,10941,2025-11-16,2025-12-20
20146,10942,2024-12-09,2025-01-21
20014,10942,2025-02-05,2025-07-19
20175,10942,2025-08-24,2025-09-19
20114,10943,2020-11-29,2021-05-14
20020,10943,2021-06-01,2021-11-16
20068,10943,2021-11-23,2022-05-24
20132,10943,2022-06-20,2022-10-08
20130,10943,2022-10-21,2023-03-30
20115,10943,2023-04-16,2023-07-25
20146,10943,2023-08-14,2024-07-08
20169,10943,2024-07-19,2024-10-11
20014,10943,2024-11-13,2025-08-06
20175,10943,2025-09-08,2025-11-06
20148,10943,2025-11-16,2026-01-21
20046,10943,2026-03-03,2026-03-26
20037,10943,2026-04-09,2026-06-02
20080,10943,2026-06-26,2026-07-01
20057,10944,2015-05-18,2015-07-06
20066,10945,2016-12-06,2017-05-01
20179,10945,2017-05-06,2017-08-25
20001,10946,2015-07-29,2015-11-24
20167,10946,2015-12-19,2016-04-26
20007,10946,2016-05-28,2016-10-14
20066,10946,2016-10-20,2017-05-01
20172,10946,2017-06-13,2018-01-29
20179,10946,2018-02-18,2019-06-13
20025,10946,2019-07-08,2019-10-28
20013,10946,2019-11-29,2020-03-02
20142,10946,2020-03-25,2020-10-28
20089,10946,2020-11-04,2021-03-07
20132,10946,2021-03-31,2022-04-05
20058,10946,2022-04-11,2022-10-04
20053,10946,2022-11-07,2022-11-30
20132,10946,2022-12-22,2023-08-25
20010,10946,2023-10-06,2024-09-07
20010,10946,2024-09-16,2025-02-22
20140,10947,2025-01-26,2025-04-04
20100,10947,2025-05-07,2025-06-09
20019,10948,2025-11-05,2026-03-08
20111,10948,2026-04-10,2026-07-01
20012,10949,2021-07-05,2021-11-22
20130,10949,2021-12-29,2022-06-17
20059,10950,2026-06-05,2026-07-01
20147,10951,2025-12-16,2026-03-27
20117,10951,2026-04-12,2026-05-14
20043,10952,2017-06-27,2017-12-10
20072,10952,2017-12-29,2018-05-27
20068,10953,2020-10-01,2021-07-15
20049,10953,2021-07-21,2021-12-27
20147,10954,2025-12-25,2026-03-27
20038,10954,2026-04-25,2026-07-01
20146,10955,2023-03-08,2024-05-10
20169,10955,2024-05-26,2024-08-21
20105,10956,2024-05-29,2024-11-01
20140,10956,2024-12-04,2025-04-04
20116,10956,2025-04-30,2025-06-06
20165,10956,2025-06-21,2026-02-09
20024,10956,2026-03-10,2026-04-23
20067,10956,2026-05-19,2026-07-01
20162,10957,2023-05-01,2023-08-22
20010,10957,2023-09-30,2024-06-15
20105,10957,2024-06-28,2024-12-12
20033,10957,2025-01-08,2025-07-09
20036,10957,2025-08-01,2026-03-09
20037,10957,2026-04-21,2026-07-01
20045,10958,2019-06-24,2019-12-09
20005,10958,2019-12-29,2020-09-17
20068,10958,2020-10-11,2021-02-27
20003,10958,2021-03-21,2021-08-27
20020,10958,2021-09-29,2022-02-24
20074,10958,2022-04-07,2022-08-25
20015,10958,2022-09-23,2023-01-03
20170,10958,2023-01-13,2023-02-25
20018,10958,2023-03-17,2023-08-26
20154,10959,2021-09-12,2021-09-21
20170,10959,2021-11-03,2022-04-29
20010,10959,2022-06-11,2023-05-16
20105,10959,2023-05-25,2024-07-01
20151,10959,2024-07-14,2024-11-07
20142,10960,2020-08-02,2020-10-28
20173,10960,2020-11-08,2021-06-04
20138,10960,2021-07-04,2022-01-04
20132,10960,2022-01-25,2023-03-04
20118,10960,2023-03-11,2023-06-03
20018,10960,2023-06-15,2023-07-24
20126,10961,2022-07-29,2022-09-21
20058,10961,2022-11-04,2022-12-02
20015,10961,2022-12-10,2023-01-03
20162,10961,2023-02-08,2023-07-25
20105,10961,2023-08-23,2023-09-21
20014,10962,2024-10-04,2025-04-18
20116,10962,2025-04-23,2025-06-06
20165,10962,2025-07-17,2025-07-24
20126,10963,2022-04-06,2022-09-21
20118,10963,2022-10-22,2023-06-03
20130,10963,2023-06-09,2023-09-06
20091,10963,2023-10-20,2024-02-25
20105,10963,2024-03-26,2024-07-05
20105,10963,2024-08-01,2024-12-12
20010,10963,2025-01-23,2025-12-11
20153,10963,2026-01-17,2026-04-21
20158,10963,2026-05-06,2026-06-30
20176,10964,2018-05-21,2018-12-13
20156,10964,2019-01-23,2019-04-14
20045,10964,2019-05-01,2019-10-08
20005,10964,2019-11-15,2020-04-11
20172,10965,2017-10-04,2018-01-22
20130,10966,2023-03-08,2023-09-06
20123,10966,2023-09-21,2024-04-27
20105,10966,2024-05-26,2024-12-12
20088,10966,2025-01-13,2025-05-04
20175,10966,2025-06-08,2025-10-20
20046,10966,2025-11-27,2026-03-26
20056,10966,2026-04-25,2026-07-01
20176,10967,2017-10-09,2017-12-30
20109,10968,2023-10-15,2023-11-24
20006,10968,2024-01-06,2024-06-26
20033,10968,2024-07-29,2025-07-04
20088,10968,2025-07-29,2025-08-24
20148,10968,2025-09-22,2026-01-21
20036,10968,2026-02-21,2026-03-09
20097,10968,2026-03-27,2026-07-01
20064,10969,2018-05-12,2018-06-07
20075,10969,2018-07-02,2018-09-21
20160,10969,2018-09-27,2019-03-24
20022,10970,2015-12-14,2016-09-27
20096,10970,2016-11-01,2017-07-17
20008,10970,2017-08-20,2017-11-10
20064,10970,2017-12-06,2018-04-09
20180,10970,2018-05-03,2018-10-28
20179,10971,2017-09-15,2018-09-13
20072,10971,2018-10-04,2019-01-28
20025,10971,2019-03-08,2019-07-13
20163,10971,2019-08-26,2020-04-16
20160,10971,2020-05-15,2020-12-22
20060,10971,2021-01-20,2021-05-18
20138,10971,2021-06-04,2021-09-13
20027,10971,2021-09-18,2021-12-14
20094,10971,2022-01-22,2022-08-10
20141,10971,2022-09-11,2023-02-03
20141,10971,2023-02-08,2023-05-08
20031,10971,2023-06-08,2023-11-13
20132,10972,2023-08-27,2023-09-23
20006,10972,2023-10-31,2024-10-12
20105,10972,2024-10-25,2024-12-12
20010,10972,2024-12-26,2025-07-20
20014,10972,2025-07-30,2025-08-06
20168,10972,2025-08-18,2025-10-14
20019,10972,2025-10-22,2026-03-08
20177,10972,2026-03-24,2026-07-01
20011,10973,2020-06-14,2021-01-27
20134,10973,2021-03-08,2021-03-21
20154,10973,2021-04-15,2021-09-21
20027,10973,2021-10-29,2021-12-14
20020,10973,2022-01-14,2022-05-18
20072,10974,2018-10-01,2019-01-28
20011,10974,2019-03-07,2019-03-29
20109,10975,2023-09-07,2023-11-24
20014,10975,2023-12-19,2024-07-04
20165,10975,2024-07-23,2025-05-08
20175,10975,2025-05-23,2025-10-14
20127,10975,2025-11-14,2026-07-01
20155,10976,2019-07-09,2019-11-22
20142,10976,2019-12-27,2020-10-28
20164,10976,2020-12-06,2021-08-28
20060,10976,2021-09-26,2021-12-18
20170,10976,2022-01-02,2022-09-02
20132,10976,2022-09-22,2023-04-23
20139,10976,2023-06-06,2023-12-16
20123,10976,2024-01-09,2024-04-27
20014,10976,2024-05-15,2024-11-01
20018,10976,2024-11-27,2025-05-05
20119,10977,2020-07-02,2020-09-28
20090,10978,2021-11-28,2022-04-24
20094,10978,2022-05-01,2022-05-22
20004,10979,2017-08-14,2018-04-25
20079,10979,2018-05-27,2019-01-10
20160,10979,2019-02-14,2020-06-11
20160,10979,2020-07-05,2021-06-09
20170,10979,2021-07-17,2021-12-05
20055,10979,2021-12-20,2022-05-22
20053,10979,2022-06-01,2022-06-08
20151,10980,2024-09-29,2024-11-17
20179,10981,2017-06-11,2017-12-19
20136,10981,2018-01-16,2018-05-04
20083,10981,2018-05-14,2018-09-10
20008,10981,2018-09-21,2018-10-02
20129,10981,2018-11-12,2019-06-19
20013,10981,2019-07-09,2019-12-12
20149,10981,2019-12-21,2020-06-19
20011,10981,2020-06-24,2020-09-07
20138,10982,2021-03-10,2021-10-07
20003,10982,2021-11-06,2022-02-14
20053,10982,2022-02-22,2022-11-30
20141,10982,2022-12-28,2023-05-08
20091,10982,2023-06-13,2023-08-13
20104,10982,2023-08-19,2024-03-29
20146,10982,2024-04-18,2024-12-09
20006,10982,2025-01-04,2025-06-11
20033,10982,2025-06-27,2025-07-09
20006,10982,2025-07-17,2025-07-25
20098,10983,2017-08-08,2017-09-02
20156,10983,2017-09-08,2018-01-06
20004,10983,2018-02-01,2018-04-25
20050,10983,2018-05-23,2018-11-16
20041,10983,2018-11-29,2019-09-08
20174,10983,2019-09-13,2020-04-24
20179,10983,2020-05-29,2020-12-10
20138,10983,2020-12-18,2021-05-02
20075,10984,2018-08-30,2018-09-21
20107,10984,2018-11-03,2019-04-01
20045,10984,2019-05-04,2019-12-09
20011,10984,2019-12-18,2020-05-21
20113,10985,2016-11-25,2017-05-09
20043,10985,2017-05-17,2017-12-10
20064,10985,2017-12-21,2018-06-07
20156,10985,2018-07-18,2019-02-03
20160,10985,2019-02-23,2019-06-19
20155,10985,2019-06-25,2019-11-22
20160,10985,2019-12-12,2020-05-19
20013,10985,2020-06-03,2020-07-14
20061,10985,2020-07-27,2021-01-17
20093,10985,2021-02-27,2021-04-07
20077,10985,2021-05-11,2021-07-09
20170,10985,2021-08-15,2022-02-22
20132,10985,2022-03-28,2023-03-18
20118,10985,2023-04-14,2023-06-03
20006,10985,2023-07-05,2023-12-23
20140,10986,2024-12-28,2025-03-22
20175,10986,2025-04-15,2025-11-06
20097,10986,2025-11-30,2026-05-11
20169,10987,2024-06-09,2024-12-21
20175,10987,2024-12-30,2025-08-30
20018,10987,2025-10-06,2025-10-20
20010,10987,2025-10-29,2025-12-11
20101,10987,2025-12-17,2026-05-26
20143,10988,2017-02-12,2017-02-19
20096,10988,2017-03-08,2017-06-07
20172,10988,2017-06-12,2017-10-18
20075,10988,2017-11-15,2018-07-01
20035,10988,2018-08-04,2019-04-29
20145,10988,2019-05-19,2019-07-08
20011,10988,2019-08-19,2020-10-03
20132,10988,2020-11-12,2021-03-19
20126,10988,2021-03-31,2021-06-21
20159,10988,2021-07-24,2021-08-11
20175,10989,2025-01-25,2025-05-16
20179,10990,2019-08-20,2020-06-08
20093,10990,2020-07-20,2021-04-07
20173,10990,2021-04-26,2021-06-04
20054,10990,2021-06-12,2021-10-18
20027,10990,2021-11-27,2021-12-14
20126,10990,2021-12-31,2022-06-08
20094,10990,2022-07-19,2022-08-10
20126,10990,2022-08-26,2022-09-21
20130,10990,2022-10-17,2023-08-16
20018,10990,2023-09-05,2024-03-24
20105,10990,2024-05-07,2024-12-12
20100,10990,2025-01-11,2025-07-08
20081,10990,2025-07-19,2025-10-18
20103,10990,2025-11-19,2026-07-01
20010,10991,2023-09-18,2024-03-03
20123,10991,2024-04-10,2024-04-27
20105,10991,2024-06-07,2024-12-12
20165,10991,2025-01-22,2025-06-06
20018,10991,2025-07-05,2025-10-20
20165,10991,2025-11-29,2026-02-09
20056,10991,2026-03-19,2026-07-01
20074,10992,2021-09-24,2022-06-11
20074,10992,2022-07-25,2022-08-25
20115,10992,2022-09-26,2023-06-13
20146,10992,2023-07-08,2023-08-14
20040,10993,2020-06-06,2020-09-22
20050,10994,2018-05-18,2018-06-05
20031,10995,2023-08-26,2023-11-17
20050,10996,2018-04-14,2018-11-16
20129,10996,2018-12-09,2019-06-09
20174,10996,2019-07-11,2020-03-12
20179,10996,2020-03-27,2020-11-17
20126,10996,2020-11-27,2021-03-17
20159,10996,2021-04-07,2021-08-21
20054,10996,2021-09-16,2021-10-18
20130,10996,2021-11-22,2022-08-26
20018,10996,2022-10-05,2023-06-04
20010,10997,2022-07-16,2023-07-20
20063,10997,2023-08-03,2024-01-31
20018,10997,2024-03-13,2024-09-22
20010,10997,2024-10-29,2025-12-11
20127,10997,2026-01-10,2026-07-01
20004,10998,2017-03-29,2017-04-11
20108,10999,2018-06-10,2018-07-21
20179,10999,2018-08-11,2019-04-15
20086,10999,2019-05-24,2020-03-23
20178,10999,2020-04-01,2020-08-19
20054,10999,2020-09-29,2020-10-24
20163,11000,2019-09-16,2020-02-25
20174,11000,2020-03-07,2020-08-04
20114,11000,2020-08-11,2021-01-31
20160,11000,2021-02-21,2021-11-04
20027,11000,2021-12-05,2021-12-14
20170,11000,2021-12-23,2022-08-29
20018,11000,2022-09-13,2022-12-29
20051,11000,2023-01-25,2023-04-19
20063,11000,2023-05-08,2023-05-30
20030,11001,2015-02-20,2015-10-25
20084,11001,2015-10-30,2015-12-14
20167,11001,2015-12-24,2016-06-03
20084,11001,2016-07-03,2017-02-22
20078,11001,2017-03-08,2017-06-19
20075,11001,2017-07-15,2018-08-22
20180,11001,2018-09-05,2019-03-20
20129,11001,2019-03-28,2019-10-12
20163,11001,2019-11-06,2020-06-08
20093,11002,2020-08-24,2021-03-10
20138,11002,2021-04-04,2021-09-26
20012,11002,2021-10-28,2021-12-21
20068,11002,2022-01-07,2022-05-24
20118,11002,2022-07-05,2023-06-03
20010,11002,2023-06-08,2023-07-16
20010,11003,2023-11-09,2024-05-29
20169,11003,2024-07-10,2024-12-21
20100,11003,2025-01-27,2025-07-08
20148,11003,2025-07-15,2025-12-03
20046,11003,2025-12-13,2026-03-26
20097,11003,2026-04-30,2026-07-01
20151,11004,2024-07-24,2025-04-10
20036,11004,2025-05-21,2025-06-15
20165,11005,2024-10-08,2025-06-30
20020,11006,2021-09-12,2022-03-13
20001,11007,2015-10-26,2015-11-24
20106,11007,2015-12-03,2016-01-02
20121,11007,2016-01-31,2016-09-16
20107,11008,2019-03-24,2019-04-01
20041,11008,2019-04-30,2019-09-08
20011,11008,2019-10-01,2020-04-11
20149,11008,2020-05-11,2020-06-19
20134,11008,2020-07-03,2021-02-07
20089,11008,2021-03-06,2021-03-07
20160,11008,2021-03-14,2021-11-04
20078,11009,2016-06-11,2017-03-06
20029,11009,2017-03-17,2017-04-02
20131,11010,2022-05-25,2022-06-16
20146,11010,2022-07-23,2023-11-02
20063,11010,2023-11-25,2024-04-14
20087,11010,2024-05-18,2024-07-13
20100,11010,2024-08-13,2025-04-09
20175,11010,2025-04-20,2025-11-06
20070,11010,2025-12-06,2026-02-03
20067,11010,2026-02-12,2026-07-01
20068,11011,2020-11-24,2021-05-02
20138,11011,2021-05-09,2022-01-04
20034,11011,2022-02-01,2022-03-13
20126,11011,2022-04-20,2022-09-21
20130,11011,2022-09-26,2023-09-06
20018,11011,2023-09-13,2023-10-20
20147,11012,2026-02-01,2026-02-14
20004,11013,2017-02-07,2018-04-25
20050,11013,2018-04-30,2018-11-16
20160,11013,2018-12-22,2020-01-18
20149,11013,2020-01-25,2020-05-01
20093,11013,2020-06-11,2021-02-27
20093,11013,2021-03-27,2021-04-07
20138,11013,2021-05-21,2022-01-04
20034,11013,2022-02-13,2022-03-13
20068,11013,2022-04-07,2022-05-24
20130,11013,2022-06-15,2022-09-05
20148,11014,2025-05-12,2026-01-21
20009,11014,2026-02-15,2026-05-16
20038,11014,2026-06-20,2026-07-01
20001,11015,2015-11-03,2015-11-24
20143,11015,2015-12-12,2016-08-15
20137,11015,2016-08-28,2016-12-04
20084,11015,2016-12-09,2017-02-22
20045,11016,2018-12-18,2019-10-19
20023,11017,2020-12-10,2021-01-31
20164,11017,2021-02-15,2021-08-24
20138,11017,2021-09-15,2021-12-08
20029,11018,2016-08-16,2017-03-19
20133,11018,2017-04-27,2018-03-03
20176,11018,2018-04-10,2018-07-06
20084,11019,2016-05-21,2017-02-22
20008,11019,2017-03-20,2017-08-30
20083,11019,2017-10-07,2018-04-22
20021,11019,2018-05-13,2018-05-18
20166,11020,2025-02-21,2025-04-10
20165,11020,2025-04-20,2026-02-09
20103,11020,2026-02-21,2026-07-01
20002,11021,2015-08-06,2015-12-27
20143,11021,2016-01-31,2016-07-07
20121,11021,2016-08-06,2016-11-01
20071,11021,2016-11-15,2017-03-31
20096,11021,2017-04-25,2017-07-17
20179,11021,2017-08-09,2018-09-24
20176,11021,2018-11-02,2018-12-13
20079,11021,2018-12-28,2019-01-10
20179,11021,2019-02-12,2019-09-02
20011,11021,2019-09-18,2020-04-13
20134,11021,2020-05-24,2021-03-21
20012,11021,2021-04-27,2021-12-21
20034,11021,2022-01-04,2022-03-13
20058,11021,2022-03-28,2022-12-02
20170,11021,2022-12-13,2023-02-25
20131,11022,2022-04-20,2022-06-16
20132,11022,2022-07-02,2023-09-23
20006,11022,2023-09-28,2023-10-02
20132,11023,2022-08-19,2022-11-20
20132,11023,2022-12-17,2023-09-18
20063,11023,2023-10-16,2024-04-14
20103,11023,2024-05-04,2024-12-13
20033,11023,2025-01-20,2025-04-14
20058,11024,2022-07-06,2022-12-02
20146,11024,2022-12-30,2023-04-22
20108,11025,2017-11-29,2018-07-05
20083,11025,2018-07-24,2018-09-10
20072,11025,2018-10-11,2019-01-28
20041,11025,2019-02-07,2019-09-08
20011,11025,2019-09-17,2020-04-15
20085,11025,2020-04-29,2020-08-20
20119,11025,2020-09-10,2021-01-29
20138,11025,2021-02-07,2021-07-15
20154,11025,2021-08-03,2021-09-21
20049,11025,2021-10-07,2021-12-27
20131,11025,2022-01-11,2022-06-16
20053,11025,2022-07-24,2022-10-11
20002,11026,2015-07-27,2015-12-27
20135,11026,2016-01-02,2016-08-24
20113,11026,2016-09-21,2017-01-02
20078,11026,2017-02-13,2017-04-22
20170,11027,2022-12-18,2023-02-25
20176,11028,2018-09-02,2018-12-13
20179,11028,2018-12-25,2019-08-17
20155,11028,2019-09-07,2019-11-22
20163,11028,2020-01-04,2020-06-29
20134,11028,2020-07-12,2020-10-17
20146,11029,2023-11-18,2024-01-07
20100,11030,2025-03-16,2025-07-08
20081,11030,2025-07-25,2025-10-18
20095,11030,2025-11-27,2026-05-06
20103,11031,2025-06-30,2026-04-14
20076,11031,2026-05-28,2026-07-01
20017,11032,2017-01-15,2017-05-03
20172,11032,2017-06-06,2017-10-07
20011,11033,2019-08-09,2020-04-02
20142,11033,2020-04-24,2020-10-28
20159,11033,2020-12-05,2021-07-22
20176,11034,2018-11-21,2018-12-13
20072,11034,2018-12-31,2019-01-28
20180,11034,2019-02-04,2019-03-14
20018,11035,2025-03-09,2025-10-20
20097,11035,2025-11-04,2026-07-01
20006,11036,2023-06-02,2023-07-23
20161,11037,2025-03-04,2025-04-18
20175,11037,2025-05-28,2025-11-06
20132,11038,2022-08-02,2022-11-26
20083,11039,2015-03-10,2015-08-02
20030,11039,2015-09-05,2015-10-25
20017,11039,2015-11-05,2015-11-25
20170,11040,2022-04-21,2023-02-25
20118,11040,2023-03-14,2023-06-03
20115,11040,2023-06-28,2023-07-25
20006,11040,2023-07-30,2024-08-03
20105,11040,2024-09-14,2024-12-12
20100,11040,2024-12-21,2025-07-08
20175,11040,2025-07-22,2025-11-06
20147,11040,2025-12-04,2026-03-27
20103,11040,2026-04-29,2026-07-01
20130,11041,2022-03-20,2022-10-17
20018,11041,2022-11-04,2023-03-10
20031,11041,2023-04-10,2023-12-05
20063,11041,2024-01-12,2024-04-14
20012,11042,2021-10-18,2021-12-21
20090,11042,2022-01-17,2022-04-24
20015,11042,2022-05-25,2022-11-09
20134,11043,2020-09-01,2021-03-21
20126,11043,2021-04-12,2022-03-21
20074,11043,2022-04-20,2022-08-25
20115,11043,2022-09-11,2023-07-25
20139,11043,2023-09-02,2024-01-15
20146,11043,2024-02-28,2024-05-04
20018,11043,2024-05-22,2024-08-02
20161,11044,2024-11-14,2025-04-18
20175,11044,2025-05-25,2025-11-06
20019,11044,2025-11-15,2026-03-08
20037,11044,2026-03-22,2026-07-01
20053,11045,2022-03-09,2022-05-19
20025,11046,2019-10-05,2019-10-28
20129,11046,2019-11-08,2019-12-17
20179,11047,2020-03-26,2020-12-13
20159,11047,2021-01-12,2021-04-13
20159,11047,2021-04-20,2021-12-28
20131,11047,2022-01-26,2022-06-16
20124,11047,2022-07-15,2022-11-13
20170,11047,2022-12-06,2023-02-25
20018,11047,2023-04-06,2024-04-15
20103,11047,2024-05-02,2024-10-04
20105,11047,2024-10-24,2024-12-12
20006,11047,2025-01-10,2025-08-14
20103,11047,2025-09-04,2026-07-01
20007,11048,2016-08-21,2016-10-14
20172,11048,2016-11-02,2017-01-31
20017,11048,2017-03-13,2017-05-03
20096,11048,2017-05-27,2017-07-17
20075,11048,2017-08-23,2017-10-20
20026,11049,2016-09-02,2016-12-19
20078,11049,2017-01-26,2017-06-05
20043,11049,2017-06-16,2017-06-26
20097,11050,2025-12-04,2026-07-01
20124,11051,2022-09-17,2022-10-29
20160,11052,2018-10-31,2019-06-18
20067,11053,2026-05-02,2026-07-01
20085,11054,2020-07-03,2020-08-20
20179,11054,2020-09-11,2020-12-13
20114,11054,2021-01-11,2021-05-14
20054,11054,2021-05-27,2021-10-18
20094,11054,2021-10-31,2022-02-11
20132,11054,2022-03-07,2022-06-15
20045,11055,2018-07-24,2019-06-17
20054,11056,2020-11-12,2021-10-18
20130,11056,2021-10-25,2021-11-02
20036,11057,2025-06-19,2025-09-16
20036,11057,2025-10-12,2026-03-09
20117,11057,2026-03-20,2026-07-01
20170,11058,2022-12-22,2023-02-25
20031,11058,2023-04-04,2023-11-21
20072,11059,2018-12-02,2019-01-28
20011,11059,2019-02-25,2020-03-27
20134,11059,2020-05-02,2021-01-28
20068,11059,2021-03-01,2021-09-24
20003,11059,2021-10-01,2022-02-14
20068,11059,2022-03-06,2022-05-24
20170,11059,2022-05-31,2022-09-03
20170,11059,2022-09-26,2023-02-25
20115,11059,2023-04-03,2023-07-25
20091,11059,2023-08-25,2023-11-28
20146,11059,2023-12-03,2024-04-14
20151,11059,2024-05-20,2024-08-01
20010,11060,2022-11-10,2023-04-24
20130,11060,2023-05-24,2023-09-06
20139,11060,2023-10-11,2024-01-15
20104,11060,2024-02-18,2024-03-29
20105,11060,2024-04-17,2024-07-01
20018,11060,2024-07-11,2024-11-22
20045,11061,2019-01-17,2019-05-18
20179,11061,2019-06-18,2020-07-24
20040,11061,2020-08-04,2020-11-20
20093,11061,2021-01-01,2021-01-02
20124,11062,2022-03-18,2023-03-19
20083,11063,2015-09-13,2015-12-23
20167,11063,2016-01-01,2016-09-01
20137,11063,2016-09-14,2016-12-04
20029,11063,2016-12-14,2017-04-11
20096,11063,2017-04-30,2017-07-17
20156,11063,2017-08-26,2018-02-22
20176,11063,2018-03-30,2018-07-18
20156,11063,2018-07-28,2019-04-14
20011,11063,2019-04-30,2019-11-10
20093,11063,2019-12-11,2020-03-29
20163,11063,2020-05-04,2020-06-29
20142,11063,2020-07-08,2020-10-28
20093,11063,2020-11-08,2021-04-07
20126,11063,2021-05-05,2021-12-17
20131,11063,2022-01-26,2022-06-16
20126,11063,2022-07-10,2022-09-21
20130,11063,2022-10-20,2023-03-23
20031,11063,2023-03-30,2023-09-22
20091,11063,2023-10-28,2024-02-25
20123,11063,2024-03-04,2024-04-27
20006,11063,2024-05-07,2025-03-27
20010,11063,2025-05-10,2025-12-11
20120,11063,2026-01-13,2026-02-07
20059,11063,2026-03-10,2026-07-01
20005,11064,2020-08-26,2020-09-17
20011,11064,2020-09-23,2021-03-27
20131,11064,2021-04-10,2021-06-12
20020,11064,2021-06-23,2022-02-13
20053,11064,2022-02-26,2022-11-30
20170,11064,2022-12-10,2023-02-25
20010,11064,2023-03-27,2023-10-14
20010,11064,2023-11-17,2025-06-05
20070,11064,2025-06-11,2025-08-21
20103,11065,2025-03-13,2025-08-06
20103,11065,2025-09-12,2026-07-01
20046,11066,2025-08-07,2026-01-29
20060,11067,2021-02-21,2021-12-18
20126,11067,2022-01-29,2022-09-21
20058,11067,2022-11-01,2022-12-02
20132,11067,2022-12-25,2023-09-23
20113,11068,2016-12-24,2017-05-09
20128,11068,2017-06-16,2018-02-19
20108,11068,2018-03-21,2018-07-21
20045,11068,2018-08-03,2019-06-05
20006,11069,2025-06-03,2025-12-06
20158,11069,2026-01-15,2026-06-30
20179,11070,2018-04-23,2019-05-07
20178,11071,2020-04-07,2020-06-05
20047,11072,2016-06-29,2016-07-07
20017,11072,2016-07-27,2017-01-12
20082,11072,2017-01-19,2017-04-07
20083,11072,2017-05-12,2018-09-10
20160,11072,2018-09-29,2019-10-15
20025,11072,2019-10-25,2019-10-28
20005,11072,2019-11-10,2020-05-13
20163,11072,2020-06-09,2020-06-29
20174,11072,2020-07-31,2020-08-04
20077,11072,2020-09-15,2021-07-09
20054,11072,2021-08-01,2021-09-19
20102,11073,2021-12-02,2022-01-31
20018,11073,2022-03-06,2023-07-09
20109,11073,2023-08-10,2023-11-24
20018,11073,2023-12-30,2025-04-14
20175,11073,2025-05-10,2025-11-06
20009,11073,2025-12-17,2026-05-16
20117,11073,2026-06-16,2026-07-01
20074,11074,2021-06-27,2021-12-11
20170,11074,2022-01-17,2022-09-23
20115,11074,2022-10-29,2023-02-17
20115,11074,2023-03-28,2023-07-25
20018,11074,2023-08-10,2024-03-30
20146,11074,2024-04-23,2025-01-21
20165,11074,2025-02-24,2025-09-22
20081,11074,2025-09-28,2025-10-18
20177,11074,2025-11-18,2026-07-01
20145,11075,2019-06-13,2019-07-08
20160,11075,2019-08-12,2019-11-23
20179,11075,2019-12-19,2020-04-26
20174,11075,2020-05-30,2020-08-04
20005,11075,2020-09-10,2020-09-17
20093,11075,2020-10-30,2021-04-07
20126,11075,2021-05-05,2021-12-15
20132,11075,2022-01-13,2022-05-29
20030,11076,2015-02-11,2015-06-02
20088,11077,2025-05-11,2025-08-24
20012,11078,2021-12-07,2021-12-21
20126,11078,2022-01-18,2022-09-21
20051,11078,2022-10-10,2023-04-19
20146,11078,2023-04-28,2023-08-24
20031,11078,2023-09-28,2024-01-13
20100,11078,2024-02-13,2024-07-25
20161,11078,2024-09-05,2025-02-25
20107,11079,2018-03-04,2018-11-04
20045,11079,2018-12-16,2019-01-17
20127,11080,2026-04-26,2026-07-01
20163,11081,2019-12-03,2020-02-19
20105,11082,2024-12-05,2024-12-12
20100,11082,2024-12-22,2025-06-11
20070,11082,2025-07-08,2026-02-03
20158,11082,2026-03-17,2026-06-30
20093,11083,2020-11-13,2021-04-07
20068,11083,2021-05-06,2021-09-29
20012,11083,2021-10-29,2021-12-21
20130,11083,2022-01-11,2022-10-07
20130,11083,2022-10-17,2023-07-07
20139,11084,2023-10-22,2024-01-15
20123,11084,2024-02-11,2024-04-27
20169,11084,2024-05-13,2024-09-30
20169,11084,2024-10-28,2024-12-21
20014,11084,2025-01-04,2025-08-06
20168,11084,2025-08-28,2025-10-14
20097,11084,2025-10-25,2026-05-10
20157,11084,2026-05-22,2026-07-01
20063,11085,2024-01-28,2024-04-14
20087,11085,2024-04-20,2024-05-30
20065,11085,2024-07-04,2024-10-02
20165,11085,2024-11-03,2026-01-17
20046,11085,2026-02-18,2026-03-26
20067,11085,2026-04-08,2026-07-01
20060,11086,2021-01-03,2021-02-24
20155,11087,2019-08-02,2019-11-22
20179,11087,2019-12-30,2020-08-16
20119,11087,2020-09-26,2021-01-29
20012,11087,2021-02-04,2021-03-21
20130,11088,2022-05-16,2022-10-20
20114,11089,2021-04-11,2021-05-14
20003,11089,2021-05-31,2022-02-14
20131,11089,2022-03-04,2022-06-16
20115,11089,2022-07-05,2023-05-07
20031,11089,2023-05-12,2023-09-29
20091,11089,2023-10-08,2024-02-25
20014,11089,2024-03-02,2024-05-19
20103,11089,2024-06-10,2024-11-25
20103,11089,2024-12-19,2025-06-19
20177,11089,2025-07-11,2026-07-01
20025,11090,2019-03-07,2019-10-28
20013,11090,2019-11-29,2020-07-14
20005,11090,2020-08-20,2020-09-17
20093,11090,2020-10-11,2021-04-07
20132,11090,2021-05-16,2022-01-23
20018,11090,2022-02-27,2023-07-13
20123,11090,2023-08-15,2024-04-27
20010,11090,2024-05-08,2024-08-21
20041,11091,2019-02-13,2019-09-08
20160,11091,2019-09-23,2020-05-13
20119,11091,2020-06-24,2020-11-09
20173,11091,2020-12-03,2021-06-04
20003,11091,2021-06-30,2022-02-14
20105,11092,2024-07-08,2024-12-12
20169,11092,2024-12-18,2024-12-21
20088,11092,2025-01-07,2025-08-24
20081,11092,2025-09-15,2025-10-18
20101,11092,2025-11-09,2026-02-19
20077,11093,2020-04-14,2020-06-30
20023,11093,2020-07-20,2020-12-03
20061,11093,2020-12-21,2021-02-23
20122,11093,2021-03-19,2021-09-01
20018,11094,2025-01-08,2025-06-23
20036,11094,2025-07-04,2026-03-09
20028,11094,2026-04-21,2026-07-01
20026,11095,2017-02-20,2017-05-23
20032,11095,2017-07-01,2017-07-11
20041,11096,2019-04-08,2019-09-08
20163,11096,2019-10-12,2020-03-25
20093,11096,2020-04-27,2020-09-12
20023,11096,2020-10-17,2021-01-31
20131,11096,2021-02-05,2021-10-18
20027,11096,2021-11-08,2021-12-14
20132,11096,2022-01-08,2022-06-14
20074,11096,2022-07-21,2022-08-25
20010,11096,2022-09-21,2022-12-03
20132,11097,2022-09-23,2023-07-01
20148,11098,2025-06-06,2025-11-30
20095,11098,2025-12-19,2026-05-25
20064,11099,2018-02-22,2018-06-07
20179,11099,2018-06-16,2019-03-17
20179,11099,2019-03-26,2019-12-15
20152,11099,2019-12-24,2020-02-03
20086,11099,2020-02-14,2020-03-23
20142,11099,2020-04-05,2020-07-18
20119,11099,2020-08-30,2021-01-29
20154,11099,2021-02-08,2021-06-02
20027,11099,2021-06-10,2021-12-14
20074,11099,2022-01-24,2022-08-25
20124,11099,2022-09-20,2022-11-14
20010,11100,2023-03-09,2023-08-18
20063,11100,2023-09-09,2023-12-23
20068,11101,2021-02-06,2021-10-24
20101,11102,2025-09-29,2025-12-25
20025,11103,2019-08-23,2019-10-28
20163,11103,2019-11-03,2019-12-07
20084,11104,2016-03-13,2016-12-07
20082,11105,2017-02-05,2017-04-07
20128,11105,2017-05-21,2018-02-19
20108,11105,2018-02-26,2018-07-21
20179,11105,2018-07-27,2019-04-17
20086,11105,2019-04-30,2020-03-23
20160,11105,2020-04-26,2020-07-25
20093,11106,2020-10-13,2021-01-04
20139,11107,2023-08-08,2023-12-26
20123,11107,2024-01-09,2024-04-27
20103,11107,2024-05-07,2025-02-28
20081,11107,2025-04-03,2025-10-18
20010,11107,2025-11-13,2025-12-11
20158,11107,2026-01-16,2026-06-30
20031,11108,2023-05-31,2023-08-15
20165,11109,2025-04-25,2025-10-31
20067,11109,2025-12-11,2026-07-01
20128,11110,2016-12-22,2017-12-18
20133,11110,2018-01-17,2018-03-03
20004,11110,2018-04-16,2018-04-25
20008,11110,2018-05-18,2018-06-19
20077,11111,2020-10-16,2021-07-09
20138,11111,2021-08-18,2022-01-04
20034,11111,2022-01-10,2022-03-13
20018,11111,2022-04-22,2022-10-11
20058,11111,2022-11-14,2022-12-02
20018,11111,2022-12-13,2023-06-15
20109,11111,2023-07-25,2023-11-24
20014,11111,2024-01-03,2024-11-12
20006,11111,2024-12-19,2025-12-06
20056,11111,2026-01-03,2026-07-01
20160,11112,2019-08-15,2019-12-27
20179,11112,2020-01-22,2020-12-13
20126,11112,2021-01-03,2021-11-21
20130,11112,2021-11-28,2022-08-26
20015,11112,2022-09-20,2023-01-03
20130,11112,2023-01-31,2023-09-06
20109,11112,2023-10-01,2023-11-24
20018,11112,2023-12-20,2024-01-14
20115,11113,2023-05-07,2023-07-25
20123,11113,2023-08-01,2024-03-24
20123,11113,2024-04-17,2024-04-27
20014,11113,2024-06-03,2025-01-10
20166,11113,2025-01-15,2025-04-10
20165,11113,2025-04-29,2026-02-09
20046,11113,2026-03-15,2026-03-26
20076,11113,2026-04-19,2026-07-01
20161,11114,2024-10-25,2025-03-23
20100,11114,2025-05-04,2025-07-08
20010,11114,2025-07-13,2025-12-11
20070,11114,2026-01-15,2026-02-03
20039,11114,2026-02-08,2026-07-01
20163,11115,2020-05-18,2020-06-29
20119,11115,2020-07-08,2021-01-05
20160,11115,2021-01-20,2021-06-06
20177,11116,2025-07-27,2026-01-29
20039,11116,2026-02-24,2026-07-01
20078,11117,2016-10-13,2017-02-27
20133,11118,2016-05-19,2016-09-03
20008,11118,2016-09-20,2017-07-20
20108,11118,2017-08-26,2018-04-14
20050,11118,2018-04-27,2018-11-16
20045,11118,2018-12-22,2019-03-07
20013,11118,2019-04-11,2019-10-29
20011,11118,2019-12-01,2021-03-27
20159,11118,2021-04-09,2021-12-28
20130,11118,2022-02-01,2022-05-13
20132,11118,2022-05-27,2023-07-22
20031,11118,2023-08-31,2024-01-13
20105,11118,2024-02-18,2024-08-24
20010,11118,2024-09-30,2025-01-06
20175,11118,2025-01-15,2025-05-01
20014,11118,2025-06-01,2025-08-06
20081,11118,2025-09-02,2025-10-18
20010,11118,2025-10-26,2025-12-11
20127,11118,2025-12-17,2026-07-01
20165,11119,2025-07-03,2026-02-09
20024,11119,2026-02-16,2026-07-01
20153,11120,2026-01-06,2026-04-21
20157,11120,2026-05-17,2026-07-01
20035,11121,2018-06-18,2019-02-04
20011,11121,2019-02-28,2019-10-25
20049,11123,2021-07-15,2021-12-27
20020,11123,2022-02-09,2022-05-26
20014,11124,2024-05-03,2024-11-11
20100,11124,2024-12-18,2025-05-23
20148,11124,2025-07-05,2026-01-21
20127,11124,2026-02-05,2026-06-19
20054,11125,2020-09-17,2021-04-07
20054,11125,2021-04-15,2021-10-18
20060,11125,2021-10-29,2021-12-18
20131,11125,2022-01-07,2022-02-13
20090,11126,2021-07-31,2022-04-24
20131,11126,2022-05-27,2022-06-16
20058,11126,2022-07-21,2022-12-02
20115,11126,2022-12-14,2023-07-25
20006,11126,2023-08-01,2023-08-22
20076,11127,2025-12-04,2026-03-05
20157,11127,2026-03-24,2026-07-01
20060,11128,2021-10-06,2021-12-17
20160,11129,2021-06-14,2021-09-09
20012,11129,2021-09-26,2021-10-11
20080,11130,2026-03-13,2026-07-01
20169,11131,2024-10-18,2024-12-21
20161,11131,2025-01-28,2025-04-18
20168,11131,2025-05-10,2025-09-19
20179,11132,2018-09-02,2019-01-30
20160,11132,2019-03-02,2019-09-21
20086,11132,2019-10-21,2020-03-23
20160,11132,2020-03-31,2021-04-19
20154,11132,2021-05-15,2021-09-21
20034,11132,2021-11-01,2021-11-20
20180,11133,2018-03-04,2019-03-17
20179,11133,2019-04-30,2019-11-07
20152,11133,2019-11-13,2020-02-03
20013,11133,2020-02-18,2020-07-14
20179,11133,2020-08-04,2020-12-13
20012,11133,2020-12-18,2021-04-29
20012,11133,2021-05-15,2021-12-21
20034,11133,2022-01-26,2022-03-13
20074,11133,2022-03-21,2022-07-07
20018,11133,2022-08-19,2022-12-01
20130,11133,2022-12-25,2023-09-06
20031,11133,2023-09-28,2024-01-13
20105,11133,2024-01-31,2024-12-12
20151,11133,2025-01-12,2025-04-10
20070,11133,2025-05-23,2025-08-11
20067,11133,2025-09-07,2026-07-01
20111,11134,2026-05-06,2026-07-01
20025,11135,2019-09-22,2019-10-28
20149,11135,2019-11-21,2020-06-19
20179,11135,2020-07-03,2020-12-13
20132,11135,2021-01-01,2021-07-15
20012,11135,2021-07-22,2021-12-21
20131,11135,2022-01-01,2022-06-16
20130,11135,2022-07-08,2022-07-12
20130,11136,2021-09-28,2021-12-19
20148,11137,2025-08-18,2025-10-12
20083,11138,2015-02-18,2015-12-21
20121,11138,2016-01-23,2016-02-07
20107,11139,2018-04-13,2019-03-27
20025,11139,2019-04-12,2019-10-28
20011,11139,2019-11-04,2020-04-30
20061,11139,2020-05-24,2021-02-23
20131,11139,2021-03-17,2021-12-05
20055,11139,2021-12-18,2022-05-26
20152,11140,2019-09-23,2020-02-03
20178,11140,2020-02-17,2020-07-08
20160,11140,2020-08-18,2020-12-20
20114,11140,2021-01-14,2021-04-11
20126,11140,2021-04-29,2022-02-08
20020,11140,2022-03-11,2022-06-18
20170,11140,2022-06-27,2023-02-25
20115,11140,2023-04-10,2023-07-25
20104,11140,2023-09-06,2023-11-09
20067,11141,2025-12-17,2026-04-20
20158,11141,2026-05-31,2026-06-30
20107,11142,2018-11-29,2019-04-01
20045,11142,2019-04-15,2019-08-26
20086,11142,2019-09-15,2020-03-23
20013,11142,2020-04-12,2020-07-14
20085,11142,2020-08-01,2020-08-20
20011,11142,2020-09-22,2021-03-26
20160,11142,2021-04-27,2021-11-04
20130,11142,2021-12-06,2022-05-11
20100,11143,2024-04-25,2024-10-20
20103,11143,2024-11-22,2025-02-12
20020,11144,2022-03-30,2022-05-23
20030,11145,2015-04-19,2015-10-25
20135,11145,2015-12-02,2016-06-07
20007,11145,2016-06-14,2016-10-14
20083,11145,2016-11-01,2018-01-01
20176,11145,2018-02-06,2018-04-11
20176,11145,2018-05-20,2018-08-03
20103,11146,2026-02-11,2026-06-07
20059,11146,2026-06-28,2026-07-01
20142,11147,2019-11-29,2020-06-05
20160,11147,2020-06-15,2021-02-27
20143,11148,2016-05-12,2016-06-27
20016,11148,2016-07-06,2016-10-09
20121,11148,2016-10-19,2016-11-01
20172,11148,2016-11-07,2017-06-19
20071,11148,2017-07-14,2017-07-17
20179,11148,2017-08-08,2018-01-23
20021,11148,2018-02-19,2018-07-12
20075,11148,2018-08-01,2018-09-21
20160,11148,2018-10-07,2019-09-18
20011,11148,2019-10-16,2020-01-18
20178,11148,2020-02-27,2020-07-05
20011,11148,2020-07-29,2020-10-18
20068,11148,2020-11-29,2022-01-17
20130,11148,2022-01-31,2022-07-09
20074,11148,2022-07-20,2022-08-25
20015,11148,2022-08-31,2023-01-03
20170,11148,2023-01-08,2023-02-25
20031,11148,2023-03-02,2023-05-07
20077,11149,2020-09-17,2021-07-01
20049,11149,2021-07-22,2021-12-27
20003,11149,2022-01-26,2022-02-14
20058,11149,2022-03-15,2022-08-09
20005,11150,2019-07-03,2019-10-29
20018,11151,2022-12-11,2023-05-06
20018,11152,2022-12-27,2023-07-16
20139,11152,2023-08-12,2023-11-18
20179,11153,2018-09-25,2019-01-25
20145,11153,2019-03-10,2019-06-10
20160,11153,2019-07-16,2019-09-18
20095,11154,2025-11-13,2026-03-28
20063,11155,2023-12-30,2024-04-14
20014,11155,2024-04-21,2024-09-20
20046,11156,2025-06-25,2025-10-07
20081,11157,2025-05-07,2025-10-18
20036,11157,2025-11-15,2026-03-09
20059,11157,2026-04-12,2026-07-01
20112,11158,2026-01-19,2026-07-01
20146,11159,2023-01-12,2023-06-09
20108,11160,2017-10-09,2018-03-09
20052,11161,2015-05-21,2015-08-19
20106,11161,2015-09-01,2016-01-02
20167,11161,2016-01-16,2016-05-08
20119,11162,2020-05-09,2021-01-29
20012,11162,2021-02-14,2021-10-05
20122,11162,2021-11-04,2021-11-15
20102,11162,2021-11-20,2022-01-31
20018,11162,2022-02-24,2023-07-16
20018,11162,2023-08-03,2024-02-27
20103,11162,2024-04-09,2025-01-08
20166,11162,2025-01-14,2025-04-10
20018,11162,2025-04-24,2025-10-07
20175,11162,2025-10-13,2025-11-06
20112,11162,2025-11-22,2026-06-20
20104,11163,2024-03-03,2024-03-29
20100,11163,2024-04-21,2024-10-14
20088,11163,2024-10-25,2025-07-01
20070,11163,2025-07-17,2026-02-03
20178,11164,2020-05-29,2020-08-19
20164,11164,2020-08-31,2020-12-21
20061,11164,2021-01-14,2021-02-23
20060,11164,2021-03-11,2021-12-18
20068,11164,2022-01-29,2022-05-24
20115,11164,2022-06-29,2023-07-25
20109,11164,2023-08-24,2023-08-29
20145,11165,2019-07-01,2019-07-08
20025,11165,2019-08-02,2019-10-28
20160,11165,2019-11-02,2021-02-01
20011,11165,2021-02-19,2021-03-27
20003,11165,2021-04-24,2021-12-14
20020,11165,2021-12-28,2022-06-18
20124,11165,2022-07-08,2023-03-19
20118,11165,2023-04-25,2023-06-03
20115,11165,2023-06-09,2023-07-25
20123,11165,2023-08-24,2024-04-27
20014,11165,2024-05-08,2025-08-06
20101,11165,2025-08-26,2026-04-03
20127,11165,2026-04-23,2026-07-01
20115,11166,2022-08-29,2022-09-21
20167,11167,2015-09-15,2016-09-01
20083,11167,2016-09-22,2017-08-01
20156,11167,2017-09-14,2018-01-06
20026,11168,2017-01-05,2017-05-23
20071,11168,2017-06-18,2017-07-17
20083,11168,2017-07-27,2018-09-10
20079,11168,2018-10-24,2019-01-10
20179,11168,2019-02-19,2020-03-16
20149,11168,2020-04-04,2020-06-19
20061,11168,2020-06-29,2021-02-23
20159,11168,2021-03-18,2021-10-10
20074,11168,2021-11-03,2022-08-08
20141,11168,2022-08-28,2023-05-08
20132,11168,2023-05-17,2023-09-23
20018,11168,2023-11-06,2023-11-18
20146,11169,2024-12-15,2025-01-21
20140,11169,2025-02-06,2025-04-04
20088,11169,2025-05-11,2025-08-24
20009,11169,2025-10-01,2026-02-02
20083,11170,2017-12-30,2018-04-19
20107,11170,2018-05-04,2018-06-28
20018,11171,2024-05-02,2024-11-26
20169,11171,2024-12-09,2024-12-21
20010,11171,2025-01-10,2025-08-15
20103,11171,2025-09-18,2025-12-17
20118,11172,2023-03-27,2023-06-03
20139,11172,2023-07-06,2024-01-15
20103,11172,2024-01-29,2024-10-18
20145,11173,2019-06-01,2019-07-08
20174,11173,2019-08-09,2020-03-25
20148,11174,2025-04-25,2025-10-30
20036,11174,2025-11-21,2026-03-09
20101,11174,2026-03-18,2026-07-01
20004,11175,2018-01-01,2018-04-25
20008,11175,2018-05-24,2018-10-02
20107,11175,2018-10-13,2019-02-27
20025,11175,2019-03-04,2019-07-07
20152,11175,2019-08-08,2020-02-03
20178,11175,2020-02-10,2020-08-10
20134,11175,2020-08-23,2021-03-21
20126,11175,2021-04-29,2021-10-19
20162,11176,2023-06-02,2023-08-22
20063,11176,2023-10-05,2024-04-14
20067,11177,2026-05-31,2026-07-01
20083,11178,2016-03-03,2017-08-18
20128,11178,2017-08-25,2018-02-19
20008,11178,2018-03-06,2018-07-14
20156,11178,2018-08-14,2019-03-10
20129,11178,2019-04-02,2019-09-16
20129,11178,2019-10-08,2019-12-17
20040,11178,2019-12-24,2020-10-12
20054,11178,2020-11-02,2021-10-18
20126,11178,2021-11-19,2022-09-21
20132,11178,2022-10-21,2023-04-11
20132,11178,2023-04-28,2023-09-23
20018,11178,2023-10-22,2023-11-26
20168,11179,2025-08-01,2025-10-14
20056,11179,2025-10-26,2026-07-01
20051,11180,2023-03-21,2023-04-19
20006,11180,2023-05-16,2023-12-26
20010,11180,2024-02-08,2024-12-29
20175,11180,2025-01-26,2025-07-03
20035,11181,2018-12-22,2019-04-29
20160,11181,2019-05-31,2019-12-12
20040,11181,2020-01-03,2020-11-20
20134,11181,2020-11-28,2021-03-21
20164,11181,2021-04-23,2021-08-28
20138,11181,2021-09-05,2022-01-04
20074,11181,2022-01-22,2022-08-25
20141,11181,2022-09-18,2023-04-29
20139,11181,2023-06-07,2024-01-15
20006,11181,2024-02-10,2024-11-02
20161,11181,2024-11-16,2025-04-18
20033,11181,2025-05-01,2025-07-09
20070,11181,2025-08-07,2026-02-03
20009,11181,2026-02-16,2026-05-16
20037,11181,2026-05-23,2026-07-01
20069,11182,2015-02-22,2015-07-18
20001,11182,2015-08-12,2015-11-24
20057,11182,2015-12-24,2016-06-17
20171,11182,2016-07-07,2016-10-31
20078,11182,2016-11-06,2017-07-10
20128,11182,2017-07-17,2018-02-19
20004,11182,2018-03-19,2018-04-25
20083,11182,2018-05-26,2018-09-10
20079,11182,2018-09-18,2019-01-10
20041,11182,2019-02-16,2019-09-08
20152,11182,2019-10-07,2020-02-03
20086,11182,2020-02-13,2020-03-23
20179,11182,2020-04-07,2020-09-03
20160,11182,2020-09-14,2021-04-10
20160,11182,2021-05-23,2021-11-04
20159,11182,2021-12-03,2021-12-28
20068,11182,2022-01-11,2022-05-24
20170,11182,2022-06-05,2022-10-04
20095,11183,2026-04-04,2026-05-25
20112,11183,2026-06-24,2026-07-01
20128,11184,2016-06-04,2017-02-22
20096,11184,2017-03-22,2017-07-17
20075,11184,2017-08-05,2017-10-25
20006,11185,2023-09-05,2024-11-21
20146,11185,2025-01-02,2025-01-21
20116,11185,2025-02-03,2025-06-06
20177,11185,2025-06-22,2026-04-23
20157,11185,2026-06-03,2026-07-01
20128,11186,2017-07-24,2018-02-19
20075,11186,2018-03-12,2018-09-21
20129,11186,2018-10-10,2019-07-04
20013,11186,2019-07-23,2020-02-07
20142,11186,2020-03-22,2020-10-28
20077,11186,2020-11-25,2021-05-17
20159,11186,2021-06-05,2021-12-28
20068,11186,2022-01-20,2022-05-24
20118,11186,2022-06-23,2022-12-28
20132,11186,2023-01-09,2023-08-28
20087,11186,2023-10-03,2024-02-09
20033,11187,2024-08-02,2024-09-19
20096,11188,2016-10-22,2017-02-18
20075,11189,2017-10-17,2018-03-08
20008,11190,2017-03-08,2017-04-20
20077,11191,2020-08-07,2021-02-16
20138,11191,2021-03-13,2021-07-01
20164,11192,2021-04-16,2021-08-28
20154,11192,2021-09-14,2021-09-21
20027,11192,2021-10-06,2021-12-14
20003,11192,2022-01-10,2022-02-14
20051,11192,2022-02-26,2022-10-07
20058,11192,2022-11-06,2022-12-02
20015,11192,2022-12-16,2023-01-03
20170,11192,2023-02-02,2023-02-25
20130,11192,2023-03-16,2023-04-29
20018,11193,2022-05-26,2022-09-10
20157,11194,2026-06-23,2026-07-01
20081,11195,2025-04-02,2025-07-26
20009,11195,2025-08-21,2026-05-16
20112,11195,2026-06-29,2026-07-01
20083,11196,2018-05-29,2018-09-10
20041,11196,2018-10-24,2019-08-20
20040,11196,2019-09-08,2020-04-26
20030,11197,2015-04-06,2015-10-11
20143,11197,2015-10-23,2016-06-07
20084,11197,2016-06-15,2017-02-22
20113,11197,2017-04-04,2017-05-09
20043,11197,2017-05-20,2017-12-10
20172,11197,2017-12-26,2018-03-12
20107,11197,2018-04-13,2018-08-15
20072,11197,2018-08-24,2019-01-11
20072,11197,2019-01-27,2019-01-28
20179,11197,2019-02-03,2019-10-15
20040,11197,2019-11-23,2020-10-08
20160,11197,2020-11-04,2020-12-26
20077,11197,2021-01-11,2021-07-09
20154,11197,2021-07-17,2021-09-21
20130,11197,2021-11-04,2022-11-04
20010,11197,2022-11-24,2024-07-24
20006,11197,2024-07-29,2024-08-28
20003,11198,2021-09-05,2022-01-13
20126,11198,2022-01-26,2022-09-21
20010,11198,2022-10-16,2023-07-03
20031,11198,2023-08-15,2023-12-16
20175,11199,2025-02-24,2025-11-06
20038,11199,2025-12-13,2026-07-01
20128,11200,2016-03-07,2017-02-20
20043,11200,2017-03-04,2017-09-03
20136,11200,2017-10-16,2018-03-23
20008,11200,2018-04-23,2018-10-01
20079,11200,2018-10-06,2019-01-10
20156,11200,2019-01-30,2019-04-14
20145,11200,2019-05-16,2019-07-08
20011,11200,2019-07-21,2019-07-26
20170,11201,2021-12-09,2022-08-21
20115,11201,2022-09-11,2023-04-23
20093,11202,2019-12-26,2020-02-22
20149,11202,2020-03-17,2020-04-23
20022,11203,2016-01-08,2016-05-15
20016,11203,2016-06-25,2016-10-09
20078,11203,2016-11-12,2017-04-11
20008,11203,2017-04-17,2017-09-01
20083,11203,2017-09-24,2018-09-07
20079,11203,2018-10-14,2019-01-10
20035,11203,2019-02-12,2019-04-29
20013,11203,2019-05-06,2020-01-03
20179,11203,2020-01-16,2020-07-16
20061,11203,2020-08-13,2021-02-23
20011,11204,2019-04-16,2020-02-14
20029,11205,2017-01-13,2017-04-11
20008,11205,2017-05-05,2018-02-23
20179,11205,2018-04-04,2019-05-13
20041,11205,2019-06-12,2019-09-07
20139,11206,2023-09-17,2024-01-15
20065,11206,2024-02-23,2024-10-02
20014,11206,2024-10-18,2025-04-13
20067,11206,2025-04-26,2025-12-23
20046,11206,2026-01-23,2026-03-26
20056,11206,2026-04-08,2026-07-01
20143,11207,2016-11-03,2017-02-19
20029,11207,2017-03-28,2017-04-11
20043,11207,2017-04-27,2017-12-10
20004,11207,2018-01-05,2018-04-25
20176,11207,2018-04-30,2018-12-13
20145,11207,2019-01-04,2019-07-08
20152,11207,2019-08-15,2020-02-03
20013,11207,2020-03-10,2020-07-14
20174,11207,2020-08-01,2020-08-04
20054,11207,2020-08-18,2021-07-04
20100,11208,2024-08-01,2025-04-02
20100,11208,2025-05-08,2025-07-08
20036,11208,2025-07-19,2025-08-14
20051,11209,2022-02-15,2022-12-24
20031,11209,2023-01-29,2023-03-11
20123,11210,2023-05-22,2024-03-10
20104,11210,2024-03-23,2024-03-29
20087,11210,2024-04-18,2024-07-13
20151,11210,2024-08-19,2025-02-26
20006,11210,2025-04-02,2025-07-20
20018,11210,2025-08-22,2025-10-20
20165,11210,2025-10-28,2026-02-09
20067,11210,2026-03-14,2026-07-01
20179,11211,2018-11-25,2019-08-29
20152,11211,2019-09-13,2020-02-03
20179,11211,2020-02-29,2020-12-13
20114,11211,2021-01-18,2021-05-14
20126,11211,2021-05-25,2021-10-03
20027,11211,2021-11-01,2021-12-14
20170,11211,2022-01-26,2022-09-09
20179,11212,2018-10-30,2019-03-25
20129,11212,2019-04-30,2019-12-17
20005,11212,2020-01-20,2020-07-08
20114,11212,2020-07-19,2020-07-30
20170,11213,2021-06-25,2021-11-15
20115,11214,2022-06-10,2022-11-03
20141,11214,2022-12-12,2023-04-16
20006,11214,2023-05-04,2023-11-28
20069,11215,2015-05-22,2015-09-13
20106,11215,2015-10-07,2016-01-02
20167,11215,2016-01-27,2016-06-22
20042,11215,2016-07-29,2017-01-06
20078,11215,2017-02-17,2017-06-27
20172,11216,2017-06-22,2018-03-12
20064,11216,2018-04-12,2018-06-07
20072,11216,2018-06-24,2019-01-28
20180,11216,2019-02-16,2019-06-24
20129,11216,2019-07-01,2019-11-17
20149,11216,2019-12-18,2020-05-14
20134,11216,2020-06-08,2020-09-29
20173,11216,2020-10-23,2021-06-04
20020,11216,2021-07-01,2021-09-12
20059,11217,2025-12-21,2026-07-01
20175,11218,2025-02-25,2025-11-06
20010,11218,2025-11-25,2025-12-11
20069,11219,2015-08-26,2015-09-13
20084,11219,2015-10-20,2016-08-03
20171,11219,2016-09-02,2016-10-18
20115,11220,2023-06-13,2023-07-25
20162,11220,2023-08-06,2023-08-22
20014,11220,2023-10-03,2024-05-31
20087,11220,2024-06-16,2024-06-25
20105,11221,2024-10-01,2024-12-12
20165,11221,2024-12-20,2025-09-22
20103,11222,2025-05-17,2026-04-16
20037,11222,2026-05-14,2026-07-01
20180,11223,2018-05-24,2018-12-18
20156,11223,2019-01-23,2019-04-14
20011,11223,2019-05-13,2019-06-21
20055,11224,2022-09-05,2022-09-21
20119,11225,2020-12-06,2021-01-29
20093,11225,2021-02-27,2021-04-07
20159,11225,2021-05-08,2021-10-18
20012,11225,2021-11-18,2021-12-21
20132,11225,2022-01-23,2022-08-25
20053,11225,2022-10-04,2022-11-30
20115,11225,2023-01-01,2023-05-11
20162,11225,2023-06-22,2023-08-22
20145,11226,2019-06-25,2019-07-08
20129,11226,2019-07-15,2019-08-24
20130,11227,2021-09-20,2022-05-11
20053,11228,2022-04-30,2022-11-30
20010,11228,2022-12-23,2023-08-08
20123,11228,2023-08-19,2024-04-27
20105,11228,2024-05-03,2024-12-02
20161,11228,2025-01-13,2025-04-18
20006,11228,2025-05-13,2025-10-07
20083,11229,2015-02-28,2016-01-25
20121,11229,2016-02-21,2016-11-01
20078,11229,2016-11-13,2017-04-16
20096,11229,2017-05-06,2017-07-17
20176,11229,2017-08-13,2018-07-19
20050,11229,2018-08-23,2018-11-16
20013,11229,2018-12-29,2019-08-29
20141,11230,2022-09-23,2023-05-08
20139,11230,2023-05-21,2024-01-15
20123,11230,2024-02-07,2024-04-27
20087,11230,2024-06-09,2024-07-13
20006,11230,2024-08-17,2025-01-15
20088,11230,2025-01-28,2025-06-13
20008,11231,2017-07-15,2017-09-07
20148,11232,2025-11-09,2026-01-21
20097,11232,2026-02-05,2026-07-01
20126,11233,2021-02-23,2022-03-13
20074,11233,2022-04-16,2022-08-25
20141,11233,2022-09-30,2023-05-08
20132,11233,2023-06-14,2023-09-23
20063,11233,2023-10-26,2024-04-14
20105,11233,2024-05-09,2024-12-12
20100,11233,2025-01-25,2025-05-03
20148,11233,2025-05-10,2025-10-18
20095,11233,2025-11-07,2026-05-25
20059,11233,2026-06-23,2026-07-01
20148,11234,2025-06-02,2025-11-18
20046,11234,2025-12-06,2026-03-26
20073,11234,2026-05-07,2026-07-01
20066,11235,2017-03-15,2017-05-01
20032,11235,2017-05-29,2017-07-13
20156,11235,2017-08-14,2018-01-09
20107,11235,2018-01-30,2018-02-25
20160,11236,2021-04-11,2021-11-04
20068,11236,2021-12-16,2022-05-24
20074,11236,2022-06-29,2022-08-25
20132,11236,2022-09-09,2022-12-20
20170,11236,2022-12-27,2023-02-25
20132,11236,2023-04-09,2023-09-23
20091,11236,2023-11-04,2024-02-25
20014,11236,2024-04-03,2024-07-26
20169,11236,2024-08-04,2024-12-21
20014,11236,2025-01-07,2025-05-22
20163,11237,2020-04-04,2020-06-29
20174,11237,2020-07-15,2020-08-04
20054,11237,2020-09-09,2021-03-21
20054,11237,2021-04-09,2021-10-18
20122,11237,2021-11-05,2021-11-15
20049,11237,2021-11-29,2021-12-27
20131,11237,2022-02-09,2022-04-19
20074,11237,2022-05-28,2022-07-30
20015,11237,2022-09-02,2023-01-03
20063,11237,2023-02-11,2023-12-27
20087,11237,2024-01-30,2024-07-13
20065,11237,2024-08-14,2024-10-02
20010,11237,2024-10-30,2025-12-11
20046,11237,2026-01-08,2026-03-26
20059,11237,2026-04-25,2026-07-01
20057,11238,2016-06-15,2016-06-17
20121,11238,2016-07-25,2016-10-18
20042,11238,2016-11-24,2017-01-06
20043,11238,2017-02-08,2017-12-10
20008,11238,2017-12-29,2018-03-29
20008,11238,2018-05-05,2018-10-02
20050,11238,2018-11-09,2018-11-16
20160,11238,2018-12-25,2019-09-15
20163,11238,2019-10-02,2019-12-28
20087,11239,2023-12-30,2024-07-13
20065,11239,2024-08-23,2024-10-02
20010,11239,2024-11-05,2025-02-20
20166,11239,2025-03-07,2025-04-10
20088,11239,2025-04-20,2025-08-24
20036,11239,2025-09-26,2026-03-09
20112,11239,2026-04-08,2026-05-27
20074,11240,2022-07-15,2022-08-25
20170,11240,2022-08-31,2023-01-20
20132,11240,2023-01-31,2023-05-04
20132,11240,2023-06-08,2023-07-13
20162,11240,2023-08-18,2023-08-22
20014,11240,2023-09-12,2024-02-11
20018,11240,2024-03-02,2024-07-12
20092,11241,2015-11-12,2016-03-01
20083,11241,2016-04-01,2018-01-06
20176,11241,2018-01-26,2018-06-22
20035,11241,2018-08-03,2019-01-02
20035,11241,2019-02-14,2019-04-29
20045,11241,2019-05-15,2019-12-09
20040,11241,2020-01-13,2020-09-20
20164,11241,2020-10-18,2021-05-02
20077,11241,2021-05-22,2021-07-09
20132,11241,2021-07-15,2022-01-19
20053,11241,2022-02-27,2022-11-30
20118,11241,2023-01-09,2023-06-03
20115,11241,2023-06-22,2023-07-25
20146,11241,2023-07-30,2024-04-15
20151,11241,2024-05-05,2024-10-27
20100,11241,2024-11-05,2025-07-08
20103,11241,2025-08-01,2026-07-01
20090,11242,2022-03-09,2022-04-24
20053,11242,2022-05-08,2022-08-22
20116,11243,2025-05-03,2025-06-06
20081,11243,2025-07-12,2025-10-18
20076,11243,2025-11-23,2026-07-01
20088,11244,2025-01-28,2025-08-24
20056,11244,2025-10-06,2026-02-13
20048,11244,2026-03-23,2026-07-01
20004,11245,2016-06-09,2016-11-08
20133,11245,2016-12-17,2017-04-10
20004,11245,2017-04-18,2017-09-01
20043,11245,2017-09-15,2017-12-10
20128,11245,2017-12-29,2018-02-19
20004,11245,2018-03-13,2018-04-25
20176,11245,2018-05-22,2018-12-09
20041,11245,2018-12-16,2019-07-31
20174,11245,2019-08-14,2020-08-04
20164,11245,2020-09-11,2021-08-28
20012,11245,2021-10-02,2021-12-21
20138,11245,2022-01-01,2022-01-04
20132,11245,2022-01-31,2022-06-29
20015,11245,2022-08-04,2023-01-03
20124,11245,2023-01-31,2023-03-19
20018,11245,2023-04-05,2024-04-05
20087,11245,2024-05-14,2024-07-13
20006,11245,2024-08-09,2025-01-16
20018,11245,2025-02-19,2025-10-20
20101,11245,2025-10-29,2026-05-03
20039,11245,2026-06-06,2026-06-22
20033,11246,2025-03-12,2025-07-09
20101,11246,2025-08-11,2025-12-23
20101,11246,2026-01-27,2026-07-01
20085,11247,2020-05-28,2020-08-20
20040,11247,2020-09-10,2020-11-20
20060,11247,2020-12-05,2021-12-18
20126,11247,2022-01-05,2022-09-21
20146,11247,2022-10-01,2023-10-21
20146,11247,2023-10-30,2024-10-22
20166,11247,2024-11-14,2025-04-10
20100,11247,2025-04-18,2025-05-18
20149,11248,2019-12-03,2020-06-16
20150,11248,2020-07-14,2020-08-07
20023,11248,2020-08-13,2021-01-31
20093,11248,2021-03-05,2021-04-07
20054,11248,2021-05-07,2021-10-17
20020,11248,2021-11-08,2022-06-18
20126,11248,2022-06-27,2022-09-21
20018,11248,2022-10-07,2023-08-19
20006,11248,2023-09-03,2023-10-26
20136,11249,2018-01-10,2018-05-04
20107,11249,2018-05-17,2019-04-01
20086,11249,2019-05-10,2020-03-15
20011,11249,2020-03-20,2021-01-12
20173,11249,2021-02-10,2021-06-04
20077,11249,2021-06-22,2021-07-09
20138,11249,2021-08-14,2022-01-04
20055,11249,2022-02-01,2022-08-12
20126,11249,2022-09-13,2022-09-21
20044,11249,2022-10-14,2022-11-01
20029,11250,2016-07-26,2016-10-18
20010,11251,2025-10-07,2025-12-11
20039,11251,2025-12-30,2026-07-01
20160,11252,2021-08-06,2021-11-04
20074,11252,2021-11-23,2022-01-20
20154,11253,2021-04-16,2021-09-21
20122,11253,2021-09-26,2021-11-15
20049,11253,2021-11-30,2021-12-27
20068,11253,2022-02-03,2022-05-24
20051,11253,2022-05-30,2023-01-22
20170,11253,2023-01-29,2023-02-25
20141,11253,2023-04-01,2023-05-08
20115,11253,2023-06-16,2023-07-25
20162,11253,2023-08-07,2023-08-22
20123,11253,2023-10-02,2024-04-27
20065,11253,2024-06-10,2024-10-02
20146,11253,2024-10-21,2025-01-21
20165,11253,2025-02-09,2026-02-09
20112,11253,2026-03-09,2026-04-02
20070,11254,2025-12-07,2026-02-03
20009,11254,2026-02-28,2026-05-16
20110,11254,2026-06-16,2026-07-01
20066,11255,2017-01-05,2017-05-01
20008,11255,2017-05-08,2018-06-25
20163,11256,2020-01-16,2020-06-29
20093,11256,2020-07-16,2020-09-28
20037,11257,2026-04-28,2026-07-01
20018,11258,2022-11-07,2023-06-20
20010,11258,2023-06-27,2023-11-08
20139,11258,2023-11-29,2024-01-15
20091,11258,2024-01-25,2024-02-25
20014,11258,2024-04-04,2024-10-05
20014,11258,2024-10-26,2025-06-29
20103,11258,2025-07-04,2026-05-05
20158,11258,2026-06-16,2026-06-30
20029,11259,2016-09-21,2017-04-11
20172,11259,2017-05-03,2017-10-25
20176,11259,2017-11-15,2018-03-12
20176,11259,2018-03-21,2018-12-13
20079,11259,2019-01-08,2019-01-10
20156,11259,2019-02-06,2019-04-14
20041,11259,2019-05-22,2019-09-08
20040,11259,2019-10-21,2020-02-23
20005,11259,2020-03-27,2020-08-31
20134,11259,2020-09-12,2021-03-21
20131,11259,2021-04-12,2022-01-15
20068,11259,2022-02-02,2022-04-08
20085,11260,2020-06-12,2020-06-27
20093,11261,2020-03-27,2021-04-07
20173,11261,2021-05-18,2021-06-04
20012,11261,2021-06-30,2021-12-21
20074,11261,2022-01-16,2022-08-25
20124,11261,2022-09-01,2023-03-19
20130,11261,2023-04-16,2023-09-06
20139,11261,2023-10-05,2024-01-15
20018,11261,2024-02-08,2024-08-06
20158,11262,2026-02-03,2026-02-18
20017,11263,2017-03-28,2017-05-03
20078,11263,2017-05-20,2017-07-10
20176,11263,2017-08-16,2018-02-05
20180,11263,2018-03-01,2018-11-22
20107,11263,2018-12-10,2019-04-01
20013,11263,2019-04-09,2019-12-19
20149,11263,2020-01-31,2020-06-19
20093,11263,2020-07-31,2021-04-07
20173,11263,2021-04-27,2021-06-04
20049,11263,2021-07-15,2021-12-27
20130,11263,2022-01-27,2022-06-26
20124,11263,2022-07-07,2022-08-17
20090,11264,2021-09-22,2022-04-24
20126,11264,2022-05-02,2022-09-09
20018,11264,2022-09-30,2023-07-19
20031,11264,2023-07-29,2024-01-12
20018,11264,2024-02-07,2024-04-06
20034,11265,2022-02-04,2022-03-13
20132,11265,2022-04-15,2022-10-23
20146,11265,2022-12-05,2023-02-04
20160,11266,2019-11-20,2020-01-12
20064,11267,2017-12-21,2018-06-07
20050,11267,2018-06-18,2018-11-16
20180,11267,2018-12-28,2019-06-24
20152,11267,2019-07-24,2020-02-03
20040,11267,2020-02-18,2020-07-30
20114,11267,2020-09-06,2020-11-04
20068,11267,2020-12-15,2021-08-11
20159,11267,2021-09-03,2021-12-28
20170,11267,2022-01-15,2022-04-26
20058,11267,2022-05-25,2022-12-02
20170,11267,2023-01-08,2023-02-25
20141,11267,2023-04-05,2023-05-08
20091,11267,2023-05-23,2023-11-19
20014,11267,2023-12-18,2024-06-07
20014,11267,2024-06-15,2025-04-07
20168,11267,2025-04-21,2025-10-14
20112,11267,2025-10-22,2026-04-06
20028,11267,2026-04-16,2026-07-01
20156,11268,2017-12-25,2018-02-14
20069,11269,2015-05-01,2015-09-13
20004,11269,2015-10-26,2017-10-18
20030,11270,2015-01-15,2015-06-07
20135,11270,2015-07-11,2015-11-13
20118,11271,2022-09-12,2023-05-04
20010,11271,2023-06-06,2024-10-26
20014,11271,2024-11-02,2025-08-06
20165,11271,2025-08-29,2025-11-23
20046,11271,2025-12-31,2026-03-26
20059,11271,2026-04-10,2026-07-01
20167,11272,2016-02-23,2016-09-01
20042,11272,2016-09-21,2017-01-06
20071,11272,2017-01-16,2017-07-17
20098,11272,2017-08-28,2017-09-02
20075,11272,2017-10-12,2018-09-14
20013,11273,2019-04-07,2020-03-12
20149,11273,2020-03-18,2020-05-23
20154,11274,2021-05-06,2021-06-05
20152,11275,2019-12-14,2020-02-03
20174,11275,2020-03-14,2020-08-04
20114,11275,2020-08-16,2021-03-08
20126,11275,2021-03-30,2021-09-19
20074,11275,2021-10-31,2022-08-25
20141,11275,2022-09-12,2023-02-10
20102,11276,2022-01-06,2022-01-31
20068,11276,2022-03-08,2022-05-24
20010,11276,2022-06-30,2023-03-07
20051,11276,2023-04-06,2023-04-19
20006,11276,2023-04-26,2023-12-10
20091,11276,2024-01-15,2024-02-25
20063,11276,2024-03-24,2024-04-14
20123,11276,2024-04-19,2024-04-27
20014,11276,2024-05-22,2024-06-04
20106,11277,2015-12-20,2016-01-02
20004,11277,2016-01-12,2016-08-01
20126,11278,2022-02-11,2022-09-21
20044,11278,2022-10-02,2023-01-10
20130,11278,2023-02-09,2023-09-06
20031,11278,2023-09-29,2024-01-13
20018,11278,2024-02-03,2025-02-13
20140,11278,2025-03-12,2025-04-04
20006,11278,2025-05-05,2025-12-06
20148,11278,2025-12-17,2026-01-21
20056,11278,2026-02-14,2026-06-03
20017,11279,2016-01-11,2017-01-27
20026,11279,2017-02-12,2017-05-23
20032,11279,2017-06-18,2017-07-13
20133,11279,2017-08-05,2018-01-18
20128,11279,2018-02-01,2018-02-19
20107,11279,2018-03-23,2019-04-01
20179,11279,2019-05-12,2019-09-08
20025,11279,2019-09-21,2019-10-28
20093,11279,2019-11-06,2020-02-29
20163,11279,2020-03-17,2020-06-29
20150,11279,2020-08-04,2020-08-07
20134,11279,2020-09-16,2021-03-21
20054,11279,2021-04-07,2021-10-18
20159,11279,2021-11-01,2021-12-28
20020,11279,2022-02-01,2022-06-18
20018,11279,2022-06-29,2023-07-31
20018,11279,2023-08-24,2024-03-03
20087,11279,2024-03-17,2024-07-13
20065,11279,2024-08-24,2024-10-02
20161,11279,2024-11-09,2025-04-18
20100,11279,2025-05-30,2025-07-08
20175,11279,2025-08-21,2025-11-06
20097,11279,2025-11-18,2026-05-21
20048,11279,2026-06-21,2026-07-01
20132,11280,2023-04-30,2023-09-23
20063,11280,2023-09-28,2024-03-02
20100,11280,2024-03-07,2024-11-07
20006,11280,2024-11-25,2025-02-09
20083,11281,2015-10-14,2016-02-09
20092,11281,2016-02-25,2016-03-01
20057,11281,2016-03-18,2016-06-17
20016,11281,2016-07-15,2016-10-09
20075,11281,2016-11-13,2017-05-24
20004,11281,2017-05-31,2017-11-09
20176,11281,2017-11-24,2018-11-24
20079,11282,2018-12-25,2019-01-10
20045,11282,2019-01-27,2019-06-06
20129,11282,2019-07-20,2019-12-17
20149,11282,2020-01-16,2020-06-19
20179,11282,2020-07-01,2020-12-13
20060,11282,2021-01-20,2021-05-16
20077,11282,2021-05-21,2021-07-09
20170,11282,2021-08-01,2022-07-03
20015,11282,2022-08-15,2023-01-03
20130,11282,2023-01-20,2023-09-06
20123,11282,2023-10-18,2023-12-22
20131,11283,2020-12-29,2021-06-28
20170,11283,2021-08-10,2022-01-17
20090,11283,2022-02-28,2022-03-23
20030,11284,2015-08-21,2015-10-25
20143,11284,2015-12-05,2016-03-30
20007,11284,2016-04-05,2016-10-14
20137,11284,2016-11-05,2016-12-04
20096,11284,2017-01-15,2017-05-07
20071,11284,2017-05-12,2017-07-12
20127,11285,2025-10-25,2026-05-13
20028,11285,2026-06-19,2026-07-01
20109,11286,2023-06-13,2023-11-24
20063,11286,2023-12-15,2024-04-14
20087,11286,2024-04-28,2024-07-13
20010,11286,2024-07-24,2025-05-03
20101,11286,2025-06-14,2026-03-06
20157,11286,2026-04-14,2026-07-01
20125,11287,2025-10-21,2026-01-22
20019,11287,2026-02-26,2026-03-08
20097,11287,2026-03-20,2026-07-01
20128,11288,2016-03-17,2016-08-22
20017,11288,2016-10-02,2017-01-20
20083,11288,2017-02-20,2017-11-01
20131,11289,2022-02-10,2022-05-03
20058,11289,2022-06-01,2022-12-02
20115,11289,2023-01-15,2023-07-25
20104,11289,2023-08-16,2023-11-23
20031,11289,2023-12-23,2024-01-13
20018,11289,2024-01-31,2024-11-01
20088,11289,2024-12-05,2025-08-24
20095,11289,2025-10-02,2026-05-25
20112,11289,2026-06-06,2026-07-01
20130,11290,2021-11-30,2022-04-16
20131,11290,2022-05-14,2022-06-16
20115,11290,2022-06-25,2022-11-03
20141,11290,2022-11-28,2023-05-08
20146,11290,2023-06-13,2023-10-13
20091,11290,2023-11-11,2024-02-20
20087,11290,2024-03-07,2024-07-13
20018,11290,2024-08-15,2025-01-02
20088,11290,2025-01-13,2025-04-17
20175,11290,2025-05-16,2025-11-06
20112,11290,2025-12-05,2026-07-01
20103,11291,2024-08-04,2025-01-26
20151,11291,2025-02-09,2025-02-20
20063,11292,2023-03-01,2023-08-09
20139,11292,2023-09-11,2024-01-15
20010,11292,2024-02-10,2025-01-15
20130,11293,2022-03-19,2022-04-07
20100,11294,2024-05-25,2024-10-17
20006,11294,2024-10-27,2025-09-29
20036,11294,2025-10-04,2026-03-09
20048,11294,2026-03-24,2026-07-01
20129,11295,2019-05-05,2019-12-17
20174,11295,2020-01-01,2020-08-04
20160,11295,2020-08-10,2021-02-07
20068,11295,2021-02-28,2021-07-12
20012,11295,2021-07-28,2021-12-21
20083,11296,2018-08-19,2018-09-10
20045,11296,2018-10-22,2019-05-30
20086,11296,2019-06-24,2020-03-23
20142,11296,2020-04-26,2020-10-28
20023,11296,2020-12-10,2021-01-31
20132,11296,2021-03-07,2021-12-18
20131,11296,2022-01-24,2022-06-16
20170,11296,2022-07-02,2023-02-25
20051,11296,2023-03-06,2023-04-19
20018,11296,2023-04-30,2023-10-12
20018,11296,2023-11-14,2024-10-08
20133,11297,2016-10-15,2017-03-02
20083,11297,2017-03-27,2017-07-10
20108,11297,2017-07-27,2018-07-21
20079,11297,2018-08-16,2019-01-10
20179,11297,2019-02-05,2020-02-03
20130,11299,2022-01-01,2022-05-05
20055,11299,2022-06-03,2022-09-21
20044,11299,2022-10-21,2023-05-03
20130,11299,2023-05-10,2023-09-06
20087,11299,2023-10-14,2024-03-29
20169,11299,2024-05-12,2024-08-26
20105,11299,2024-09-12,2024-12-12
20140,11299,2025-01-22,2025-04-04
20175,11299,2025-05-13,2025-10-27
20046,11299,2025-11-17,2025-11-23
20109,11300,2023-09-15,2023-09-26
20168,11301,2025-05-03,2025-10-14
20009,11301,2025-10-28,2026-05-16
20059,11301,2026-05-31,2026-07-01
20008,11302,2018-09-30,2018-10-02
20156,11302,2018-10-09,2019-04-14
20013,11302,2019-04-30,2020-07-13
20093,11302,2020-07-23,2021-04-07
20131,11302,2021-04-20,2021-05-20
20107,11303,2018-07-20,2019-04-01
20179,11303,2019-05-01,2019-12-09
20086,11303,2019-12-21,2020-03-23
20163,11303,2020-04-08,2020-06-29
20114,11303,2020-08-07,2021-02-23
20068,11303,2021-02-28,2021-11-22
20126,11303,2021-12-29,2022-05-28
20126,11303,2022-06-06,2022-09-21
20015,11303,2022-10-17,2023-01-03
20130,11303,2023-02-15,2023-09-06
20087,11303,2023-09-24,2024-03-24
20065,11303,2024-04-28,2024-08-11
20079,11304,2018-08-16,2019-01-10
20129,11304,2019-02-12,2019-09-21
20013,11304,2019-10-06,2020-07-14
20134,11304,2020-08-21,2020-11-05
20120,11305,2025-09-03,2026-02-07
20036,11305,2026-03-03,2026-03-09
20177,11305,2026-04-19,2026-07-01
20178,11306,2020-01-09,2020-08-19
20068,11306,2020-08-29,2021-07-15
20068,11306,2021-08-11,2021-11-17
20170,11306,2021-12-26,2022-06-30
20053,11306,2022-07-26,2022-10-01
20002,11307,2015-08-21,2015-12-27
20135,11307,2016-01-19,2016-05-11
20007,11307,2016-06-16,2016-10-14
20113,11307,2016-10-24,2017-04-21
20008,11307,2017-05-29,2018-09-01
20180,11307,2018-10-12,2019-04-15
20145,11307,2019-04-21,2019-07-08
20152,11307,2019-08-13,2019-12-07
20013,11307,2019-12-20,2020-07-14
20160,11307,2020-07-19,2021-01-15
20119,11307,2021-01-23,2021-01-29
20126,11307,2021-02-10,2021-07-19
20005,11308,2020-04-17,2020-09-17
20077,11308,2020-10-23,2021-07-09
20130,11308,2021-07-28,2022-02-26
20020,11309,2022-05-12,2022-06-18
20170,11309,2022-06-30,2023-02-25
20146,11310,2024-10-10,2025-01-21
20160,11311,2021-04-27,2021-11-04
20020,11311,2021-12-13,2022-03-30
20074,11311,2022-04-09,2022-08-25
20055,11311,2022-09-01,2022-09-21
20044,11311,2022-10-18,2023-05-03
20115,11311,2023-05-20,2023-07-25
20091,11311,2023-08-09,2024-02-25
20100,11311,2024-03-19,2024-09-13
20061,11312,2020-10-12,2021-02-23
20003,11312,2021-04-03,2022-02-14
20131,11312,2022-02-21,2022-06-16
20074,11312,2022-06-24,2022-08-25
20010,11312,2022-09-10,2023-03-05
20051,11312,2023-03-25,2023-04-19
20018,11312,2023-05-08,2023-12-15
20123,11312,2024-01-23,2024-04-27
20100,11312,2024-06-08,2024-11-01
20088,11312,2024-11-27,2025-07-10
20081,11312,2025-08-08,2025-10-18
20097,11312,2025-11-22,2026-07-01
20138,11313,2021-07-13,2022-01-04
20003,11313,2022-01-14,2022-02-14
20068,11313,2022-03-16,2022-05-24
20170,11313,2022-06-11,2023-02-25
20109,11313,2023-03-31,2023-11-18
20105,11313,2023-11-28,2024-05-24
20103,11313,2024-06-16,2025-01-19
20018,11313,2025-02-20,2025-10-20
20120,11313,2025-11-21,2025-11-23
20151,11314,2024-12-11,2025-04-10
20100,11314,2025-04-19,2025-05-26
20041,11315,2018-12-15,2019-05-02
20041,11315,2019-05-08,2019-09-08
20025,11315,2019-10-07,2019-10-28
20045,11315,2019-11-09,2019-12-09
20163,11315,2020-01-16,2020-06-29
20114,11315,2020-08-11,2021-05-14
20074,11315,2021-06-12,2022-05-01
20179,11316,2019-06-14,2019-09-30
20179,11316,2019-11-09,2020-10-21
20132,11316,2020-11-22,2021-05-31
20138,11316,2021-06-30,2021-09-05
20053,11317,2022-06-03,2022-11-30
20018,11317,2023-01-06,2023-10-16
20006,11317,2023-11-17,2024-04-24
20103,11317,2024-05-13,2025-08-26
20103,11317,2025-09-13,2026-07-01
20175,11318,2025-07-08,2025-08-20
20084,11319,2016-02-11,2016-05-09
20167,11319,2016-05-31,2016-09-01
20022,11319,2016-09-14,2016-10-14
20066,11319,2016-11-02,2016-11-07
20156,11320,2018-08-15,2019-02-11
20160,11320,2019-02-17,2019-11-05
20129,11320,2019-12-14,2019-12-17
20163,11320,2019-12-29,2020-06-29
20178,11320,2020-07-12,2020-08-19
20077,11320,2020-09-27,2021-02-15
20154,11320,2021-02-22,2021-09-21
20159,11320,2021-11-01,2021-12-28
20034,11320,2022-01-12,2022-03-13
20051,11320,2022-04-25,2023-02-20
20124,11320,2023-03-08,2023-03-19
20118,11320,2023-04-11,2023-06-03
20123,11320,2023-07-09,2024-01-18
20104,11320,2024-02-01,2024-03-29
20006,11320,2024-04-10,2024-06-06
20014,11321,2023-10-07,2024-02-05
20128,11322,2016-12-01,2017-01-30
20132,11323,2020-12-12,2021-10-16
20027,11323,2021-11-25,2021-12-14
20094,11323,2021-12-22,2022-04-06
20068,11323,2022-05-12,2022-05-24
20051,11323,2022-06-02,2022-08-18
20055,11323,2022-09-12,2022-09-21
20115,11323,2022-10-01,2023-05-08
20162,11323,2023-06-11,2023-08-22
20014,11323,2023-09-14,2024-02-25
20065,11323,2024-03-30,2024-07-29
20018,11324,2023-06-23,2023-12-18
20104,11324,2024-01-18,2024-03-29
20065,11324,2024-04-11,2024-10-02
20146,11325,2024-03-04,2024-08-20
20033,11325,2024-09-09,2025-07-09
20010,11325,2025-08-11,2025-12-11
20046,11325,2026-01-10,2026-03-26
20112,11325,2026-04-30,2026-07-01
20077,11326,2021-03-09,2021-06-18
20132,11326,2021-07-16,2022-03-04
20170,11326,2022-04-09,2023-02-25
20063,11326,2023-03-31,2023-07-10
20146,11326,2023-07-26,2023-11-24
20031,11326,2023-12-11,2024-01-13
20091,11326,2024-02-15,2024-02-25
20146,11326,2024-03-21,2024-11-07
20151,11326,2024-12-18,2025-04-10
20033,11326,2025-05-02,2025-07-09
20070,11326,2025-08-21,2026-02-03
20147,11326,2026-03-09,2026-03-27
20112,11326,2026-04-09,2026-07-01
20143,11327,2016-05-29,2016-06-11
20093,11328,2019-11-12,2020-06-02
20174,11328,2020-07-05,2020-08-04
20179,11328,2020-09-16,2020-11-20
20023,11328,2020-12-25,2021-01-31
20131,11328,2021-02-15,2021-06-26
20027,11328,2021-08-06,2021-12-14
20074,11328,2022-01-14,2022-07-02
20057,11329,2015-12-19,2016-06-17
20026,11329,2016-07-13,2017-01-07
20179,11330,2017-06-25,2017-11-13
20133,11330,2017-12-23,2018-03-03
20075,11330,2018-04-07,2018-07-20
20146,11331,2022-07-07,2023-03-08
20072,11332,2019-01-10,2019-01-28
20129,11332,2019-02-18,2019-03-27
20074,11333,2021-07-29,2021-09-19
20012,11334,2021-03-25,2021-07-16
20020,11334,2021-08-20,2022-06-18
20132,11334,2022-07-02,2022-11-12
20051,11334,2022-12-13,2023-03-09
20176,11335,2017-12-27,2018-08-27
20041,11335,2018-09-12,2019-06-21
20160,11335,2019-07-20,2020-02-17
20093,11335,2020-03-06,2020-10-15
20119,11335,2020-10-30,2021-01-29
20060,11335,2021-02-25,2021-12-18
20049,11335,2021-12-24,2021-12-27
20055,11335,2022-01-02,2022-08-10
20055,11335,2022-08-24,2022-09-21
20124,11335,2022-10-05,2023-03-19
20109,11335,2023-04-23,2023-11-24
20010,11335,2023-12-15,2024-12-06
20088,11335,2024-12-30,2025-05-19
20106,11336,2015-10-26,2016-01-02
20092,11336,2016-01-31,2016-03-01
20137,11336,2016-04-08,2016-11-23
20083,11336,2016-12-30,2018-03-31
20107,11336,2018-04-27,2019-04-01
20160,11336,2019-05-01,2019-11-28
20163,11336,2020-01-11,2020-05-07
20108,11337,2018-06-20,2018-07-21
20072,11337,2018-07-26,2018-09-10
20088,11338,2025-07-11,2025-08-24
20165,11338,2025-08-29,2025-12-07
20104,11339,2023-07-31,2024-01-04
20014,11339,2024-02-08,2025-05-31
20018,11339,2025-06-08,2025-10-20
20076,11339,2025-12-02,2026-05-20
20076,11339,2026-06-18,2026-07-01
20004,11340,2016-05-04,2016-09-10
20004,11340,2016-09-16,2017-01-13
20169,11341,2024-08-14,2024-12-21
20166,11341,2025-01-15,2025-01-26
20038,11342,2026-05-10,2026-07-01
20071,11343,2017-02-02,2017-07-17
20128,11343,2017-08-02,2018-02-19
20179,11343,2018-03-08,2018-10-20
20045,11343,2018-10-29,2019-05-27
20145,11343,2019-07-01,2019-07-08
20179,11343,2019-07-28,2019-11-01
20149,11344,2020-03-21,2020-06-19
20005,11344,2020-07-05,2020-07-17
20143,11345,2016-08-23,2017-02-19
20004,11345,2017-03-19,2018-04-25
20083,11345,2018-05-13,2018-09-10
20179,11345,2018-10-17,2019-01-18
20156,11345,2019-02-01,2019-04-14
20041,11345,2019-05-11,2019-05-18
20030,11346,2015-01-13,2015-08-19
20004,11346,2015-09-29,2016-07-07
20143,11346,2016-07-22,2017-02-19
20017,11346,2017-03-03,2017-05-03
20043,11346,2017-05-14,2017-10-02
20160,11347,2021-10-29,2021-11-04
20102,11347,2021-11-09,2022-01-31
20068,11347,2022-02-13,2022-05-24
20053,11347,2022-06-02,2022-09-16
20060,11348,2021-05-20,2021-12-18
20074,11348,2022-01-28,2022-08-25
20170,11348,2022-10-06,2023-02-25
20118,11348,2023-03-09,2023-06-03
20170,11349,2023-01-07,2023-02-25
20141,11349,2023-03-18,2023-05-08
20006,11349,2023-06-09,2023-08-06
20041,11350,2018-12-24,2019-08-08
20041,11350,2019-08-13,2019-09-08
20040,11350,2019-09-24,2020-05-02
20179,11350,2020-05-12,2020-12-13
20126,11350,2021-01-23,2021-06-27
20090,11350,2021-08-05,2021-12-13
20074,11350,2021-12-29,2022-08-25
20018,11350,2022-08-31,2023-04-06
20115,11350,2023-04-24,2023-07-25
20146,11350,2023-08-27,2023-11-15
20087,11351,2024-04-17,2024-07-13
20100,11351,2024-07-30,2025-07-08
20148,11351,2025-08-17,2026-01-21
20037,11351,2026-02-27,2026-07-01
20071,11352,2017-05-21,2017-07-17
20176,11352,2017-08-28,2017-11-30
20064,11352,2018-01-01,2018-05-07
20176,11352,2018-05-24,2018-10-06
20146,11353,2023-07-29,2024-04-17
20100,11353,2024-05-08,2025-07-08
20010,11353,2025-08-09,2025-12-11
20148,11353,2025-12-20,2026-01-21
20120,11353,2026-01-30,2026-02-07
20009,11353,2026-03-05,2026-05-16
20095,11353,2026-05-22,2026-05-25
20073,11353,2026-06-27,2026-07-01
20133,11354,2017-11-24,2018-03-03
20072,11354,2018-03-29,2018-11-30
20160,11354,2018-12-07,2019-01-11
20107,11354,2019-02-15,2019-04-01
20041,11354,2019-04-28,2019-09-01
20040,11354,2019-09-13,2019-09-18
20074,11355,2022-08-02,2022-08-25
20051,11355,2022-09-14,2023-04-19
20132,11355,2023-04-25,2023-09-23
20104,11355,2023-11-06,2024-03-29
20006,11355,2024-05-08,2024-12-31
20088,11355,2025-01-29,2025-03-19
20130,11356,2022-07-16,2023-07-11
20139,11356,2023-07-26,2024-01-15
20014,11356,2024-01-29,2024-08-17
20100,11356,2024-09-11,2024-11-25
20178,11357,2020-02-25,2020-03-18
20061,11358,2021-01-22,2021-02-23
20068,11358,2021-03-04,2022-05-24
20010,11358,2022-06-01,2022-07-30
20053,11358,2022-08-23,2022-11-30
20124,11358,2022-12-26,2023-03-19
20141,11358,2023-04-24,2023-05-08
20006,11358,2023-06-20,2024-06-24
20105,11358,2024-08-04,2024-12-12
20014,11358,2025-01-01,2025-03-28
20033,11358,2025-04-10,2025-07-09
20009,11358,2025-08-13,2026-05-16
20038,11358,2026-06-14,2026-07-01
20081,11359,2025-01-24,2025-05-16
20033,11359,2025-06-03,2025-07-09
20168,11359,2025-08-04,2025-10-14
20175,11359,2025-10-27,2025-11-06
20056,11359,2025-11-20,2026-07-01
20129,11360,2019-11-07,2019-12-17
20013,11360,2020-01-14,2020-07-14
20068,11360,2020-07-22,2022-02-16
20101,11361,2025-03-16,2026-03-05
20038,11361,2026-03-10,2026-07-01
20061,11362,2020-09-22,2021-02-23
20173,11362,2021-03-10,2021-05-15
20014,11363,2025-02-18,2025-05-30
20010,11363,2025-06-08,2025-10-17
20097,11363,2025-11-30,2026-07-01
20089,11364,2020-08-29,2021-03-07
20126,11364,2021-04-18,2021-11-29
20090,11364,2021-12-10,2021-12-22
20072,11365,2018-07-31,2018-10-27
20051,11366,2022-11-21,2023-03-09
20092,11367,2016-01-23,2016-03-01
20007,11367,2016-03-30,2016-04-23
20179,11368,2018-01-12,2018-05-06
20108,11368,2018-06-04,2018-07-21
20179,11368,2018-09-03,2019-06-23
20174,11368,2019-07-17,2019-11-23
20142,11368,2019-12-24,2020-10-28
20134,11368,2020-11-04,2021-03-21
20126,11368,2021-04-06,2022-01-25
20130,11368,2022-02-25,2023-01-18
20130,11368,2023-01-31,2023-09-06
20031,11368,2023-10-01,2024-01-13
20103,11368,2024-02-06,2024-09-24
20119,11369,2020-10-13,2021-01-29
20093,11369,2021-02-05,2021-04-07
20020,11369,2021-05-05,2021-09-07
20130,11369,2021-09-22,2022-05-04
20020,11369,2022-06-12,2022-06-18
20170,11369,2022-07-21,2022-07-25
20075,11370,2017-10-05,2017-12-18
20011,11371,2020-07-04,2021-03-27
20138,11371,2021-04-20,2022-01-04
20034,11371,2022-01-28,2022-03-13
20170,11371,2022-04-04,2023-02-25
20063,11371,2023-03-06,2023-11-16
20031,11371,2023-12-27,2024-01-13
20087,11371,2024-01-27,2024-07-13
20065,11371,2024-08-08,2024-10-02
20088,11371,2024-10-17,2025-05-27
20018,11371,2025-07-01,2025-10-20
20127,11371,2025-11-09,2026-05-19
20101,11371,2026-06-05,2026-07-01
20060,11372,2021-03-27,2021-08-11
20030,11373,2015-03-06,2015-10-25
20001,11373,2015-11-13,2015-11-24
20017,11373,2015-11-29,2017-05-03
20078,11373,2017-05-20,2017-06-01
20170,11374,2021-06-17,2022-01-06
20132,11374,2022-02-19,2022-08-04
20126,11374,2022-09-15,2022-09-21
20015,11374,2022-10-08,2023-01-03
20119,11375,2020-07-21,2021-01-29
20173,11375,2021-03-05,2021-04-13
20155,11376,2019-10-18,2019-11-22
20174,11376,2019-12-16,2020-08-04
20142,11376,2020-09-01,2020-10-28
20077,11376,2020-11-16,2021-07-09
20090,11376,2021-07-29,2022-04-24
20052,11377,2015-06-21,2015-08-19
20017,11377,2015-09-21,2016-06-29
20004,11377,2016-07-21,2016-12-25
20084,11377,2017-01-04,2017-02-22
20096,11377,2017-03-11,2017-07-02
20083,11377,2017-07-12,2018-04-21
20064,11377,2018-05-25,2018-06-07
20008,11377,2018-07-14,2018-10-02
20035,11377,2018-10-28,2018-11-10
20156,11378,2017-12-24,2018-07-06
20180,11378,2018-07-23,2019-02-02
20129,11378,2019-02-21,2019-06-21
20086,11378,2019-07-15,2020-01-18
20160,11378,2020-02-10,2020-07-22
20093,11378,2020-09-03,2021-04-07
20164,11378,2021-04-25,2021-08-28
20131,11378,2021-09-28,2022-05-11
20131,11378,2022-06-01,2022-06-16
20115,11378,2022-07-24,2022-10-14
20130,11378,2022-11-24,2023-07-11
20109,11378,2023-08-08,2023-11-24
20139,11378,2023-12-22,2024-01-15
20006,11378,2024-02-04,2024-08-25
20010,11378,2024-09-01,2025-04-29
20033,11378,2025-05-23,2025-07-09
20006,11378,2025-08-01,2025-12-06
20103,11378,2025-12-26,2026-03-27
20039,11378,2026-04-03,2026-05-19
20078,11379,2016-07-16,2017-04-07
20078,11379,2017-04-22,2017-07-10
20179,11379,2017-07-31,2018-06-28
20083,11379,2018-07-10,2018-09-10
20176,11379,2018-10-21,2018-12-13
20107,11379,2019-01-13,2019-03-06
20067,11380,2025-05-15,2025-07-13
20173,11381,2021-02-10,2021-06-04
20131,11381,2021-07-18,2021-10-12
20165,11382,2025-03-04,2025-09-21
20056,11382,2025-10-30,2026-05-16
20127,11382,2026-05-31,2026-07-01
20005,11383,2019-07-14,2020-01-31
20142,11383,2020-02-18,2020-10-28
20179,11383,2020-12-04,2020-12-13
20159,11383,2021-01-03,2021-05-04
20131,11383,2021-06-17,2022-06-16
20115,11383,2022-07-14,2023-07-25
20014,11383,2023-08-31,2025-05-28
20018,11383,2025-06-20,2025-10-04
20046,11383,2025-10-15,2026-03-26
20177,11383,2026-04-14,2026-07-01
20103,11384,2026-04-20,2026-07-01
20051,11385,2022-10-11,2023-04-19
20031,11385,2023-05-08,2024-01-13
20105,11385,2024-02-08,2024-08-21
20146,11385,2024-09-20,2025-01-21
20018,11385,2025-02-18,2025-10-20
20097,11385,2025-10-28,2026-07-01
20091,11386,2024-01-02,2024-02-25
20100,11386,2024-03-02,2025-02-11
20018,11386,2025-02-17,2025-06-17
20165,11386,2025-07-04,2026-02-09
20080,11386,2026-02-20,2026-07-01
20153,11387,2026-04-02,2026-04-21
20110,11387,2026-05-31,2026-07-01
20031,11388,2024-01-11,2024-01-13
20091,11388,2024-01-18,2024-02-25
20010,11388,2024-03-07,2025-02-21
20148,11388,2025-03-19,2025-08-25
20177,11388,2025-09-14,2026-07-01
20138,11389,2021-06-25,2022-01-04
20170,11389,2022-01-12,2022-03-10
20160,11390,2021-05-18,2021-11-04
20049,11390,2021-11-18,2021-12-27
20170,11390,2022-01-18,2023-02-25
20010,11390,2023-04-02,2023-07-17
20063,11390,2023-08-05,2024-02-14
20135,11391,2015-06-13,2015-10-24
20167,11391,2015-11-14,2016-09-01
20083,11391,2016-10-03,2017-05-17
20043,11391,2017-06-15,2017-12-03
20156,11391,2017-12-24,2018-05-01
20172,11392,2017-09-04,2017-12-13
20179,11392,2018-01-18,2018-07-10
20083,11392,2018-08-03,2018-09-10
20079,11392,2018-10-05,2019-01-10
20129,11392,2019-02-04,2019-04-17
20055,11393,2022-07-15,2022-09-21
20132,11393,2022-10-22,2023-08-09
20010,11393,2023-09-11,2024-11-05
20146,11393,2024-12-12,2025-01-21
20151,11393,2025-03-06,2025-04-10
20148,11393,2025-05-19,2025-12-22
20009,11393,2026-01-12,2026-05-02
20073,11393,2026-05-19,2026-07-01
20114,11394,2021-02-25,2021-05-14
20159,11394,2021-06-22,2021-12-28
20094,11394,2022-01-15,2022-07-24
20004,11395,2017-08-02,2018-03-30
20021,11395,2018-04-30,2018-07-12
20107,11395,2018-08-06,2019-04-01
20025,11395,2019-05-06,2019-09-05
20040,11395,2019-10-12,2020-06-18
20107,11396,2017-12-08,2019-01-07
20145,11396,2019-02-13,2019-07-08
20152,11396,2019-07-16,2020-02-03
20134,11396,2020-03-16,2020-08-24
20173,11396,2020-09-17,2021-06-04
20020,11396,2021-06-22,2022-03-01
20020,11396,2022-04-11,2022-06-18
20055,11396,2022-07-09,2022-09-21
20018,11396,2022-10-23,2023-06-13
20109,11396,2023-06-26,2023-11-24
20063,11396,2023-12-15,2023-12-22
20049,11397,2021-08-06,2021-12-27
20020,11397,2022-01-31,2022-06-18
20044,11398,2022-10-22,2023-04-24
20132,11398,2023-05-30,2023-09-05
20104,11398,2023-09-23,2024-03-29
20018,11398,2024-04-13,2024-04-15
20149,11399,2020-03-28,2020-06-19
20068,11399,2020-07-16,2021-05-21
20054,11399,2021-06-14,2021-10-18
20126,11399,2021-11-24,2022-05-01
20020,11399,2022-05-18,2022-06-18
20118,11399,2022-07-01,2022-09-07
20064,11400,2018-04-05,2018-06-07
20108,11400,2018-07-09,2018-07-21
20156,11400,2018-08-12,2019-04-14
20160,11400,2019-05-28,2019-11-21
20168,11401,2025-05-12,2025-10-05
20165,11401,2025-10-15,2026-02-09
20111,11401,2026-03-21,2026-07-01
20156,11402,2018-08-31,2019-03-02
20011,11403,2019-08-15,2020-10-08
20179,11403,2020-11-20,2020-12-13
20068,11403,2020-12-20,2021-03-31
20012,11403,2021-04-09,2021-12-21
20126,11403,2021-12-27,2022-09-21
20058,11403,2022-09-29,2022-12-02
20109,11403,2022-12-30,2023-02-10
20143,11404,2015-09-26,2016-03-10
20121,11404,2016-04-15,2016-08-18
20083,11404,2016-09-03,2017-06-13
20096,11404,2017-07-10,2017-07-17
20004,11404,2017-07-29,2018-04-22
20037,11405,2026-05-08,2026-07-01
20058,11406,2022-11-10,2022-12-02
20130,11406,2023-01-12,2023-05-26
20139,11406,2023-07-06,2024-01-15
20010,11406,2024-01-31,2024-07-02
20065,11406,2024-08-13,2024-09-01
20154,11407,2021-09-04,2021-09-21
20094,11407,2021-10-24,2022-08-10
20130,11407,2022-08-28,2022-12-26
20115,11407,2023-01-31,2023-04-10
20146,11407,2023-05-21,2024-02-26
20010,11407,2024-03-18,2024-10-25
20100,11407,2024-11-06,2025-01-16
20171,11408,2016-11-25,2016-12-21
20128,11408,2016-12-26,2018-02-19
20004,11408,2018-03-30,2018-04-25
20008,11408,2018-05-08,2018-10-02
20041,11408,2018-10-31,2019-09-08
20152,11408,2019-09-18,2020-02-03
20030,11409,2015-01-29,2015-10-25
20057,11409,2015-11-21,2016-06-17
20135,11409,2016-07-29,2016-09-07
20075,11409,2016-09-13,2017-05-15
20004,11409,2017-06-03,2017-10-02
20136,11409,2017-11-10,2018-05-04
20156,11409,2018-05-28,2018-09-24
20078,11410,2017-06-15,2017-07-10
20156,11410,2017-08-20,2018-01-29
20179,11410,2018-03-05,2018-08-12
20035,11410,2018-08-27,2019-04-06
20011,11410,2019-05-20,2019-08-10
20011,11410,2019-09-11,2020-01-08
20040,11410,2020-02-08,2020-11-20
20060,11410,2020-12-19,2021-05-03
20160,11410,2021-05-27,2021-11-04
20102,11410,2021-12-18,2022-01-31
20055,11410,2022-02-20,2022-09-21
20118,11410,2022-10-17,2023-03-04
20031,11410,2023-03-25,2023-09-22
20091,11410,2023-10-05,2024-02-25
20006,11410,2024-03-01,2024-08-16
20006,11410,2024-09-06,2025-07-02
20151,11411,2024-06-14,2024-09-08
20033,11411,2024-10-06,2025-01-23
20010,11411,2025-03-07,2025-07-06
20018,11411,2025-07-31,2025-10-20
20036,11411,2025-11-17,2026-03-09
20048,11411,2026-03-20,2026-07-01
20041,11412,2018-12-24,2019-06-18
20179,11412,2019-07-22,2020-02-19
20178,11412,2020-03-24,2020-08-19
20005,11412,2020-09-10,2020-09-17
20142,11412,2020-10-04,2020-10-28
20164,11412,2020-11-29,2021-06-09
20054,11412,2021-07-11,2021-10-18
20138,11412,2021-10-23,2022-01-04
20170,11412,2022-01-25,2023-02-25
20051,11412,2023-04-05,2023-04-19
20010,11412,2023-05-31,2023-08-25
20105,11412,2023-10-02,2024-05-15
20103,11412,2024-06-19,2025-12-19
20097,11412,2025-12-24,2026-06-18
20118,11413,2022-08-23,2023-04-20
20031,11413,2023-05-29,2024-01-13
20014,11413,2024-02-18,2024-09-05
20006,11413,2024-10-08,2025-02-19
20151,11413,2025-03-15,2025-04-10
20033,11413,2025-05-08,2025-07-09
20177,11413,2025-08-11,2026-07-01
20077,11414,2020-08-23,2021-07-09
20074,11414,2021-07-28,2022-08-25
20115,11414,2022-10-06,2023-04-16
20132,11414,2023-05-11,2023-09-23
20104,11414,2023-11-05,2024-01-25
20087,11414,2024-02-13,2024-07-13
20014,11414,2024-08-14,2024-08-21
20105,11415,2023-10-14,2024-08-18
20088,11415,2024-09-03,2025-07-13
20010,11415,2025-07-29,2025-12-11
20147,11415,2025-12-21,2026-03-27
20127,11415,2026-05-05,2026-07-01
20083,11416,2015-12-01,2016-07-05
20137,11416,2016-07-25,2016-12-04
20029,11416,2017-01-12,2017-04-11
20017,11416,2017-04-18,2017-05-03
20008,11416,2017-05-20,2017-11-12
20120,11417,2025-11-23,2026-02-07
20095,11417,2026-03-05,2026-05-25
20097,11417,2026-06-14,2026-07-01
20014,11418,2023-09-03,2023-12-25
20146,11418,2024-01-03,2025-01-21
20140,11418,2025-02-13,2025-04-04
20179,11419,2017-03-13,2017-09-14
20176,11419,2017-10-20,2018-04-28
20018,11420,2025-03-15,2025-10-20
20095,11420,2025-11-07,2026-05-25
20028,11420,2026-06-27,2026-07-01
20117,11421,2026-02-20,2026-07-01
20068,11422,2021-10-24,2022-05-24
20058,11422,2022-07-04,2022-12-02
20170,11422,2023-01-08,2023-02-13
20083,11423,2015-06-24,2016-02-06
20084,11423,2016-02-28,2017-02-22
20096,11423,2017-03-06,2017-07-17
20098,11423,2017-08-09,2017-09-02
20075,11423,2017-09-18,2018-03-29
20050,11423,2018-04-30,2018-11-16
20072,11423,2018-11-22,2019-01-28
20108,11424,2017-10-21,2018-03-13
20066,11425,2016-07-24,2017-05-01
20098,11425,2017-05-23,2017-06-20
20103,11426,2026-01-14,2026-06-15
20118,11427,2022-12-05,2023-06-03
20109,11427,2023-07-02,2023-11-24
20104,11427,2023-12-03,2024-03-29
20146,11427,2024-04-17,2025-01-01
20018,11427,2025-01-09,2025-10-20
20095,11427,2025-11-23,2026-01-30
20057,11428,2015-06-13,2016-01-14
20084,11428,2016-02-09,2016-03-11
20011,11429,2020-01-18,2020-09-13
20023,11429,2020-10-20,2021-01-31
20068,11429,2021-03-09,2021-06-11
20068,11429,2021-06-20,2022-01-17
20003,11429,2022-01-31,2022-02-14
20034,11429,2022-03-04,2022-03-13
20068,11429,2022-03-20,2022-05-24
20126,11429,2022-06-17,2022-09-21
20015,11429,2022-10-17,2023-01-03
20115,11429,2023-02-08,2023-07-25
20014,11429,2023-08-19,2024-01-30
20105,11429,2024-02-04,2024-10-31
20171,11430,2016-07-05,2016-09-14
20171,11431,2016-11-05,2016-12-21
20082,11431,2016-12-30,2017-04-07
20075,11431,2017-05-14,2018-01-16
20083,11431,2018-02-08,2018-09-10
20035,11431,2018-10-13,2019-04-29
20180,11431,2019-05-30,2019-06-18
20156,11432,2018-09-19,2018-12-09
20077,11433,2021-06-30,2021-07-09
20027,11433,2021-08-02,2021-12-14
20132,11433,2022-01-23,2022-05-29
20124,11433,2022-07-02,2023-03-19
20013,11434,2019-10-19,2020-02-09
20160,11434,2020-02-21,2020-08-20
20068,11434,2020-08-30,2021-06-03
20122,11434,2021-06-27,2021-11-15
20027,11434,2021-12-07,2021-12-14
20130,11434,2022-01-11,2022-08-09
20051,11435,2023-02-03,2023-04-19
20010,11435,2023-06-01,2024-03-04
20104,11435,2024-03-14,2024-03-16
20069,11436,2015-02-19,2015-09-13
20143,11436,2015-09-18,2015-11-01
20023,11437,2020-10-23,2021-01-31
20054,11437,2021-02-11,2021-05-08
20179,11438,2019-07-26,2019-10-27
20155,11438,2019-11-13,2019-11-22
20005,11438,2019-12-22,2020-05-05
20075,11439,2017-03-18,2017-10-16
20172,11439,2017-11-01,2018-03-09
20077,11440,2021-06-12,2021-07-09
20172,11441,2017-06-08,2017-11-27
20156,11441,2018-01-05,2018-06-06
20108,11441,2018-07-09,2018-07-21
20176,11441,2018-07-31,2018-12-13
20045,11441,2019-01-07,2019-06-17
20011,11441,2019-07-04,2020-01-26
20175,11442,2025-02-09,2025-08-21
20125,11442,2025-08-29,2026-01-22
20080,11442,2026-02-13,2026-07-01
20084,11443,2016-04-18,2017-02-22
20071,11443,2017-03-07,2017-06-28
20176,11443,2017-08-11,2017-10-05
20095,11444,2025-12-28,2026-05-25
20112,11444,2026-06-30,2026-07-01
20159,11445,2021-12-13,2021-12-28
20034,11445,2022-01-29,2022-03-13
20053,11445,2022-04-15,2022-11-30
20124,11445,2022-12-29,2023-03-19
20051,11445,2023-04-15,2023-04-19
20031,11445,2023-05-23,2024-01-13
20018,11445,2024-02-24,2025-04-19
20116,11445,2025-06-02,2025-06-06
20088,11445,2025-07-08,2025-08-24
20010,11445,2025-09-22,2025-12-11
20147,11445,2025-12-30,2026-03-27
20080,11445,2026-04-28,2026-07-01
20172,11446,2017-04-20,2018-03-12
20021,11446,2018-03-31,2018-07-12
20179,11446,2018-08-14,2018-12-12
20156,11446,2018-12-21,2019-04-14
20086,11446,2019-05-22,2019-09-25
20160,11446,2019-10-07,2020-03-09
20018,11447,2024-06-11,2024-11-16
20006,11447,2024-12-06,2025-02-21
20129,11448,2019-08-11,2019-08-31
20154,11449,2021-05-18,2021-06-06
20148,11450,2025-10-14,2026-01-21
20018,11451,2023-06-01,2023-12-14
20031,11451,2024-01-11,2024-01-13
20063,11451,2024-01-30,2024-04-14
20105,11451,2024-04-28,2024-09-01
20161,11451,2024-10-01,2025-02-17
20161,11451,2025-02-27,2025-04-18
20018,11451,2025-04-23,2025-10-20
20175,11451,2025-10-28,2025-11-06
20056,11451,2025-11-11,2026-02-03
20009,11451,2026-02-16,2026-05-16
20076,11451,2026-05-22,2026-07-01
20179,11452,2019-01-19,2019-06-25
20179,11452,2019-07-23,2020-01-21
20093,11452,2020-02-17,2020-07-16
20138,11453,2021-06-06,2021-08-30
20069,11454,2015-04-17,2015-06-04
20111,11455,2026-02-19,2026-07-01
20127,11456,2026-04-30,2026-07-01
20101,11457,2025-04-11,2025-05-27
20077,11458,2020-10-29,2021-01-27
20060,11458,2021-02-05,2021-06-01
20159,11458,2021-06-08,2021-09-07
20131,11458,2021-09-27,2022-02-22
20113,11459,2016-11-07,2016-12-28
20027,11460,2021-12-11,2021-12-14
20131,11460,2022-01-03,2022-03-02
20002,11461,2015-09-28,2015-12-27
20017,11461,2016-02-01,2017-03-12
20113,11461,2017-03-19,2017-05-09
20026,11461,2017-05-21,2017-05-23
20075,11461,2017-06-17,2017-11-07
20108,11461,2017-12-17,2018-07-21
20083,11461,2018-07-26,2018-09-10
20176,11461,2018-10-16,2018-12-13
20013,11461,2018-12-26,2019-04-09
20041,11461,2019-04-21,2019-09-08
20152,11461,2019-09-29,2020-02-03
20149,11461,2020-02-14,2020-06-19
20085,11461,2020-07-14,2020-08-20
20173,11461,2020-09-28,2021-06-04
20126,11461,2021-07-13,2022-08-27
20118,11461,2022-10-01,2023-06-03
20162,11461,2023-06-28,2023-08-22
20139,11461,2023-09-16,2024-01-15
20146,11461,2024-02-08,2025-01-21
20165,11461,2025-02-18,2026-01-16
20039,11461,2026-01-29,2026-07-01
20103,11462,2024-11-03,2025-09-29
20103,11462,2025-10-08,2026-06-19
20133,11463,2016-11-05,2017-02-23
20078,11463,2017-03-21,2017-07-10
20008,11463,2017-07-31,2017-11-03
20008,11463,2017-11-11,2018-09-03
20050,11463,2018-09-16,2018-11-16
20129,11463,2018-12-20,2019-10-03
20180,11464,2019-06-04,2019-06-24
20152,11464,2019-07-17,2020-02-03
20005,11464,2020-02-13,2020-04-26
20022,11465,2016-06-29,2016-10-14
20026,11465,2016-10-30,2017-05-23
20032,11465,2017-05-31,2017-07-13
20156,11465,2017-08-05,2017-12-29
20083,11465,2018-01-10,2018-07-12
20177,11466,2025-09-13,2026-05-31
20092,11467,2016-02-04,2016-03-01
20167,11467,2016-03-28,2016-05-23
20160,11468,2020-04-11,2020-10-11
20173,11468,2020-10-18,2021-06-04
20090,11468,2021-07-15,2021-10-08
20135,11469,2016-04-18,2016-09-07
20004,11469,2016-09-22,2017-04-14
20156,11469,2017-05-21,2017-08-07
20075,11470,2017-08-03,2017-12-07
20008,11470,2018-01-06,2018-02-15
20143,11471,2015-08-11,2015-10-11
20083,11472,2018-03-07,2018-08-19
20050,11472,2018-10-01,2018-10-24
20072,11473,2018-08-19,2019-01-28
20045,11473,2019-02-24,2019-12-09
20152,11473,2019-12-16,2020-02-03
20005,11473,2020-03-07,2020-07-03
20172,11474,2017-07-12,2018-01-26
20156,11474,2018-03-05,2018-09-09
20072,11474,2018-09-30,2019-01-20
20145,11474,2019-01-27,2019-02-06
20173,11475,2020-11-03,2020-12-03
20176,11476,2018-05-05,2018-12-13
20107,11476,2019-01-12,2019-04-01
20045,11476,2019-04-12,2019-12-09
20005,11476,2020-01-10,2020-09-17
20173,11476,2020-09-27,2021-06-04
20020,11476,2021-07-09,2021-11-02
20027,11476,2021-11-11,2021-12-14
20131,11476,2022-01-04,2022-03-01
20114,11477,2020-10-15,2021-03-10
20160,11477,2021-04-08,2021-11-04
20049,11477,2021-11-11,2021-12-27
20034,11477,2022-01-30,2022-03-13
20124,11477,2022-03-27,2022-08-11
20170,11477,2022-09-19,2023-02-25
20115,11477,2023-03-04,2023-07-25
20014,11477,2023-08-24,2024-04-10
20006,11477,2024-05-06,2025-12-06
20076,11477,2026-01-19,2026-07-01
20147,11478,2025-12-12,2026-03-27
20059,11478,2026-04-26,2026-07-01
20030,11479,2015-05-23,2015-08-29
20135,11479,2015-10-07,2016-03-21
20057,11479,2016-04-12,2016-06-17
20083,11479,2016-07-08,2017-03-07
20179,11479,2017-04-19,2017-10-22
20107,11479,2017-11-15,2017-12-12
20121,11480,2016-01-23,2016-09-27
20172,11480,2016-10-13,2017-08-01
20008,11480,2017-08-09,2017-10-22
20163,11481,2020-06-02,2020-06-29
20085,11481,2020-08-06,2020-08-20
20164,11481,2020-09-20,2021-08-28
20122,11481,2021-09-11,2021-11-15
20055,11481,2021-12-01,2022-09-21
20141,11481,2022-10-07,2023-04-04
20010,11481,2023-05-11,2024-01-07
20123,11481,2024-01-27,2024-04-27
20018,11481,2024-05-10,2024-11-03
20166,11481,2024-11-20,2025-04-10
20006,11481,2025-05-21,2025-12-05
20127,11481,2026-01-13,2026-07-01
20149,11482,2020-03-27,2020-05-10
20066,11483,2016-12-17,2017-05-01
20083,11483,2017-05-10,2018-01-25
20128,11483,2018-02-01,2018-02-19
20108,11483,2018-03-06,2018-03-11
20135,11484,2015-05-01,2016-01-17
20095,11485,2025-12-18,2026-04-01
20073,11486,2026-03-17,2026-07-01
20107,11487,2018-01-10,2018-07-11
20075,11487,2018-08-14,2018-09-21
20107,11487,2018-10-25,2019-03-30
20010,11488,2024-10-24,2025-03-21
20067,11488,2025-03-31,2026-03-18
20080,11488,2026-04-23,2026-07-01
20127,11489,2026-04-24,2026-07-01
20066,11490,2016-12-08,2017-05-01
20130,11491,2023-01-06,2023-06-05
20064,11492,2018-04-24,2018-06-07
20108,11492,2018-06-22,2018-07-21
20035,11492,2018-07-26,2018-08-15
20064,11493,2018-01-09,2018-06-07
20050,11493,2018-06-16,2018-11-16
20145,11493,2018-12-03,2019-02-22
20129,11493,2019-04-07,2019-09-04
20178,11494,2020-03-10,2020-08-19
20119,11494,2020-09-03,2021-01-29
20077,11494,2021-03-10,2021-07-09
20130,11494,2021-07-17,2021-11-09
20020,11495,2021-11-10,2022-04-25
20055,11495,2022-05-13,2022-08-10
20001,11496,2015-07-20,2015-11-24
20057,11496,2015-12-31,2016-06-17
20066,11496,2016-07-28,2017-05-01
20179,11496,2017-06-10,2018-01-21
20064,11496,2018-02-28,2018-05-22
20179,11496,2018-05-30,2018-12-20
20072,11496,2019-01-09,2019-01-28
20107,11496,2019-02-25,2019-04-01
20013,11496,2019-04-07,2019-10-31
20045,11496,2019-12-02,2019-12-09
20011,11496,2019-12-20,2020-01-30
20013,11497,2019-04-26,2019-10-14
20086,11497,2019-11-11,2020-02-23
20180,11498,2018-06-17,2018-11-02
20180,11498,2018-11-22,2019-06-24
20011,11498,2019-07-03,2019-12-11
20152,11498,2020-01-02,2020-02-03
20013,11498,2020-03-07,2020-07-14
20068,11498,2020-07-25,2020-10-02
20068,11498,2020-10-13,2021-05-21
20160,11498,2021-06-14,2021-10-26
20034,11498,2021-11-06,2022-03-13
20051,11498,2022-03-19,2022-11-27
20132,11498,2022-12-03,2023-08-28
20132,11498,2023-09-06,2023-09-23
20006,11498,2023-10-17,2024-08-13
20083,11499,2015-04-02,2016-03-06
20135,11499,2016-04-03,2016-09-07
20143,11499,2016-10-05,2017-02-19
20082,11499,2017-03-27,2017-04-07
20004,11499,2017-05-16,2017-09-14
20101,11500,2025-05-24,2025-11-24
20080,11500,2025-12-18,2026-04-22
20101,11500,2026-05-12,2026-07-01
20130,11501,2023-01-06,2023-09-06
20123,11501,2023-09-21,2024-02-01
20018,11501,2024-02-26,2024-11-26
20018,11501,2024-12-23,2025-07-02
20081,11501,2025-07-27,2025-10-18
20019,11501,2025-11-03,2026-03-08
20056,11501,2026-03-13,2026-07-01
20176,11502,2018-02-16,2018-09-04
20095,11503,2026-05-23,2026-05-25
20038,11503,2026-06-21,2026-07-01
20146,11504,2023-10-28,2024-08-06
20033,11504,2024-08-17,2024-12-29
20175,11504,2025-01-06,2025-11-06
20067,11504,2025-12-19,2026-05-25
20072,11505,2018-12-15,2019-01-28
20045,11505,2019-02-12,2019-12-09
20149,11505,2020-01-18,2020-06-03
20081,11506,2024-12-16,2025-10-14
20006,11506,2025-11-25,2025-12-06
20056,11506,2025-12-13,2026-05-10
20176,11507,2017-12-21,2018-12-13
20041,11507,2019-01-20,2019-07-13
20155,11507,2019-08-24,2019-11-22
20040,11507,2020-01-05,2020-10-01
20061,11507,2020-10-12,2021-02-23
20060,11507,2021-03-26,2021-07-21
20020,11507,2021-09-02,2022-03-14
20018,11507,2022-03-22,2023-01-06
20018,11507,2023-01-29,2023-04-16
20128,11508,2016-04-07,2017-05-04
20078,11508,2017-05-20,2017-07-10
20098,11508,2017-07-16,2017-09-02
20064,11508,2017-10-02,2017-12-03
20006,11509,2023-07-07,2023-07-25
20079,11510,2018-11-11,2019-01-10
20129,11510,2019-02-16,2019-07-30
20025,11510,2019-08-20,2019-10-28
20013,11510,2019-12-09,2020-01-02
20008,11511,2017-02-03,2017-08-03
20128,11511,2017-08-18,2018-02-19
20021,11511,2018-02-27,2018-07-12
20008,11511,2018-07-28,2018-10-02
20179,11512,2020-05-27,2020-12-13
20093,11512,2021-01-11,2021-04-07
20164,11512,2021-05-15,2021-08-28
20090,11512,2021-10-07,2022-03-26
20168,11513,2025-08-25,2025-10-14
20101,11513,2025-10-27,2026-02-09
20103,11513,2026-03-13,2026-07-01
20086,11514,2019-05-15,2019-09-24
20025,11514,2019-10-24,2019-10-28
20045,11514,2019-11-16,2019-12-09
20179,11514,2020-01-06,2020-08-05
20068,11514,2020-09-12,2021-04-17
20012,11514,2021-05-15,2021-12-21
20170,11514,2022-01-10,2022-09-02
20115,11514,2022-09-25,2022-12-04
20115,11514,2023-01-08,2023-07-25
20018,11514,2023-08-25,2023-11-01
20103,11515,2024-03-07,2024-12-26
20018,11515,2025-01-09,2025-10-20
20165,11515,2025-12-02,2026-02-09
20080,11515,2026-02-28,2026-07-01
20074,11516,2021-12-01,2022-08-25
20115,11516,2022-09-16,2023-04-13
20162,11516,2023-05-20,2023-08-22
20063,11516,2023-09-26,2023-10-13
20041,11517,2019-07-16,2019-09-08
20163,11517,2019-10-09,2020-06-29
20134,11517,2020-07-31,2021-01-16
20173,11517,2021-01-30,2021-03-08
20008,11518,2018-03-26,2018-10-02
20035,11518,2018-11-14,2019-04-29
20011,11518,2019-05-25,2020-02-23
20040,11518,2020-02-29,2020-11-20
20114,11518,2020-12-16,2021-05-14
20077,11518,2021-06-11,2021-07-09
20170,11518,2021-07-15,2021-10-11
20045,11519,2018-08-31,2019-09-16
20040,11519,2019-10-28,2020-04-15
20158,11520,2026-04-24,2026-06-30
20138,11521,2021-02-22,2022-01-04
20055,11521,2022-01-31,2022-09-21
20053,11521,2022-10-02,2022-11-30
20170,11521,2023-01-08,2023-02-25
20132,11521,2023-03-06,2023-08-11
20146,11521,2023-09-09,2023-12-25
20146,11521,2024-01-13,2024-05-10
20087,11521,2024-05-24,2024-07-13
20169,11521,2024-08-12,2024-12-21
20140,11521,2024-12-29,2025-04-04
20014,11521,2025-04-10,2025-07-19
20006,11521,2025-08-27,2025-12-06
20097,11521,2025-12-21,2026-01-16
20101,11522,2025-06-07,2026-05-25
20139,11523,2023-10-26,2024-01-15
20104,11523,2024-02-09,2024-03-29
20010,11523,2024-04-19,2025-06-26
20070,11523,2025-08-02,2026-02-03
20177,11523,2026-03-07,2026-07-01
20004,11524,2017-01-18,2017-08-19
20008,11524,2017-09-24,2018-02-26
20108,11524,2018-04-04,2018-07-21
20180,11524,2018-08-18,2019-03-06
20180,11524,2019-03-26,2019-06-24
20129,11524,2019-07-09,2019-12-17
20179,11524,2020-01-07,2020-09-30
20148,11525,2025-05-21,2025-08-29
20081,11525,2025-10-05,2025-10-18
20103,11525,2025-11-13,2026-02-02
20098,11526,2017-07-03,2017-08-16
20128,11527,2016-01-19,2016-11-21
20113,11527,2016-12-04,2017-02-21
20043,11527,2017-03-27,2017-12-10
20108,11527,2017-12-19,2018-07-21
20083,11528,2016-08-08,2017-03-07
20075,11528,2017-04-01,2017-09-03
20022,11529,2016-01-23,2016-06-06
20121,11529,2016-07-07,2016-09-03
20078,11530,2017-05-27,2017-07-10
20128,11530,2017-08-03,2017-11-01
20179,11530,2017-12-09,2018-09-14
20109,11531,2023-11-21,2023-11-24
20146,11531,2023-12-16,2024-04-28
20014,11531,2024-06-02,2024-06-07
20014,11532,2024-05-09,2024-10-03
20018,11532,2024-10-26,2025-05-27
20006,11532,2025-06-01,2025-12-06
20103,11532,2026-01-02,2026-05-16
20073,11532,2026-06-09,2026-07-01
20057,11533,2015-05-08,2016-04-06
20042,11533,2016-04-30,2016-08-06
20004,11534,2017-07-10,2018-04-25
20156,11534,2018-05-21,2019-03-18
20045,11534,2019-04-04,2019-12-09
20149,11534,2020-01-18,2020-06-16
20085,11534,2020-07-03,2020-08-20
20023,11534,2020-09-27,2021-01-31
20122,11534,2021-03-06,2021-03-07
20018,11535,2025-04-21,2025-10-20
20112,11535,2025-10-31,2026-06-11
20149,11536,2020-05-07,2020-06-19
20085,11536,2020-07-31,2020-08-20
20114,11536,2020-09-09,2020-12-15
20138,11536,2021-01-04,2021-04-14
20173,11536,2021-04-23,2021-06-04
20077,11536,2021-06-25,2021-07-09
20160,11536,2021-07-21,2021-09-18
20173,11537,2021-05-24,2021-06-04
20060,11537,2021-06-09,2021-12-18
20074,11537,2021-12-27,2022-08-25
20115,11537,2022-09-12,2023-04-03
20139,11537,2023-05-04,2023-10-24
20087,11537,2023-11-22,2024-04-14
20100,11537,2024-04-24,2025-03-17
20129,11538,2018-10-29,2019-06-09
20011,11538,2019-06-22,2019-08-12
20118,11539,2023-05-16,2023-06-03
20123,11539,2023-06-21,2024-04-27
20100,11539,2024-05-15,2024-10-18
20151,11539,2024-10-24,2025-04-10
20100,11539,2025-05-04,2025-07-08
20101,11539,2025-07-31,2026-03-24
20117,11539,2026-05-01,2026-07-01
20128,11540,2016-08-24,2017-08-06
20176,11540,2017-09-04,2018-12-13
20156,11540,2019-01-13,2019-04-14
20083,11541,2015-06-09,2015-11-16
20092,11541,2015-11-29,2016-03-01
20047,11541,2016-03-16,2016-07-07
20121,11541,2016-07-19,2016-11-01
20066,11541,2016-12-04,2017-05-01
20098,11541,2017-05-23,2017-09-02
20004,11541,2017-09-24,2018-04-25
20072,11541,2018-05-12,2019-01-28
20011,11541,2019-03-12,2019-05-31
20179,11541,2019-06-23,2019-12-17
20093,11541,2020-01-28,2020-12-25
20011,11541,2021-02-05,2021-03-27
20077,11541,2021-04-08,2021-07-09
20074,11541,2021-08-14,2022-06-29
20051,11541,2022-07-13,2023-03-20
20146,11541,2023-04-25,2024-11-02
20146,11541,2024-12-06,2025-01-21
20088,11541,2025-02-21,2025-08-24
20120,11541,2025-09-17,2026-02-07
20046,11541,2026-03-06,2026-03-26
20056,11541,2026-04-14,2026-07-01
20098,11542,2017-07-08,2017-09-02
20156,11542,2017-09-09,2017-11-05
20025,11543,2019-04-16,2019-10-28
20086,11543,2019-11-27,2020-03-23
20178,11543,2020-04-07,2020-08-19
20160,11543,2020-08-31,2021-07-12
20122,11544,2021-05-02,2021-11-15
20131,11544,2021-12-01,2022-04-17
20053,11544,2022-04-24,2022-07-30
20115,11544,2022-08-19,2023-05-27
20031,11544,2023-06-04,2023-08-13
20006,11545,2023-05-24,2023-12-13
20006,11545,2023-12-19,2024-02-13
20014,11546,2025-01-01,2025-01-18
20108,11547,2018-06-06,2018-07-21
20035,11547,2018-08-28,2019-04-29
20025,11547,2019-05-28,2019-08-31
20129,11547,2019-10-08,2019-12-17
20149,11547,2019-12-28,2020-06-19
20142,11547,2020-06-28,2020-10-28
20160,11547,2020-11-08,2021-11-04
20003,11547,2021-11-17,2022-02-14
20130,11547,2022-03-04,2022-05-28
20170,11547,2022-07-04,2023-02-25
20115,11547,2023-04-01,2023-07-25
20031,11547,2023-08-26,2024-01-13
20105,11547,2024-02-02,2024-12-11
20161,11547,2025-01-15,2025-04-18
20006,11547,2025-04-29,2025-09-22
20067,11547,2025-10-27,2026-02-05
20019,11547,2026-02-25,2026-03-08
20097,11547,2026-04-18,2026-07-01
20176,11548,2017-07-03,2018-01-21
20004,11548,2018-02-13,2018-04-25
20180,11548,2018-05-27,2018-09-23
20160,11548,2018-10-24,2019-03-03
20013,11548,2019-03-18,2020-03-30
20077,11548,2020-05-06,2021-01-30
20079,11549,2018-06-19,2019-01-10
20129,11549,2019-02-17,2019-04-14
20065,11550,2024-08-22,2024-10-02
20151,11550,2024-10-20,2025-02-07
20088,11550,2025-03-05,2025-08-24
20168,11550,2025-09-01,2025-10-14
20067,11550,2025-10-29,2026-07-01
20068,11551,2021-06-29,2022-05-02
20131,11551,2022-06-09,2022-06-16
20132,11551,2022-07-04,2023-07-18
20010,11551,2023-08-23,2024-04-11
20151,11551,2024-05-06,2025-04-10
20010,11551,2025-05-05,2025-08-13
20006,11551,2025-09-12,2025-12-06
20147,11551,2025-12-29,2026-01-22
20008,11552,2018-08-10,2018-10-02
20079,11552,2018-10-31,2018-11-06
20010,11553,2022-08-14,2023-04-12
20063,11553,2023-05-26,2023-12-03
20010,11553,2023-12-27,2024-03-30
20105,11553,2024-05-07,2024-09-11
20097,11554,2026-02-20,2026-07-01
20069,11555,2015-03-15,2015-09-13
20057,11555,2015-10-01,2016-06-10
20078,11555,2016-06-21,2017-04-06
20113,11555,2017-05-02,2017-05-09
20078,11555,2017-06-15,2017-07-10
20096,11555,2017-07-15,2017-07-17
20156,11555,2017-08-07,2018-04-15
20108,11555,2018-05-20,2018-07-21
20079,11555,2018-08-27,2019-01-10
20156,11555,2019-02-16,2019-04-14
20041,11555,2019-05-20,2019-09-08
20045,11555,2019-10-05,2019-12-09
20152,11555,2020-01-05,2020-02-03
20013,11555,2020-03-06,2020-07-14
20040,11555,2020-08-20,2020-11-20
20160,11555,2020-12-07,2021-02-09
20124,11556,2022-10-15,2023-02-09
20018,11556,2023-03-02,2023-08-14
20123,11556,2023-09-15,2024-04-24
20006,11556,2024-05-26,2024-10-30
20165,11556,2024-11-09,2025-04-28
20103,11556,2025-05-19,2025-10-05
20120,11556,2025-11-04,2026-02-07
20158,11556,2026-03-23,2026-06-30
20113,11557,2017-01-29,2017-05-09
20041,11558,2019-03-20,2019-09-08
20179,11558,2019-10-02,2020-05-26
20174,11558,2020-07-04,2020-08-04
20134,11558,2020-09-17,2021-03-21
20122,11558,2021-04-30,2021-11-15
20094,11558,2021-12-28,2022-08-10
20053,11558,2022-08-31,2022-11-30
20118,11558,2023-01-12,2023-06-03
20162,11558,2023-06-17,2023-08-22
20031,11558,2023-09-17,2024-01-13
20006,11558,2024-02-14,2024-10-11
20146,11558,2024-11-23,2025-01-21
20116,11558,2025-02-15,2025-04-22
20175,11558,2025-05-08,2025-11-06
20103,11558,2025-12-01,2026-01-18
20124,11559,2023-02-11,2023-03-19
20063,11559,2023-04-02,2023-12-17
20146,11559,2023-12-24,2024-10-12
20088,11559,2024-10-28,2025-07-03
20180,11560,2018-02-16,2018-04-17
20064,11560,2018-05-23,2018-06-07
20072,11560,2018-07-14,2018-11-17
20107,11560,2018-12-13,2019-04-01
20011,11561,2019-05-01,2020-03-04
20163,11561,2020-03-21,2020-06-29
20005,11561,2020-07-08,2020-09-17
20119,11561,2020-10-04,2021-01-29
20154,11561,2021-02-08,2021-07-09
20172,11562,2017-06-23,2017-11-01
20179,11562,2017-11-18,2018-03-31
20136,11562,2018-04-16,2018-05-04
20176,11562,2018-05-16,2018-12-13
20156,11562,2018-12-27,2019-04-14
20145,11562,2019-05-19,2019-06-12
20106,11563,2015-09-28,2016-01-02
20022,11563,2016-02-01,2016-05-23
20160,11564,2019-04-15,2020-01-01
20051,11565,2023-01-07,2023-04-19
20130,11565,2023-05-11,2023-09-06
20031,11565,2023-10-04,2024-01-13
20065,11565,2024-02-24,2024-10-02
20175,11565,2024-11-06,2024-12-04
20139,11566,2023-10-31,2024-01-15
20063,11566,2024-02-07,2024-04-14
20146,11566,2024-05-19,2024-08-23
20063,11567,2024-01-23,2024-04-14
20010,11567,2024-05-01,2024-11-08
20166,11567,2024-12-09,2025-04-10
20101,11567,2025-05-10,2026-04-22
20024,11567,2026-05-18,2026-07-01
20067,11568,2025-09-13,2025-11-29
20053,11569,2022-10-22,2022-11-30
20019,11570,2025-10-14,2026-03-08
20038,11570,2026-03-13,2026-07-01
20057,11571,2015-06-25,2016-02-19
20092,11571,2016-02-27,2016-03-01
20084,11571,2016-04-06,2016-10-31
20026,11571,2016-12-10,2017-05-23
20098,11571,2017-06-25,2017-09-02
20156,11571,2017-09-30,2018-10-13
20180,11571,2018-10-24,2019-05-16
20041,11571,2019-06-16,2019-09-08
20179,11571,2019-09-29,2020-03-13
20163,11571,2020-04-21,2020-06-18
20133,11572,2017-01-06,2018-03-03
20075,11572,2018-03-15,2018-09-21
20079,11572,2018-10-10,2019-01-10
20156,11572,2019-02-11,2019-04-14
20180,11572,2019-05-21,2019-05-28
20148,11573,2025-06-08,2025-07-20
20171,11574,2016-12-08,2016-12-21
20143,11574,2017-02-02,2017-02-19
20066,11574,2017-03-28,2017-05-01
20008,11574,2017-05-15,2018-03-02
20050,11574,2018-04-02,2018-10-30
20145,11574,2018-11-21,2019-03-06
20179,11574,2019-03-30,2019-12-18
20178,11574,2020-01-01,2020-08-19
20040,11574,2020-08-26,2020-11-20
20138,11574,2020-12-22,2021-07-01
20027,11574,2021-07-24,2021-08-28
20094,11575,2021-12-04,2022-04-01
20051,11575,2022-05-14,2023-01-22
20118,11575,2023-02-24,2023-06-03
20146,11575,2023-06-22,2023-07-27
20145,11576,2019-04-12,2019-07-08
20013,11576,2019-08-18,2020-07-14
20011,11576,2020-08-26,2021-03-27
20003,11576,2021-05-03,2021-09-07
20051,11577,2022-07-02,2023-02-20
20044,11577,2023-03-27,2023-05-03
20118,11577,2023-05-30,2023-06-03
20123,11577,2023-06-30,2024-04-27
20010,11577,2024-05-25,2025-03-01
20165,11577,2025-04-12,2025-12-11
20112,11577,2026-01-01,2026-07-01
20096,11578,2017-02-03,2017-07-17
20133,11578,2017-08-15,2018-03-03
20050,11578,2018-03-23,2018-11-16
20129,11578,2018-12-03,2019-10-19
20040,11578,2019-12-01,2020-10-11
20164,11578,2020-11-20,2021-08-28
20003,11578,2021-09-09,2022-02-14
20126,11578,2022-03-13,2022-09-21
20010,11578,2022-10-06,2023-12-25
20065,11578,2024-02-06,2024-08-20
20014,11578,2024-09-01,2024-09-03
20063,11579,2023-05-15,2023-11-26
20006,11579,2023-12-13,2024-04-28
20151,11579,2024-05-06,2024-06-02
20079,11580,2018-08-08,2019-01-10
20180,11580,2019-02-04,2019-02-24
20062,11581,2026-06-16,2026-06-30
20014,11582,2024-02-18,2024-06-29
20146,11582,2024-07-27,2025-01-21
20151,11582,2025-02-23,2025-04-10
20081,11582,2025-05-18,2025-10-18
20161,11583,2024-11-10,2025-04-18
20108,11584,2018-07-16,2018-07-21
20180,11584,2018-08-03,2019-01-03
20156,11584,2019-02-13,2019-03-16
20124,11585,2022-08-24,2022-09-16
20041,11586,2019-05-26,2019-09-08
20107,11587,2017-11-18,2018-05-25
20021,11587,2018-07-01,2018-07-12
20156,11587,2018-08-21,2019-04-14
20160,11587,2019-04-23,2019-12-23
20142,11587,2020-01-04,2020-07-17
20054,11587,2020-08-09,2021-02-07
20174,11588,2019-12-28,2020-08-04
20077,11588,2020-08-09,2021-05-06
20131,11588,2021-06-05,2022-03-13
20018,11588,2022-04-13,2022-12-12
20010,11588,2023-01-20,2023-10-03
20146,11588,2023-10-26,2024-05-27
20087,11588,2024-07-03,2024-07-13
20033,11588,2024-08-11,2024-08-28
20149,11589,2019-11-14,2020-06-19
20178,11589,2020-07-21,2020-08-19
20089,11589,2020-09-01,2021-03-07
20131,11589,2021-03-28,2022-01-22
20018,11589,2022-03-01,2022-10-11
20118,11589,2022-11-22,2023-06-03
20139,11589,2023-06-24,2023-11-09
20105,11589,2023-12-06,2024-04-10
20017,11590,2016-08-02,2017-05-03
20083,11590,2017-06-04,2018-04-12
20021,11590,2018-05-11,2018-07-12
20072,11590,2018-08-05,2018-11-24
20156,11590,2018-12-18,2019-04-14
20179,11590,2019-05-16,2020-03-18
20093,11590,2020-03-31,2021-01-29
20164,11590,2021-03-05,2021-08-28
20003,11590,2021-09-12,2022-02-14
20130,11590,2022-03-04,2022-09-15
20044,11590,2022-10-26,2023-05-03
20105,11590,2023-05-18,2023-10-26
20105,11590,2023-11-09,2024-08-06
20161,11590,2024-09-16,2025-02-04
20033,11590,2025-02-11,2025-07-09
20006,11590,2025-07-22,2025-12-06
20165,11590,2026-01-12,2026-02-09
20101,11590,2026-03-11,2026-07-01
20166,11591,2024-12-18,2025-04-10
20036,11591,2025-05-10,2026-03-09
20153,11591,2026-03-28,2026-04-21
20103,11591,2026-05-06,2026-07-01
20160,11592,2019-11-19,2020-04-12
20068,11593,2021-06-11,2022-01-24
20074,11593,2022-03-09,2022-06-15
20124,11593,2022-07-18,2023-03-19
20118,11593,2023-04-04,2023-06-03
20123,11593,2023-06-15,2024-03-05
20014,11593,2024-04-06,2024-06-03
20018,11593,2024-07-03,2024-11-21
20014,11593,2024-12-04,2025-08-06
20009,11593,2025-08-19,2025-10-28
20065,11594,2024-04-26,2024-10-02
20165,11594,2024-10-12,2025-06-10
20130,11595,2023-05-28,2023-07-27
20047,11596,2016-03-19,2016-07-07
20083,11596,2016-08-05,2016-12-15
20066,11596,2016-12-30,2017-05-01
20075,11596,2017-06-05,2018-01-22
20108,11596,2018-02-09,2018-07-21
20180,11596,2018-07-30,2019-02-19
20160,11596,2019-03-03,2019-08-31
20152,11596,2019-09-08,2020-02-03
20178,11596,2020-02-24,2020-08-09
20068,11596,2020-09-21,2021-01-23
20011,11596,2021-02-26,2021-03-27
20003,11596,2021-04-04,2021-08-15
20012,11596,2021-08-31,2021-12-21
20126,11596,2022-01-28,2022-05-01
20143,11597,2016-09-15,2016-11-03
20179,11598,2020-07-26,2020-12-13
20012,11598,2021-01-02,2021-06-16
20121,11599,2016-03-18,2016-11-01
20017,11599,2016-12-01,2017-05-03
20003,11600,2021-06-06,2022-01-05
20170,11600,2022-01-10,2022-06-22
20162,11601,2023-03-20,2023-07-18
20172,11602,2017-12-19,2018-03-12
20072,11602,2018-04-09,2018-05-01
20089,11603,2021-02-25,2021-03-07
20159,11603,2021-04-10,2021-09-15
20160,11603,2021-10-09,2021-11-04
20102,11603,2021-11-23,2022-01-31
20058,11603,2022-03-04,2022-12-02
20124,11603,2022-12-25,2023-03-19
20130,11603,2023-03-27,2023-09-06
20010,11603,2023-10-13,2024-03-31
20103,11603,2024-05-09,2024-09-10
20006,11603,2024-09-24,2024-12-18
20018,11603,2025-01-24,2025-06-05
20168,11603,2025-07-15,2025-10-14
20097,11603,2025-11-03,2026-07-01
20179,11604,2017-03-26,2018-09-06
20079,11604,2018-10-03,2018-12-13
20041,11604,2018-12-22,2019-08-06
20013,11604,2019-08-22,2020-04-27
20040,11604,2020-05-17,2020-11-20
20134,11604,2020-12-15,2021-03-21
20049,11604,2021-05-04,2021-12-27
20132,11604,2022-02-05,2022-11-21
20115,11604,2022-12-25,2023-05-08
20139,11604,2023-06-15,2024-01-15
20123,11604,2024-02-11,2024-04-27
20103,11604,2024-06-02,2025-05-11
20014,11604,2025-05-18,2025-08-06
20018,11604,2025-08-20,2025-10-20
20046,11604,2025-11-30,2026-03-26
20028,11604,2026-04-18,2026-07-01
20025,11605,2019-08-06,2019-10-03
20129,11606,2019-05-21,2019-12-17
20160,11606,2020-01-20,2020-09-10
20011,11606,2020-09-27,2021-03-07
20047,11607,2016-04-04,2016-07-07
20083,11607,2016-08-01,2017-02-11
20071,11607,2017-03-07,2017-07-17
20098,11607,2017-08-17,2017-09-02
20008,11607,2017-09-18,2018-05-28
20079,11607,2018-06-11,2018-12-25
20079,11607,2019-01-06,2019-01-10
20041,11607,2019-02-10,2019-08-28
20163,11607,2019-09-06,2020-06-24
20085,11607,2020-07-13,2020-08-20
20093,11607,2020-09-19,2021-02-15
20049,11607,2021-03-29,2021-09-27
20102,11607,2021-11-04,2022-01-31
20020,11607,2022-02-25,2022-06-18
20094,11607,2022-07-10,2022-08-10
20170,11607,2022-08-31,2023-01-22
20063,11607,2023-02-15,2023-08-18
20151,11608,2024-05-12,2024-11-08
20169,11608,2024-12-02,2024-12-21
20165,11608,2025-01-05,2025-11-01
20040,11609,2020-07-14,2020-08-10
20028,11610,2026-06-03,2026-07-01
20011,11611,2020-12-14,2021-03-27
20159,11611,2021-04-07,2021-12-28
20094,11611,2022-01-06,2022-04-29
20020,11611,2022-05-07,2022-06-18
20018,11611,2022-06-28,2022-12-01
20153,11612,2026-02-10,2026-04-21
20028,11612,2026-06-03,2026-07-01
20068,11613,2020-07-04,2020-12-13
20023,11613,2021-01-07,2021-01-31
20173,11613,2021-03-08,2021-04-18
20180,11614,2018-08-14,2019-01-07
20107,11614,2019-01-17,2019-04-01
20041,11614,2019-04-06,2019-08-23
20025,11614,2019-10-01,2019-10-28
20013,11614,2019-11-17,2020-03-24
20093,11614,2020-04-08,2020-07-17
20061,11614,2020-08-29,2021-02-23
20159,11614,2021-03-10,2021-07-10
20083,11615,2015-03-17,2016-03-10
20022,11615,2016-04-22,2016-08-25
20029,11615,2016-09-08,2017-04-11
20032,11615,2017-05-17,2017-07-13
20075,11615,2017-08-02,2018-03-11
20180,11615,2018-03-19,2018-11-01
20035,11615,2018-11-10,2019-04-29
20129,11615,2019-05-07,2019-08-06
20045,11616,2019-05-17,2019-12-09
20152,11616,2020-01-05,2020-02-03
20040,11616,2020-03-16,2020-11-20
20054,11616,2020-12-02,2021-06-18
20132,11616,2021-06-24,2022-03-07
20021,11617,2018-06-05,2018-07-12
20176,11617,2018-08-15,2018-12-13
20145,11617,2019-01-11,2019-07-08
20179,11617,2019-08-13,2020-03-04
20005,11617,2020-04-05,2020-09-17
20068,11617,2020-10-31,2021-10-14
20102,11617,2021-10-26,2022-01-31
20051,11617,2022-02-15,2023-03-26
20063,11617,2023-04-04,2024-04-14
20100,11617,2024-05-15,2024-11-04
20103,11618,2025-11-12,2026-07-01
20027,11619,2021-10-14,2021-12-13
20068,11619,2021-12-30,2022-05-24
20132,11619,2022-06-02,2023-03-03
20063,11619,2023-03-10,2023-09-21
20105,11619,2023-10-13,2024-05-12
20105,11619,2024-05-25,2024-12-12
20165,11619,2025-01-25,2026-02-09
20101,11619,2026-03-07,2026-07-01
20179,11620,2017-06-19,2017-12-12
20004,11620,2018-01-06,2018-04-25
20021,11620,2018-05-23,2018-07-12
20045,11620,2018-08-05,2019-03-12
20180,11620,2019-04-16,2019-06-24
20179,11620,2019-08-03,2020-10-13
20173,11620,2020-11-05,2021-05-08
20138,11620,2021-05-29,2021-10-20
20055,11620,2021-11-27,2022-09-21
20115,11620,2022-10-23,2023-06-15
20139,11620,2023-07-19,2024-01-15
20065,11620,2024-01-24,2024-10-02
20146,11620,2024-10-30,2025-01-21
20140,11620,2025-02-10,2025-04-04
20006,11620,2025-04-24,2025-09-16
20168,11620,2025-10-02,2025-10-14
20067,11620,2025-10-26,2026-05-31
20163,11621,2020-02-12,2020-06-29
20005,11621,2020-07-27,2020-08-11
20128,11622,2017-11-01,2018-02-19
20008,11622,2018-04-01,2018-08-26
20138,11623,2021-04-21,2021-12-03
20131,11623,2022-01-06,2022-06-16
20170,11623,2022-07-08,2022-12-10
20006,11624,2024-07-21,2025-05-28
20081,11624,2025-06-27,2025-10-18
20080,11624,2025-11-30,2026-07-01
20076,11625,2026-01-01,2026-07-01
20020,11626,2021-09-16,2022-06-18
20124,11626,2022-06-25,2022-09-29
20124,11626,2022-10-22,2023-02-03
20051,11626,2023-02-17,2023-04-19
20118,11626,2023-05-29,2023-06-03
20063,11626,2023-07-08,2024-04-14
20018,11626,2024-05-04,2024-09-05
20151,11627,2024-09-23,2025-04-10
20168,11627,2025-05-08,2025-09-22
20151,11628,2025-03-13,2025-04-10
20101,11628,2025-05-20,2026-07-01
20031,11629,2023-12-04,2024-01-13
20123,11629,2024-01-18,2024-04-27
20010,11629,2024-05-28,2024-08-31
20014,11629,2024-09-15,2025-03-23
20103,11629,2025-04-10,2025-10-31
20097,11629,2025-11-20,2026-04-30
20103,11629,2026-05-15,2026-05-28
20022,11630,2016-02-03,2016-10-14
20172,11630,2016-10-27,2017-04-14
20098,11630,2017-04-22,2017-09-02
20133,11630,2017-09-12,2018-03-03
20008,11630,2018-03-09,2018-08-14
20075,11630,2018-09-16,2018-09-21
20050,11630,2018-10-06,2018-11-16
20045,11630,2018-12-10,2019-12-09
20174,11630,2020-01-12,2020-08-04
20114,11630,2020-09-14,2021-05-11
20012,11630,2021-05-20,2021-12-21
20003,11630,2022-01-30,2022-02-14
20074,11630,2022-02-24,2022-08-25
20130,11630,2022-09-16,2023-01-26
20096,11631,2017-05-16,2017-07-17
20075,11631,2017-08-02,2018-09-21
20160,11631,2018-09-30,2019-10-07
20152,11631,2019-11-04,2020-01-16
20178,11631,2020-01-31,2020-08-19
20114,11631,2020-10-01,2021-05-14
20164,11631,2021-06-06,2021-08-28
20027,11631,2021-09-09,2021-12-14
20131,11631,2021-12-19,2022-06-16
20058,11631,2022-07-20,2022-12-02
20018,11631,2022-12-16,2023-11-02
20014,11631,2023-12-07,2024-04-21
20014,11631,2024-05-20,2025-08-06
20006,11631,2025-08-30,2025-11-26
20128,11632,2017-12-31,2018-02-19
20050,11632,2018-03-19,2018-11-16
20176,11632,2018-12-08,2018-12-13
20121,11633,2016-09-03,2016-11-01
20128,11633,2016-12-12,2017-08-19
20108,11633,2017-09-27,2018-03-28
20176,11633,2018-04-23,2018-11-08
20107,11633,2018-12-21,2019-04-01
20179,11633,2019-04-12,2019-11-06
20040,11633,2019-11-28,2020-02-03
20004,11634,2017-04-23,2017-08-14
20004,11634,2017-09-07,2017-09-17
20086,11635,2019-12-05,2020-03-23
20150,11635,2020-04-07,2020-08-07
20011,11635,2020-08-17,2021-03-27
20068,11635,2021-04-26,2021-11-15
20068,11635,2021-12-14,2022-05-24
20018,11635,2022-05-29,2023-12-23
20103,11635,2024-01-26,2025-01-07
20116,11635,2025-02-07,2025-04-24
20180,11636,2018-12-28,2019-04-24
20180,11636,2019-06-05,2019-06-24
20129,11636,2019-07-26,2019-08-25
20125,11637,2025-09-13,2026-01-22
20111,11637,2026-02-12,2026-07-01
20165,11638,2025-04-13,2025-08-09
20067,11638,2025-09-12,2026-03-03
20157,11638,2026-03-22,2026-07-01
20173,11639,2021-05-01,2021-06-04
20170,11639,2021-07-08,2022-01-26
20055,11639,2022-02-09,2022-08-08
20018,11639,2022-09-16,2023-01-17
20115,11639,2023-02-16,2023-07-12
20109,11639,2023-07-19,2023-11-24
20014,11639,2024-01-01,2024-08-05
20018,11639,2024-08-10,2024-11-27
20010,11639,2025-01-10,2025-05-19
20081,11639,2025-06-01,2025-10-18
20120,11639,2025-12-01,2026-02-07
20103,11639,2026-03-14,2026-07-01
20175,11640,2025-06-20,2025-11-06
20112,11640,2025-11-19,2026-03-28
20059,11640,2026-04-26,2026-07-01
20030,11641,2015-08-26,2015-10-25
20167,11641,2015-11-28,2016-06-22
20022,11641,2016-07-29,2016-08-23
20156,11642,2019-03-27,2019-04-14
20160,11642,2019-05-23,2019-07-20
20179,11642,2019-08-20,2019-09-18
20035,11643,2019-03-08,2019-04-29
20086,11643,2019-05-25,2019-08-24
20129,11643,2019-09-10,2019-12-17
20174,11643,2020-01-24,2020-08-04
20061,11643,2020-08-24,2021-01-20
20012,11643,2021-01-31,2021-06-13
20154,11643,2021-07-13,2021-08-31
20163,11644,2020-05-29,2020-06-29
20119,11644,2020-07-26,2021-01-29
20060,11644,2021-03-11,2021-07-16
20138,11644,2021-08-10,2022-01-04
20126,11644,2022-01-10,2022-08-10
20115,11644,2022-09-17,2023-02-14
20176,11645,2017-11-10,2018-07-11
20035,11645,2018-08-22,2019-04-29
20129,11645,2019-05-26,2019-10-03
20004,11646,2016-07-02,2017-10-04
20004,11646,2017-11-11,2018-01-01
20013,11647,2020-03-05,2020-07-14
20134,11647,2020-08-02,2020-12-22
20164,11648,2021-04-07,2021-08-28
20054,11648,2021-09-21,2021-10-18
20068,11648,2021-11-16,2022-05-24
20132,11648,2022-06-08,2022-10-07
20058,11648,2022-11-01,2022-12-02
20044,11648,2022-12-10,2023-05-03
20146,11648,2023-05-17,2023-10-16
20031,11648,2023-11-13,2024-01-13
20063,11648,2024-02-10,2024-04-14
20065,11648,2024-05-04,2024-10-02
20161,11648,2024-10-29,2025-04-18
20168,11648,2025-05-11,2025-10-14
20177,11648,2025-11-17,2026-07-01
20125,11649,2025-10-21,2026-01-18
20177,11649,2026-01-28,2026-07-01
20037,11650,2026-03-29,2026-07-01
20068,11651,2020-10-06,2021-05-31
20049,11651,2021-07-03,2021-08-28
20078,11652,2017-04-14,2017-07-10
20176,11652,2017-08-01,2017-08-13
20033,11653,2025-01-26,2025-03-18
20109,11654,2023-09-09,2023-11-24
20031,11654,2023-12-19,2024-01-13
20065,11654,2024-02-14,2024-10-02
20169,11654,2024-10-09,2024-12-21
20161,11654,2025-01-15,2025-04-18
20014,11654,2025-05-18,2025-08-06
20081,11654,2025-08-12,2025-10-18
20070,11654,2025-11-02,2026-01-01
20172,11655,2017-10-05,2018-02-25
20021,11655,2018-04-02,2018-07-12
20035,11655,2018-07-28,2019-04-29
20160,11655,2019-05-15,2020-03-04
20149,11655,2020-04-13,2020-06-19
20160,11655,2020-07-21,2021-03-20
20060,11655,2021-04-19,2021-07-05
20068,11655,2021-08-06,2022-04-07
20055,11655,2022-05-17,2022-09-21
20018,11655,2022-10-10,2023-02-18
20051,11655,2023-03-15,2023-04-19
20006,11655,2023-05-27,2024-02-14
20001,11656,2015-07-26,2015-11-24
20143,11656,2016-01-02,2016-01-07
20006,11657,2025-08-31,2025-12-06
20148,11657,2025-12-24,2026-01-21
20147,11657,2026-01-29,2026-03-27
20024,11657,2026-04-14,2026-06-23
20004,11658,2016-08-22,2016-09-13
20105,11659,2024-08-27,2024-12-12
20151,11659,2024-12-18,2025-04-10
20088,11659,2025-05-02,2025-08-24
20010,11659,2025-09-14,2025-12-11
20103,11659,2026-01-06,2026-04-10
20002,11660,2015-09-22,2015-11-06
20036,11661,2025-10-11,2026-03-09
20037,11661,2026-03-24,2026-07-01
20114,11662,2020-09-28,2021-01-26
20159,11662,2021-02-02,2021-11-13
20120,11663,2025-10-20,2026-02-07
20024,11663,2026-03-02,2026-07-01
20022,11664,2016-04-29,2016-10-14
20082,11664,2016-11-06,2017-04-07
20032,11664,2017-05-05,2017-07-13
20008,11664,2017-07-29,2017-10-24
20069,11665,2015-02-27,2015-07-23
20030,11665,2015-08-15,2015-08-21
20170,11666,2021-09-10,2023-01-04
20010,11666,2023-01-25,2023-12-10
20031,11666,2023-12-27,2024-01-13
20146,11666,2024-01-30,2024-07-08
20103,11666,2024-07-26,2026-06-19
20072,11667,2018-03-12,2018-06-10
20079,11668,2018-07-20,2019-01-10
20145,11668,2019-02-19,2019-07-08
20040,11668,2019-08-14,2020-03-18
20174,11668,2020-04-29,2020-08-04
20134,11668,2020-09-17,2021-03-16
20159,11668,2021-04-11,2021-10-24
20003,11668,2021-11-23,2022-02-14
20132,11668,2022-03-10,2023-01-02
20146,11668,2023-01-28,2023-04-30
20105,11668,2023-06-05,2024-01-08
20138,11669,2021-05-14,2022-01-04
20068,11669,2022-01-16,2022-05-24
20015,11669,2022-06-14,2023-01-03
20109,11669,2023-01-16,2023-11-04
20050,11670,2018-04-13,2018-09-12
20045,11670,2018-10-06,2019-07-26
20011,11670,2019-08-01,2020-02-29
20013,11670,2020-03-17,2020-07-14
20093,11670,2020-07-19,2021-03-21
20093,11670,2021-04-05,2021-04-07
20126,11670,2021-04-30,2022-09-21
20130,11670,2022-10-28,2023-05-29
20115,11670,2023-06-20,2023-07-25
20105,11670,2023-08-23,2024-04-06
20146,11670,2024-05-01,2024-10-07
20100,11670,2024-10-21,2025-07-08
20177,11670,2025-07-20,2025-12-03
20125,11670,2025-12-21,2026-01-22
20036,11670,2026-02-18,2026-03-09
20095,11670,2026-04-04,2026-05-25
20110,11670,2026-06-13,2026-07-01
20164,11671,2020-10-12,2021-06-02
20131,11671,2021-07-13,2022-06-16
20094,11671,2022-06-21,2022-08-10
20132,11672,2022-11-04,2023-09-23
20063,11672,2023-10-28,2024-01-03
20040,11673,2020-06-24,2020-11-20
20138,11673,2020-12-14,2021-04-15
20014,11674,2024-11-15,2025-02-27
20109,11675,2023-06-14,2023-11-24
20087,11675,2023-12-03,2024-02-05
20031,11676,2023-04-20,2023-06-14
20014,11677,2023-12-10,2024-09-16
20100,11677,2024-10-11,2025-07-08
20101,11677,2025-08-15,2026-04-15
20177,11677,2026-05-27,2026-07-01
20083,11678,2017-03-03,2017-12-31
20136,11678,2018-02-13,2018-05-04
20050,11678,2018-06-14,2018-11-16
20079,11678,2018-12-18,2019-01-10
20107,11678,2019-01-18,2019-04-01
20045,11678,2019-04-26,2019-12-09
20179,11678,2020-01-15,2020-04-14
20119,11678,2020-05-21,2021-01-29
20154,11678,2021-02-22,2021-09-21
20084,11679,2016-02-09,2016-04-05
20033,11680,2025-04-26,2025-07-09
20168,11680,2025-07-17,2025-10-14
20097,11680,2025-11-20,2026-04-18
20075,11681,2017-01-12,2017-09-13
20107,11681,2017-09-27,2018-09-10
20050,11681,2018-09-30,2018-11-16
20160,11681,2018-12-08,2019-07-14
20086,11681,2019-07-20,2019-12-25
20093,11681,2020-01-02,2020-03-27
20149,11681,2020-04-02,2020-06-19
20011,11681,2020-07-29,2020-12-01
20014,11682,2024-11-26,2025-02-17
20006,11682,2025-03-03,2025-11-13
20148,11682,2025-11-24,2025-12-21
20164,11683,2021-06-06,2021-08-28
20122,11683,2021-09-26,2021-11-15
20094,11683,2021-12-04,2022-08-10
20124,11683,2022-08-18,2023-01-14
20124,11683,2023-02-11,2023-03-19
20044,11683,2023-04-21,2023-05-03
20130,11683,2023-06-15,2023-09-06
20139,11683,2023-09-15,2024-01-15
20103,11683,2024-02-28,2024-04-01
20001,11684,2015-09-25,2015-11-24
20128,11684,2015-12-08,2016-03-10
20126,11685,2022-01-13,2022-09-21
20010,11685,2022-10-20,2023-08-20
20104,11685,2023-09-21,2024-02-07
20179,11686,2017-09-10,2018-06-11
20179,11686,2018-06-19,2019-09-19
20040,11686,2019-10-21,2020-04-08
20180,11687,2018-03-22,2018-08-13
20008,11688,2017-09-13,2018-07-26
20075,11688,2018-08-18,2018-09-21
20079,11688,2018-10-10,2019-01-10
20160,11688,2019-02-05,2019-10-01
20152,11688,2019-11-01,2020-02-03
20044,11689,2022-10-05,2023-05-03
20006,11689,2023-05-12,2024-01-28
20100,11689,2024-02-23,2025-04-03
20036,11689,2025-04-27,2025-09-30
20050,11690,2018-06-08,2018-10-08
20079,11690,2018-10-29,2019-01-10
20145,11690,2019-01-26,2019-07-08
20005,11690,2019-08-04,2020-09-16
20077,11690,2020-10-05,2021-03-22
20054,11690,2021-04-03,2021-09-25
20122,11690,2021-10-04,2021-11-15
20131,11690,2021-12-18,2022-06-16
20010,11690,2022-06-24,2023-04-05
20130,11690,2023-04-22,2023-09-06
20104,11690,2023-09-17,2024-03-29
20105,11690,2024-05-10,2024-12-12
20100,11690,2025-01-15,2025-04-22
20102,11691,2021-11-18,2022-01-31
20090,11691,2022-03-08,2022-04-24
20170,11691,2022-05-29,2023-02-25
20141,11691,2023-03-05,2023-05-08
20118,11691,2023-05-24,2023-06-03
20006,11691,2023-06-20,2023-11-16
20139,11691,2023-11-26,2024-01-15
20123,11691,2024-02-02,2024-04-16
20169,11691,2024-05-18,2024-12-21
20103,11691,2025-02-03,2025-11-07
20080,11691,2025-11-25,2026-07-01
20160,11692,2018-12-01,2019-04-13
20180,11692,2019-05-12,2019-06-24
20040,11692,2019-08-05,2019-11-05
20152,11692,2019-11-30,2020-02-03
20149,11692,2020-03-10,2020-06-19
20160,11692,2020-07-31,2021-01-30
20068,11692,2021-02-05,2022-02-22
20170,11692,2022-03-06,2023-02-25
20018,11692,2023-03-24,2023-05-24
20091,11692,2023-05-30,2024-02-25
20100,11692,2024-03-03,2024-10-19
20103,11692,2024-11-09,2025-07-22
20177,11692,2025-08-22,2026-03-16
20076,11692,2026-04-02,2026-07-01
20010,11693,2023-04-19,2023-07-02
20065,11694,2024-08-22,2024-10-02
20010,11694,2024-10-08,2025-05-14
20100,11694,2025-06-05,2025-07-08
20101,11694,2025-07-28,2025-12-02
20146,11695,2023-09-06,2024-06-02
20100,11696,2024-09-01,2025-03-30
20108,11697,2018-05-03,2018-07-21
20045,11697,2018-08-28,2019-04-28
20145,11697,2019-05-15,2019-07-08
20011,11697,2019-07-23,2020-06-18
20013,11697,2020-07-04,2020-07-14
20054,11697,2020-08-08,2021-04-09
20012,11697,2021-04-21,2021-06-29
20165,11698,2025-04-22,2026-02-09
20097,11698,2026-03-19,2026-07-01
20140,11699,2025-01-21,2025-04-04
20033,11699,2025-05-16,2025-07-09
20175,11699,2025-08-11,2025-11-06
20095,11699,2025-12-20,2026-03-28
20153,11699,2026-04-20,2026-04-21
20059,11699,2026-05-04,2026-07-01
20010,11700,2024-05-28,2025-01-27
20161,11700,2025-03-01,2025-04-18
20175,11700,2025-05-15,2025-10-14
20101,11700,2025-11-09,2026-03-20
20095,11700,2026-04-22,2026-05-25
20103,11700,2026-06-07,2026-07-01
20069,11701,2015-04-05,2015-09-13
20030,11701,2015-09-26,2015-10-25
20017,11701,2015-11-21,2016-04-12
20137,11701,2016-05-08,2016-09-13
20004,11701,2016-09-28,2017-10-02
20156,11701,2017-10-23,2018-11-24
20035,11701,2018-11-30,2019-04-29
20145,11701,2019-05-09,2019-07-08
20155,11701,2019-07-23,2019-09-25
20104,11702,2024-03-01,2024-03-29
20151,11702,2024-04-17,2024-09-29
20103,11702,2024-10-25,2025-04-28
20168,11702,2025-05-21,2025-10-14
20067,11702,2025-10-21,2026-03-30
20080,11702,2026-04-13,2026-05-23
20077,11703,2020-04-16,2020-11-04
20134,11703,2020-11-15,2021-03-16
20006,11704,2024-08-30,2025-01-21
20100,11704,2025-02-20,2025-07-08
20070,11704,2025-08-02,2026-02-03
20147,11704,2026-03-15,2026-03-27
20037,11704,2026-04-25,2026-07-01
20017,11705,2015-12-31,2016-07-27
20007,11705,2016-08-17,2016-10-14
20137,11705,2016-11-03,2016-12-04
20083,11705,2016-12-21,2017-03-29
20004,11706,2016-03-12,2017-04-11
20008,11706,2017-05-17,2017-11-11
20133,11706,2017-12-04,2018-03-03
20176,11706,2018-04-10,2018-09-05
20126,11707,2021-05-11,2021-10-06
20049,11707,2021-11-05,2021-12-27
20090,11707,2022-01-13,2022-04-24
20020,11707,2022-05-15,2022-06-18
20124,11707,2022-08-01,2022-12-10
20124,11707,2023-01-05,2023-03-19
20063,11707,2023-04-04,2024-01-15
20063,11707,2024-02-24,2024-04-14
20103,11707,2024-05-04,2025-04-21
20010,11707,2025-06-04,2025-11-30
20056,11707,2025-12-09,2026-07-01
20011,11708,2019-04-23,2020-05-08
20179,11708,2020-05-27,2020-12-07
20011,11708,2020-12-19,2021-03-27
20159,11708,2021-04-13,2021-11-13
20112,11709,2025-12-29,2026-03-17
20172,11710,2017-10-31,2018-01-07
20133,11710,2018-01-23,2018-03-03
20075,11710,2018-03-17,2018-09-21
20129,11710,2018-10-24,2019-04-28
20145,11710,2019-05-15,2019-07-08
20086,11710,2019-08-18,2020-03-20
20174,11710,2020-03-28,2020-07-20
20160,11710,2020-08-12,2021-03-03
20126,11710,2021-03-15,2021-08-26
20049,11710,2021-09-20,2021-09-28
20086,11711,2019-10-07,2020-01-27
20013,11711,2020-02-04,2020-07-14
20017,11712,2017-03-14,2017-05-03
20096,11712,2017-06-10,2017-07-17
20111,11713,2026-05-08,2026-07-01
20145,11714,2019-06-08,2019-07-08
20041,11714,2019-08-21,2019-09-08
20013,11714,2019-10-07,2020-07-14
20023,11714,2020-08-04,2020-10-20
20143,11715,2015-10-27,2016-05-15
20133,11715,2016-06-16,2016-10-18
20068,11716,2021-09-04,2022-02-11
20130,11716,2022-03-16,2022-09-07
20146,11716,2022-09-26,2023-02-10
20063,11716,2023-03-09,2023-07-15
20109,11716,2023-07-30,2023-11-24
20063,11716,2023-11-29,2024-04-14
20014,11716,2024-05-14,2024-09-05
20161,11716,2024-10-11,2025-04-18
20081,11716,2025-06-01,2025-10-18
20019,11716,2025-11-28,2026-03-08
20076,11716,2026-04-02,2026-07-01
20173,11717,2021-02-01,2021-06-04
20003,11717,2021-06-12,2021-10-03
20178,11718,2020-02-15,2020-06-18
20160,11718,2020-07-05,2021-04-26
20020,11718,2021-06-01,2022-06-18
20058,11718,2022-06-23,2022-12-02
20132,11718,2022-12-11,2023-03-04
20115,11718,2023-03-15,2023-05-17
20118,11718,2023-05-24,2023-06-03
20010,11718,2023-07-06,2024-01-19
20006,11718,2024-02-26,2024-11-06
20014,11718,2024-11-29,2025-04-17
20014,11718,2025-04-25,2025-07-28
20036,11718,2025-08-04,2026-03-09
20177,11718,2026-03-25,2026-07-01
20064,11719,2018-02-10,2018-03-27
20026,11720,2016-10-04,2017-05-23
20128,11720,2017-06-11,2018-02-19
20156,11720,2018-03-20,2018-07-09
20180,11720,2018-07-29,2018-08-05
20005,11721,2020-06-10,2020-09-17
20114,11721,2020-09-30,2021-05-14
20159,11721,2021-05-26,2021-12-28
20003,11721,2022-01-31,2022-02-14
20051,11721,2022-03-30,2023-01-15
20051,11721,2023-02-25,2023-04-19
20109,11721,2023-05-01,2023-11-24
20104,11721,2024-01-06,2024-03-29
20151,11721,2024-04-27,2024-11-01
20006,11721,2024-12-15,2025-06-04
20101,11721,2025-07-05,2025-12-12
20039,11721,2026-01-12,2026-07-01
20130,11722,2022-02-06,2022-08-29
20135,11723,2015-05-06,2016-04-11
20167,11723,2016-05-04,2016-09-01
20029,11723,2016-09-10,2016-12-04
20174,11724,2019-10-16,2019-11-08
20075,11725,2018-07-22,2018-09-21
20035,11725,2018-10-12,2019-04-29
20086,11725,2019-05-04,2019-11-16
20160,11725,2019-12-07,2020-02-23
20149,11725,2020-03-29,2020-06-19
20040,11725,2020-07-26,2020-11-20
20159,11725,2020-12-24,2021-07-15
20160,11725,2021-08-14,2021-11-04
20068,11725,2021-11-24,2022-04-22
20135,11726,2015-06-10,2015-09-12
20057,11726,2015-09-30,2016-04-03
20121,11726,2016-05-10,2016-11-01
20083,11726,2016-11-06,2017-09-14
20108,11726,2017-10-05,2018-03-25
20072,11726,2018-04-02,2018-04-25
20084,11727,2016-02-27,2016-03-17
20173,11728,2021-03-06,2021-06-04
20003,11728,2021-06-23,2022-02-14
20126,11728,2022-03-24,2022-05-24
20124,11729,2022-10-27,2023-03-19
20180,11730,2018-02-14,2018-08-01
20035,11730,2018-08-26,2019-04-29
20129,11730,2019-06-02,2019-12-17
20142,11730,2020-01-09,2020-05-27
20174,11730,2020-06-02,2020-08-04
20077,11730,2020-09-14,2021-07-09
20074,11730,2021-08-01,2022-03-07
20068,11730,2022-03-21,2022-05-24
20170,11730,2022-06-01,2022-12-23
20115,11730,2023-01-17,2023-07-25
20014,11730,2023-08-12,2024-03-28
20018,11730,2024-04-12,2025-10-13
20175,11730,2025-10-28,2025-11-06
20177,11730,2025-11-30,2026-07-01
20180,11731,2019-01-29,2019-06-24
20041,11731,2019-08-03,2019-09-08
20174,11731,2019-09-13,2020-06-28
20160,11731,2020-07-24,2021-02-05
20114,11731,2021-03-08,2021-05-14
20132,11731,2021-05-20,2021-10-25
20094,11731,2021-12-07,2022-08-10
20010,11731,2022-09-16,2023-03-21
20006,11731,2023-05-01,2023-11-26
20131,11732,2022-05-29,2022-06-16
20074,11732,2022-07-03,2022-08-25
20010,11732,2022-09-29,2023-07-25
20162,11732,2023-08-14,2023-08-22
20146,11732,2023-09-22,2024-04-01
20151,11732,2024-04-15,2024-12-14
20014,11732,2025-01-05,2025-08-06
20103,11732,2025-08-31,2026-07-01
20105,11733,2024-08-04,2024-12-12
20018,11733,2025-01-23,2025-09-23
20168,11733,2025-10-09,2025-10-14
20046,11733,2025-11-27,2026-03-26
20158,11733,2026-04-24,2026-04-27
20151,11734,2024-11-12,2025-03-12
20010,11734,2025-03-27,2025-05-24
20162,11735,2023-08-02,2023-08-22
20104,11735,2023-09-14,2023-12-23
20005,11736,2019-09-20,2020-02-10
20149,11736,2020-03-25,2020-06-19
20119,11736,2020-07-10,2020-11-26
20077,11736,2020-12-15,2021-07-09
20027,11736,2021-08-04,2021-12-14
20055,11736,2021-12-26,2022-06-12
20010,11736,2022-06-17,2023-02-06
20118,11736,2023-02-17,2023-05-21
20018,11736,2023-06-19,2024-05-09
20018,11736,2024-05-19,2024-11-15
20088,11736,2024-12-13,2025-08-24
20036,11736,2025-09-22,2026-03-09
20111,11736,2026-04-12,2026-07-01
20052,11737,2015-06-03,2015-08-19
20002,11737,2015-09-16,2015-12-27
20143,11737,2016-01-26,2016-02-01
20072,11738,2018-08-27,2018-12-26
20172,11739,2017-09-05,2018-03-12
20021,11739,2018-04-19,2018-07-12
20045,11739,2018-08-17,2019-06-01
20129,11739,2019-07-10,2019-12-17
20040,11739,2020-01-27,2020-10-04
20134,11739,2020-11-13,2021-03-21
20160,11739,2021-04-10,2021-11-02
20168,11740,2025-05-03,2025-10-14
20036,11740,2025-11-25,2026-03-09
20096,11741,2017-05-17,2017-05-30
20005,11742,2020-07-15,2020-09-17
20011,11742,2020-10-30,2020-12-11
20008,11743,2018-03-18,2018-10-02
20129,11743,2018-11-12,2019-08-14
20160,11744,2019-03-01,2019-11-12
20040,11744,2019-12-26,2020-04-28
20149,11744,2020-05-21,2020-06-19
20040,11744,2020-07-09,2020-11-20
20114,11744,2020-12-28,2021-03-15
20103,11745,2026-04-29,2026-07-01
20083,11746,2015-02-24,2015-10-16
20167,11746,2015-10-21,2016-07-16
20046,11747,2025-11-28,2026-03-26
20177,11747,2026-04-25,2026-07-01
20093,11748,2020-05-29,2020-10-03
20093,11748,2020-11-14,2020-12-16
20170,11749,2022-08-23,2023-02-25
20044,11749,2023-03-08,2023-05-03
20162,11749,2023-06-08,2023-08-22
20109,11749,2023-09-30,2023-11-24
20139,11749,2024-01-01,2024-01-07
20059,11750,2025-12-19,2026-07-01
20163,11751,2020-01-29,2020-06-29
20119,11751,2020-07-22,2021-01-10
20132,11751,2021-02-02,2022-01-17
20006,11752,2023-07-01,2024-02-12
20104,11752,2024-03-18,2024-03-29
20087,11752,2024-04-10,2024-07-13
20018,11752,2024-08-10,2025-08-11
20018,11752,2025-09-11,2025-10-20
20112,11752,2025-10-27,2025-12-11
20031,11753,2023-11-16,2024-01-13
20123,11753,2024-02-13,2024-04-27
20014,11754,2023-09-01,2023-12-17
20146,11754,2024-01-10,2024-08-29
20161,11754,2024-09-21,2025-03-20
20091,11755,2023-07-14,2024-02-25
20104,11755,2024-03-08,2024-03-29
20105,11755,2024-04-18,2024-05-26
20100,11756,2024-08-29,2025-04-12
20018,11756,2025-05-05,2025-10-20
20112,11756,2025-11-01,2026-01-20
20069,11757,2015-02-10,2015-06-23
20037,11758,2026-03-25,2026-07-01
20174,11759,2020-08-01,2020-08-04
20040,11759,2020-08-28,2020-11-20
20174,11760,2020-01-09,2020-08-04
20134,11760,2020-08-14,2021-03-21
20054,11760,2021-04-07,2021-10-04
20068,11760,2021-11-06,2022-04-02
20018,11760,2022-05-06,2022-11-06
20141,11760,2022-12-03,2023-05-08
20018,11760,2023-05-15,2024-05-07
20169,11760,2024-06-08,2024-12-21
20088,11760,2025-01-24,2025-08-24
20009,11760,2025-09-24,2025-12-30
20127,11760,2026-01-31,2026-07-01
20105,11761,2024-09-29,2024-12-12
20103,11761,2025-01-25,2025-03-20
20083,11762,2015-05-13,2016-01-21
20004,11762,2016-02-13,2016-10-14
20133,11762,2016-11-21,2017-05-14
20133,11762,2017-06-09,2017-10-29
20179,11762,2017-12-06,2018-04-17
20072,11762,2018-05-06,2019-01-28
20045,11762,2019-02-11,2019-04-30
20086,11762,2019-06-10,2019-11-23
20040,11762,2019-12-23,2020-09-30
20119,11762,2020-10-27,2021-01-29
20138,11762,2021-03-01,2021-11-12
20130,11762,2021-12-15,2022-09-14
20124,11762,2022-09-29,2023-02-01
20141,11762,2023-03-07,2023-05-08
20006,11762,2023-05-14,2024-01-17
20105,11762,2024-01-24,2024-01-27
20069,11763,2015-03-16,2015-09-13
20017,11763,2015-09-25,2016-03-13
20128,11763,2016-03-26,2016-08-09
20171,11763,2016-08-26,2016-09-24
20008,11764,2016-10-04,2016-10-27
20180,11765,2018-04-24,2018-12-17
20156,11765,2018-12-25,2019-02-11
20102,11766,2021-10-16,2022-01-31
20068,11766,2022-02-24,2022-05-24
20010,11766,2022-06-16,2022-10-20
20141,11766,2022-11-11,2023-04-26
20031,11766,2023-05-09,2023-11-12
20075,11767,2018-01-22,2018-09-21
20160,11767,2018-10-20,2018-10-21
20094,11768,2022-06-30,2022-07-15
20125,11769,2025-10-27,2026-01-22
20080,11769,2026-02-14,2026-07-01
20177,11770,2025-07-23,2026-07-01
20083,11771,2015-05-22,2016-04-09
20007,11771,2016-04-14,2016-10-14
20171,11771,2016-11-04,2016-12-21
20084,11771,2016-12-30,2017-02-22
20082,11771,2017-03-26,2017-04-07
20128,11771,2017-04-30,2017-08-03
20172,11771,2017-08-22,2018-03-12
20083,11771,2018-04-15,2018-09-10
20107,11771,2018-10-13,2019-04-01
20045,11771,2019-05-03,2019-12-09
20163,11771,2019-12-17,2020-06-29
20134,11771,2020-08-06,2021-01-04
20068,11771,2021-01-24,2021-08-08
20054,11771,2021-09-19,2021-10-18
20122,11771,2021-11-14,2021-11-15
20003,11771,2021-12-04,2022-02-14
20090,11771,2022-03-02,2022-04-24
20010,11771,2022-05-04,2023-11-25
20014,11771,2023-12-01,2024-06-05
20103,11771,2024-07-18,2025-01-23
20103,11771,2025-01-31,2025-02-06
20167,11772,2016-01-11,2016-06-25
20083,11773,2017-10-22,2018-08-02
20075,11773,2018-08-21,2018-09-21
20079,11773,2018-10-15,2019-01-10
20129,11773,2019-01-17,2019-05-08
20028,11774,2026-06-17,2026-07-01
20162,11775,2023-06-02,2023-08-22
20130,11775,2023-09-02,2023-09-06
20109,11775,2023-09-23,2023-11-24
20006,11775,2023-12-14,2025-02-21
20116,11775,2025-03-27,2025-06-06
20006,11775,2025-07-07,2025-12-06
20070,11775,2026-01-19,2026-02-03
20111,11775,2026-02-21,2026-07-01
20118,11776,2023-01-15,2023-03-18
20162,11776,2023-03-30,2023-08-22
20109,11776,2023-09-19,2023-11-24
20123,11776,2023-12-09,2024-04-27
20105,11776,2024-05-06,2024-12-05
20151,11776,2024-12-18,2025-04-10
20006,11776,2025-05-15,2025-12-06
20103,11776,2026-01-09,2026-06-06
20156,11777,2018-09-29,2019-01-17
20180,11777,2019-02-02,2019-06-24
20043,11778,2017-02-25,2017-07-20
20108,11778,2017-07-31,2018-05-26
20015,11779,2022-10-05,2023-01-03
20132,11779,2023-02-15,2023-07-19
20087,11779,2023-08-20,2024-02-21
20100,11779,2024-02-27,2025-01-16
20175,11779,2025-02-28,2025-08-26
20041,11780,2019-04-24,2019-09-08
20040,11780,2019-09-29,2020-11-20
20011,11780,2020-11-25,2021-03-27
20054,11780,2021-05-08,2021-10-18
20049,11780,2021-11-09,2021-12-27
20090,11780,2022-01-26,2022-04-24
20058,11780,2022-05-02,2022-10-16
20010,11780,2022-10-27,2023-05-11
20146,11780,2023-06-15,2023-07-05
20091,11781,2023-06-11,2023-11-17
20139,11781,2023-12-10,2024-01-05
20160,11782,2020-12-06,2021-11-04
20068,11782,2021-11-27,2022-05-13
20051,11782,2022-06-17,2023-01-16
20146,11782,2023-01-26,2024-01-01
20087,11782,2024-01-12,2024-04-13
20123,11782,2024-04-26,2024-04-27
20169,11782,2024-05-16,2024-12-21
20100,11782,2025-01-17,2025-07-08
20006,11782,2025-07-13,2025-11-27
20036,11782,2025-12-31,2026-03-09
20046,11782,2026-03-19,2026-03-26
20080,11782,2026-04-16,2026-07-01
20151,11783,2025-04-09,2025-04-10
20165,11783,2025-05-05,2026-02-09
20059,11783,2026-03-17,2026-07-01
20018,11784,2024-05-20,2025-04-03
20006,11784,2025-04-18,2025-11-18
20177,11784,2025-11-23,2026-06-24
20054,11785,2020-09-23,2021-05-21
20003,11785,2021-06-02,2021-07-28
20074,11785,2021-08-03,2022-07-17
20170,11785,2022-08-11,2023-02-16
20109,11785,2023-03-25,2023-11-20
20123,11785,2023-11-29,2024-04-27
20014,11785,2024-05-13,2025-08-06
20125,11785,2025-09-05,2026-01-22
20177,11785,2026-02-23,2026-07-01
20122,11786,2021-09-28,2021-11-15
20126,11786,2021-11-25,2022-08-23
20004,11787,2016-12-08,2017-06-21
20075,11787,2017-07-27,2018-07-14
20072,11787,2018-08-20,2018-12-09
20179,11787,2018-12-23,2019-09-30
20011,11787,2019-10-25,2020-11-24
20011,11787,2020-12-13,2021-03-27
20054,11787,2021-04-27,2021-10-18
20003,11787,2021-10-24,2022-02-14
20058,11787,2022-03-29,2022-09-03
20146,11787,2022-09-19,2023-11-18
20091,11787,2023-12-21,2023-12-27
20105,11788,2023-06-25,2023-11-16
20018,11789,2023-01-24,2023-08-21
20139,11789,2023-09-14,2024-01-15
20087,11789,2024-02-28,2024-07-13
20165,11789,2024-08-04,2025-03-21
20103,11790,2026-04-13,2026-07-01
20133,11791,2018-02-03,2018-03-03
20136,11791,2018-03-24,2018-05-04
20079,11791,2018-05-31,2018-11-28
20107,11791,2018-12-18,2019-04-01
20041,11791,2019-04-15,2019-09-08
20174,11791,2019-10-16,2020-04-30
20040,11791,2020-06-01,2020-11-20
20138,11791,2020-12-08,2021-10-16
20090,11791,2021-11-13,2022-04-24
20094,11791,2022-05-16,2022-05-25
20162,11792,2023-06-19,2023-08-22
20132,11792,2023-09-13,2023-09-23
20018,11792,2023-10-21,2024-09-22
20018,11792,2024-10-27,2025-02-18
20067,11792,2025-03-07,2025-10-30
20167,11793,2016-03-26,2016-09-01
20066,11793,2016-10-02,2017-05-01
20096,11793,2017-06-10,2017-07-17
20075,11793,2017-07-26,2017-08-19
20179,11794,2019-06-24,2020-01-05
20179,11794,2020-02-09,2020-06-09
20053,11795,2022-07-12,2022-11-30
20124,11795,2022-12-20,2023-03-19
20010,11795,2023-04-10,2024-01-24
20075,11796,2018-06-03,2018-09-21
20180,11796,2018-10-15,2019-05-21
20025,11796,2019-06-06,2019-08-01
20167,11797,2016-04-03,2016-09-01
20016,11797,2016-10-04,2016-10-09
20084,11797,2016-11-17,2017-02-22
20017,11797,2017-03-20,2017-05-03
20098,11797,2017-06-14,2017-09-02
20043,11797,2017-10-08,2017-12-10
20128,11797,2017-12-26,2018-01-13
20011,11798,2020-11-15,2021-03-27
20160,11798,2021-04-07,2021-09-21
20102,11798,2021-10-07,2022-01-31
20130,11798,2022-03-05,2022-06-02
20058,11798,2022-06-23,2022-12-02
20132,11798,2022-12-28,2023-08-15
20050,11799,2018-03-20,2018-11-16
20179,11799,2018-11-26,2019-04-18
20179,11799,2019-05-25,2019-08-20
20152,11799,2019-09-22,2020-02-03
20013,11799,2020-02-19,2020-07-14
20077,11799,2020-07-22,2021-03-01
20114,11799,2021-03-10,2021-05-14
20060,11799,2021-05-25,2021-12-18
20074,11799,2021-12-31,2022-08-25
20170,11799,2022-09-12,2022-12-11
20008,11800,2016-10-09,2017-05-27
20020,11801,2022-02-07,2022-06-08
20078,11802,2016-10-23,2017-07-04
20179,11802,2017-07-30,2018-11-07
20128,11803,2016-06-08,2017-02-27
20071,11803,2017-04-07,2017-07-17
20075,11803,2017-07-29,2018-04-27
20156,11803,2018-06-10,2018-09-07
20052,11804,2015-06-12,2015-08-19
20106,11804,2015-09-15,2015-12-22
20022,11804,2016-01-14,2016-10-14
20082,11804,2016-11-07,2017-04-07
20078,11804,2017-05-19,2017-07-10
20176,11804,2017-07-29,2018-03-05
20168,11805,2025-07-13,2025-10-14
20097,11805,2025-11-15,2026-07-01
20106,11806,2015-08-03,2015-12-12
20017,11806,2015-12-20,2016-02-19
20114,11807,2021-02-05,2021-05-14
20059,11808,2026-01-25,2026-07-01
20100,11809,2024-09-18,2025-06-09
20070,11809,2025-06-23,2025-11-15
20019,11809,2025-12-29,2026-03-08
20173,11810,2020-09-25,2021-04-10
20122,11810,2021-05-03,2021-06-19
20105,11811,2023-08-03,2023-11-28
20123,11811,2023-12-08,2024-03-18
20100,11811,2024-04-30,2024-12-25
20100,11811,2025-01-25,2025-07-08
20101,11811,2025-07-14,2026-02-15
20153,11812,2026-03-09,2026-04-21
20059,11812,2026-05-01,2026-07-01
20093,11813,2021-04-06,2021-04-07
20020,11813,2021-05-09,2022-01-14
20094,11813,2022-01-28,2022-07-18
20041,11814,2018-11-09,2019-03-16
20160,11814,2019-04-29,2020-03-30
20174,11814,2020-04-22,2020-08-04
20040,11814,2020-08-27,2020-10-20
20142,11815,2020-06-27,2020-10-20
20164,11815,2020-10-28,2020-12-15
20132,11815,2021-01-19,2022-04-08
20012,11816,2021-12-12,2021-12-21
20130,11816,2022-01-22,2022-06-24
20058,11816,2022-07-29,2022-12-02
20130,11816,2022-12-23,2023-07-07
20091,11816,2023-08-11,2023-09-30
20088,11817,2024-10-18,2025-04-04
20103,11817,2025-04-14,2026-01-14
20024,11817,2026-02-18,2026-07-01
20050,11818,2018-11-04,2018-11-16
20072,11818,2018-12-01,2019-01-02
20154,11819,2021-05-03,2021-06-02
20014,11820,2023-08-06,2024-05-25
20151,11820,2024-06-04,2025-01-29
20010,11820,2025-02-04,2025-10-13
20095,11820,2025-10-25,2026-05-25
20076,11820,2026-06-17,2026-07-01
20152,11821,2019-10-21,2020-02-03
20160,11821,2020-02-12,2020-05-14
20168,11822,2025-05-02,2025-10-14
20114,11823,2020-08-02,2020-11-24
20134,11823,2020-12-05,2021-03-21
20132,11823,2021-04-13,2022-04-15
20055,11823,2022-04-20,2022-08-19
20115,11823,2022-09-01,2023-06-22
20156,11824,2018-03-03,2018-09-16
20087,11825,2024-06-21,2024-07-13
20146,11825,2024-08-25,2025-01-21
20018,11825,2025-01-31,2025-10-20
20095,11825,2025-11-04,2026-04-03
20157,11825,2026-04-08,2026-07-01
20033,11826,2025-02-10,2025-07-09
20046,11826,2025-07-17,2026-03-26
20117,11826,2026-04-17,2026-05-06
20122,11827,2021-02-16,2021-11-15
20132,11827,2021-12-21,2022-08-19
20141,11827,2022-09-29,2023-05-08
20063,11827,2023-05-19,2023-09-12
20123,11827,2023-09-28,2024-04-27
20103,11827,2024-05-02,2024-11-07
20006,11827,2024-11-14,2025-04-30
20100,11827,2025-05-08,2025-07-08
20067,11827,2025-08-09,2025-12-08
20165,11827,2026-01-19,2026-02-09
20111,11827,2026-02-16,2026-04-25
20080,11827,2026-05-20,2026-07-01
20104,11828,2024-01-15,2024-03-07
20134,11829,2020-08-27,2021-03-21
20077,11829,2021-04-17,2021-07-09
20049,11829,2021-07-21,2021-12-27
20034,11829,2022-01-14,2022-03-13
20058,11829,2022-04-11,2022-12-02
20015,11829,2022-12-21,2023-01-03
20051,11829,2023-01-22,2023-04-19
20118,11829,2023-05-07,2023-06-03
20010,11829,2023-07-07,2024-09-28
20151,11829,2024-10-14,2025-04-10
20006,11829,2025-04-30,2025-11-11
20009,11829,2025-11-21,2026-05-16
20158,11829,2026-06-27,2026-06-30
20018,11830,2024-08-26,2025-02-15
20010,11830,2025-03-13,2025-10-13
20010,11830,2025-11-06,2025-12-11
20120,11830,2026-01-01,2026-02-07
20080,11830,2026-03-20,2026-07-01
20010,11831,2024-03-08,2024-10-11
20161,11831,2024-11-07,2025-03-05
20148,11831,2025-03-23,2025-07-12
20010,11831,2025-07-30,2025-12-11
20086,11832,2019-06-15,2019-11-24
20040,11832,2020-01-05,2020-11-20
20119,11832,2020-12-24,2021-01-29
20159,11832,2021-03-04,2021-08-13
20012,11832,2021-08-25,2021-12-21
20034,11832,2022-01-16,2022-03-13
20020,11832,2022-04-21,2022-06-18
20051,11832,2022-07-22,2023-04-19
20115,11832,2023-05-25,2023-07-25
20087,11832,2023-08-26,2024-05-17
20151,11832,2024-06-18,2024-09-27
20100,11833,2024-03-15,2024-04-27
20017,11834,2017-03-23,2017-05-03
20098,11834,2017-05-29,2017-09-02
20172,11834,2017-10-03,2018-02-23
20176,11834,2018-04-05,2018-12-13
20107,11834,2019-01-22,2019-04-01
20011,11834,2019-04-30,2019-10-10
20163,11834,2019-10-18,2020-06-08
20068,11834,2020-06-27,2020-10-21
20134,11834,2020-11-23,2021-03-21
20114,11834,2021-04-14,2021-05-14
20159,11834,2021-06-17,2021-12-28
20068,11834,2022-01-26,2022-05-24
20100,11835,2024-09-29,2025-04-05
20081,11835,2025-05-08,2025-10-18
20127,11835,2025-11-10,2026-04-17
20073,11835,2026-05-30,2026-07-01
20139,11836,2023-12-30,2024-01-15
20105,11836,2024-02-20,2024-07-05
20018,11836,2024-08-01,2025-07-03
20070,11836,2025-08-06,2025-12-06
20103,11836,2025-12-31,2026-07-01
20115,11837,2023-02-19,2023-07-25
20123,11837,2023-08-02,2023-11-20
20006,11837,2023-12-06,2024-07-14
20065,11837,2024-08-03,2024-10-02
20100,11837,2024-10-19,2025-06-11
20132,11838,2021-03-09,2022-01-16
20130,11838,2022-03-01,2022-11-04
20015,11838,2022-11-18,2023-01-03
20141,11838,2023-02-03,2023-05-08
20139,11838,2023-06-10,2024-01-15
20010,11838,2024-01-21,2024-11-01
20175,11838,2024-11-26,2025-09-13
20120,11838,2025-10-22,2026-02-07
20101,11838,2026-02-23,2026-07-01
20096,11839,2017-06-23,2017-07-17
20004,11839,2017-08-05,2018-02-10
20172,11839,2018-03-10,2018-03-12
20136,11839,2018-04-06,2018-05-04
20064,11839,2018-05-16,2018-06-07
20079,11839,2018-06-27,2019-01-10
20180,11839,2019-01-25,2019-06-24
20179,11839,2019-07-18,2020-02-22
20174,11839,2020-03-26,2020-08-04
20093,11839,2020-09-09,2021-04-07
20154,11839,2021-04-20,2021-09-21
20027,11839,2021-10-02,2021-12-14
20138,11839,2021-12-26,2022-01-04
20170,11839,2022-02-06,2022-03-20
20045,11840,2019-06-03,2019-12-03
20072,11841,2018-10-19,2019-01-28
20107,11841,2019-02-25,2019-04-01
20145,11841,2019-04-06,2019-07-08
20152,11841,2019-07-25,2020-02-03
20093,11841,2020-03-01,2021-03-05
20054,11841,2021-03-16,2021-10-18
20060,11841,2021-11-06,2021-12-18
20132,11841,2022-01-09,2022-09-08
20053,11841,2022-09-15,2022-11-30
20146,11841,2022-12-09,2024-05-31
20018,11841,2024-06-19,2025-04-05
20014,11842,2024-11-28,2025-08-06
20177,11842,2025-09-17,2026-05-15
20101,11842,2026-05-26,2026-07-01
20132,11843,2022-04-06,2023-01-20
20119,11844,2020-07-14,2021-01-29
20104,11845,2023-07-27,2023-11-08
20104,11845,2023-12-02,2024-03-29
20014,11845,2024-04-27,2024-09-01
20151,11845,2024-10-02,2025-04-10
20100,11845,2025-05-16,2025-07-08
20010,11845,2025-07-16,2025-12-11
20165,11845,2025-12-24,2026-02-09
20101,11845,2026-03-09,2026-05-02
20101,11845,2026-05-10,2026-06-12
20126,11846,2022-09-19,2022-09-21
20115,11846,2022-10-19,2023-05-11
20175,11847,2025-01-26,2025-04-12
20083,11848,2016-08-06,2016-12-17
20071,11848,2017-01-10,2017-06-16
20075,11848,2017-06-26,2018-01-11
20064,11848,2018-01-27,2018-06-07
20072,11848,2018-07-16,2019-01-07
20145,11848,2019-01-18,2019-06-06
20011,11848,2019-07-07,2020-03-26
20013,11848,2020-04-24,2020-07-14
20160,11848,2020-08-24,2021-01-18
20138,11848,2021-02-14,2022-01-04
20068,11848,2022-02-01,2022-05-24
20146,11848,2022-06-23,2022-11-16
20170,11848,2022-12-25,2023-02-25
20146,11848,2023-03-09,2023-08-15
20087,11848,2023-09-16,2024-04-25
20146,11848,2024-05-02,2024-08-20
20168,11849,2025-08-01,2025-10-14
20120,11849,2025-10-22,2026-02-07
20039,11849,2026-03-12,2026-07-01
20083,11850,2017-06-08,2018-02-05
20072,11850,2018-03-17,2018-10-13
20129,11850,2018-11-11,2019-03-26
20143,11851,2016-05-20,2016-11-19
20115,11852,2023-05-30,2023-07-25
20087,11852,2023-08-19,2024-01-20
20105,11852,2024-02-09,2024-11-17
20006,11852,2024-12-30,2025-07-22
20103,11852,2025-08-27,2026-07-01
20135,11853,2016-02-16,2016-06-06
20014,11854,2023-10-17,2024-10-08
20115,11855,2022-07-08,2023-03-14
20031,11855,2023-03-20,2023-10-26
20014,11855,2023-11-13,2024-05-10
20018,11855,2024-05-20,2025-03-30
20018,11855,2025-05-06,2025-10-20
20125,11855,2025-11-03,2026-01-22
20097,11855,2026-02-11,2026-07-01
20006,11856,2024-01-06,2024-12-26
20138,11857,2021-06-29,2022-01-04
20131,11857,2022-02-02,2022-06-16
20051,11857,2022-06-30,2023-04-04
20018,11857,2023-04-27,2024-01-05
20129,11858,2018-08-29,2019-03-01
20107,11858,2019-03-08,2019-04-01
20160,11858,2019-05-14,2019-08-11
20045,11858,2019-09-05,2019-12-09
20152,11858,2020-01-08,2020-02-03
20086,11858,2020-03-10,2020-03-23
20174,11858,2020-04-10,2020-07-28
20040,11858,2020-08-27,2020-11-20
20119,11858,2021-01-03,2021-01-29
20138,11858,2021-03-14,2022-01-04
20074,11858,2022-01-27,2022-08-25
20115,11858,2022-09-08,2023-07-25
20139,11858,2023-08-18,2023-10-12
20006,11859,2025-01-09,2025-06-17
20014,11859,2025-07-03,2025-08-06
20103,11859,2025-09-10,2026-07-01
20087,11860,2024-04-12,2024-07-13
20105,11860,2024-08-09,2024-12-12
20161,11860,2025-01-21,2025-04-18
20006,11860,2025-05-03,2025-09-30
20180,11861,2018-05-04,2018-09-26
20124,11862,2022-07-27,2023-03-19
20031,11862,2023-04-26,2023-06-15
20145,11863,2019-03-29,2019-07-08
20160,11863,2019-08-11,2020-03-08
20163,11863,2020-03-31,2020-06-29
20005,11863,2020-08-10,2020-09-17
20160,11864,2019-08-24,2020-02-02
20086,11864,2020-03-12,2020-03-23
20119,11864,2020-05-05,2021-01-29
20160,11864,2021-02-23,2021-10-02
20034,11864,2021-11-04,2022-03-13
20068,11864,2022-03-31,2022-05-24
20020,11864,2022-06-09,2022-06-18
20058,11864,2022-06-25,2022-12-02
20170,11864,2023-01-13,2023-02-25
20162,11864,2023-03-26,2023-08-22
20014,11864,2023-09-13,2024-08-22
20088,11864,2024-09-20,2025-06-19
20103,11864,2025-07-26,2026-01-09
20120,11864,2026-01-15,2026-02-07
20046,11864,2026-03-10,2026-03-26
20076,11864,2026-04-27,2026-07-01
20108,11865,2018-06-21,2018-07-21
20050,11865,2018-08-10,2018-11-16
20129,11865,2018-12-08,2019-09-26
20163,11865,2019-10-15,2020-06-04
20072,11866,2018-08-10,2019-01-28
20145,11866,2019-03-11,2019-07-08
20152,11866,2019-08-08,2020-02-03
20093,11866,2020-03-04,2020-12-14
20126,11866,2020-12-30,2021-05-14
20068,11866,2021-05-23,2022-02-01
20131,11866,2022-03-16,2022-06-16
20124,11866,2022-07-28,2023-03-19
20141,11866,2023-04-03,2023-05-08
20139,11866,2023-05-30,2023-12-31
20179,11867,2018-03-22,2019-02-11
20145,11867,2019-03-04,2019-05-12
20025,11868,2019-08-28,2019-10-28
20160,11868,2019-12-10,2020-10-24
20164,11868,2020-10-30,2021-08-14
20096,11869,2017-05-06,2017-07-17
20043,11869,2017-08-23,2017-10-05
20065,11870,2024-05-13,2024-10-02
20161,11870,2024-11-10,2025-03-20
20067,11870,2025-04-08,2026-05-06
20177,11870,2026-05-23,2026-07-01
20040,11871,2019-11-19,2020-05-30
20077,11871,2020-07-08,2020-09-17
20029,11872,2017-02-10,2017-04-11
20098,11872,2017-04-17,2017-09-02
20075,11872,2017-10-08,2018-07-10
20079,11872,2018-08-14,2018-10-02
20129,11873,2019-05-02,2019-12-17
20011,11873,2019-12-22,2021-03-27
20003,11873,2021-04-13,2021-08-30
20160,11873,2021-09-05,2021-11-04
20126,11873,2021-11-23,2022-05-28
20115,11874,2022-12-12,2023-07-25
20146,11874,2023-08-13,2024-04-05
20105,11874,2024-05-15,2024-12-12
20014,11874,2025-01-01,2025-08-06
20103,11874,2025-09-07,2026-06-13
20098,11875,2017-06-22,2017-09-02
20083,11875,2017-09-17,2017-12-12
20174,11876,2019-12-24,2020-08-04
20011,11876,2020-08-18,2021-03-11
20126,11876,2021-04-10,2022-03-26
20051,11876,2022-05-03,2022-12-27
20141,11876,2023-02-08,2023-05-08
20031,11876,2023-06-09,2023-09-25
20018,11876,2023-10-02,2025-05-19
20067,11876,2025-05-25,2025-11-16
20009,11876,2025-12-01,2026-05-16
20039,11876,2026-05-25,2026-07-01
20022,11877,2016-07-31,2016-10-14
20026,11877,2016-11-02,2017-03-23
20063,11878,2023-08-05,2024-04-14
20087,11878,2024-05-22,2024-07-13
20033,11878,2024-08-18,2025-03-26
20018,11878,2025-03-31,2025-08-15
20167,11879,2015-11-27,2016-09-01
20004,11879,2016-09-26,2018-04-25
20083,11879,2018-06-01,2018-09-10
20156,11879,2018-10-15,2019-04-14
20145,11879,2019-05-25,2019-07-08
20155,11879,2019-07-16,2019-11-22
20160,11879,2019-12-14,2020-09-04
20173,11879,2020-09-24,2021-06-04
20003,11879,2021-06-25,2022-02-14
20074,11879,2022-03-20,2022-08-25
20130,11879,2022-10-04,2022-11-14
20088,11880,2025-03-27,2025-08-24
20081,11880,2025-10-06,2025-10-18
20103,11880,2025-11-09,2026-04-03
20048,11880,2026-04-16,2026-06-24
20113,11881,2016-10-07,2016-11-17
20025,11882,2019-10-04,2019-10-28
20040,11882,2019-11-02,2020-03-01
20105,11883,2024-10-30,2024-12-12
20014,11883,2024-12-17,2025-08-06
20070,11883,2025-09-04,2025-09-17
20068,11884,2020-09-21,2020-11-18
20131,11885,2021-06-07,2021-08-27
20160,11886,2021-05-11,2021-10-24
20094,11886,2021-11-11,2022-05-13
20115,11886,2022-06-09,2022-10-07
20058,11886,2022-10-16,2022-12-02
20146,11886,2022-12-10,2023-08-04
20091,11886,2023-08-18,2024-02-25
20014,11886,2024-04-08,2025-08-03
20165,11886,2025-08-19,2026-02-09
20028,11886,2026-03-06,2026-07-01
20008,11887,2017-01-25,2017-09-14
20136,11887,2017-10-04,2018-03-14
20083,11888,2016-12-26,2017-07-25
20008,11888,2017-08-31,2018-09-26
20180,11888,2018-10-07,2019-06-24
20005,11888,2019-07-07,2020-06-06
20011,11888,2020-07-02,2021-01-13
20011,11888,2021-02-04,2021-03-27
20068,11888,2021-05-05,2021-09-19
20129,11889,2019-11-02,2019-12-17
20005,11889,2020-01-30,2020-08-12
20093,11889,2020-08-17,2021-01-22
20179,11890,2019-02-12,2019-06-04
20129,11890,2019-06-28,2019-12-17
20142,11890,2020-01-03,2020-10-01
20179,11890,2020-10-08,2020-12-13
20060,11890,2021-01-04,2021-06-03
20012,11890,2021-07-05,2021-11-25
20170,11890,2021-12-16,2023-02-25
20115,11890,2023-03-08,2023-07-25
20014,11890,2023-08-27,2024-04-11
20100,11890,2024-04-17,2025-02-22
20148,11890,2025-03-27,2025-08-21
20081,11890,2025-10-04,2025-10-18
20097,11890,2025-11-04,2026-06-24
20103,11891,2024-07-01,2024-08-31
20084,11892,2016-09-27,2017-02-22
20075,11892,2017-02-28,2017-11-24
20068,11893,2021-03-13,2021-11-23
20027,11893,2021-12-07,2021-12-14
20020,11893,2022-01-12,2022-06-18
20010,11893,2022-06-26,2023-02-28
20018,11893,2023-04-11,2023-09-24
20031,11893,2023-10-25,2024-01-13
20018,11893,2024-02-15,2024-06-15
20146,11893,2024-07-16,2025-01-21
20081,11893,2025-02-14,2025-08-13
20046,11893,2025-08-18,2026-02-25
20167,11894,2016-07-16,2016-09-01
20137,11894,2016-09-29,2016-12-04
20071,11894,2016-12-24,2017-07-17
20083,11894,2017-07-28,2018-08-21
20072,11894,2018-09-11,2019-01-28
20045,11894,2019-03-08,2019-08-02
20083,11895,2015-03-31,2016-05-12
20124,11896,2022-06-08,2023-03-19
20018,11896,2023-04-01,2023-09-10
20109,11896,2023-10-12,2023-11-24
20014,11896,2023-12-18,2024-05-01
20065,11896,2024-06-08,2024-10-02
20165,11896,2024-11-02,2025-08-21
20018,11896,2025-09-03,2025-10-20
20101,11896,2025-11-24,2026-07-01
20067,11897,2025-06-21,2026-05-17
20099,11897,2026-06-03,2026-07-01
20024,11898,2026-05-23,2026-07-01
20003,11899,2021-05-02,2021-05-15
20159,11900,2021-06-10,2021-12-28
20034,11900,2022-02-01,2022-03-13
20053,11900,2022-03-29,2022-11-30
20118,11900,2023-01-09,2023-06-03
20063,11900,2023-06-23,2024-04-14
20180,11901,2018-08-20,2019-06-24
20129,11901,2019-08-03,2019-12-17
20152,11901,2020-01-28,2020-02-03
20093,11901,2020-03-05,2021-04-07
20126,11901,2021-04-30,2021-12-17
20020,11901,2022-01-10,2022-06-18
20115,11901,2022-07-25,2023-03-31
20006,11901,2023-04-24,2023-08-16
20132,11901,2023-09-04,2023-09-23
20014,11901,2023-10-08,2024-05-24
20146,11901,2024-07-04,2025-01-21
20018,11901,2025-02-22,2025-08-08
20056,11901,2025-09-18,2026-03-07
20045,11902,2019-07-20,2019-12-09
20040,11902,2020-01-18,2020-03-31
20146,11903,2023-02-13,2023-08-30
20014,11903,2023-10-01,2024-07-11
20160,11904,2020-06-24,2020-12-22
20160,11904,2021-01-27,2021-07-21
20131,11904,2021-08-02,2021-08-09
20176,11905,2018-11-22,2018-12-13
20129,11905,2019-01-15,2019-12-10
20163,11905,2019-12-30,2020-06-29
20114,11905,2020-08-04,2021-03-04
20093,11905,2021-04-03,2021-04-07
20138,11905,2021-05-07,2022-01-04
20074,11905,2022-02-17,2022-07-10
20130,11905,2022-08-15,2023-09-06
20091,11905,2023-09-23,2024-02-25
20100,11905,2024-04-06,2024-11-04
20169,11905,2024-12-09,2024-12-21
20161,11905,2024-12-27,2025-04-17
20036,11905,2025-05-24,2025-09-12
20018,11906,2023-12-31,2024-10-17
20179,11907,2018-01-09,2018-10-13
20050,11907,2018-10-26,2018-11-16
20072,11907,2018-11-22,2019-01-28
20180,11907,2019-02-24,2019-06-24
20160,11907,2019-07-23,2019-10-22
20109,11908,2023-10-25,2023-11-24
20139,11908,2023-12-12,2024-01-15
20006,11908,2024-01-25,2024-06-03
20103,11908,2024-06-24,2026-07-01
20170,11909,2022-05-16,2023-02-25
20146,11909,2023-03-09,2023-07-28
20018,11910,2024-07-13,2024-12-20
20103,11910,2024-12-25,2025-11-28
20038,11910,2025-12-07,2026-06-27
20118,11911,2023-03-31,2023-06-03
20031,11911,2023-07-10,2023-07-17
20121,11912,2016-07-22,2016-09-17
20025,11913,2019-02-10,2019-07-05
20025,11913,2019-08-16,2019-10-28
20163,11913,2019-11-07,2020-01-05
20075,11914,2017-04-18,2017-11-08
20156,11914,2017-11-27,2019-04-14
20025,11914,2019-05-10,2019-10-28
20093,11914,2019-11-16,2020-02-14
20103,11915,2024-11-03,2025-06-20
20069,11916,2015-08-02,2015-09-13
20083,11916,2015-09-28,2016-11-22
20008,11916,2016-12-02,2017-02-28
20029,11916,2017-03-28,2017-04-11
20026,11916,2017-04-21,2017-05-23
20156,11916,2017-06-23,2017-10-31
20171,11917,2016-08-30,2016-12-21
20113,11917,2017-01-12,2017-03-16
20131,11918,2021-07-12,2021-12-24
20051,11919,2022-04-08,2022-06-17
20132,11919,2022-07-31,2023-02-23
20051,11919,2023-03-11,2023-04-19
20010,11919,2023-05-10,2023-10-01
20123,11919,2023-11-10,2024-04-27
20018,11919,2024-06-01,2025-02-09
20033,11919,2025-02-17,2025-07-09
20148,11919,2025-07-30,2026-01-21
20059,11919,2026-02-14,2026-05-02
20048,11920,2026-04-15,2026-07-01
20023,11921,2020-07-30,2021-01-31
20093,11921,2021-03-01,2021-04-07
20114,11921,2021-05-12,2021-05-14
20160,11922,2019-04-01,2020-08-29
20068,11922,2020-09-03,2021-08-28
20049,11922,2021-10-04,2021-12-27
20003,11922,2022-01-15,2022-02-14
20094,11922,2022-03-09,2022-06-21
20015,11922,2022-07-30,2022-10-13
20170,11922,2022-10-25,2023-02-25
20124,11922,2023-03-17,2023-03-19
20051,11922,2023-04-12,2023-04-19
20123,11922,2023-05-24,2023-08-19
20084,11923,2016-01-17,2016-05-15
20047,11923,2016-05-23,2016-07-07
20128,11923,2016-08-03,2017-02-14
20075,11923,2017-02-21,2017-08-08
20156,11923,2017-08-29,2018-02-12
20179,11923,2018-02-18,2019-01-07
20041,11923,2019-01-18,2019-06-08
20005,11923,2019-06-20,2019-09-05
20142,11924,2020-09-27,2020-10-28
20119,11924,2020-12-07,2021-01-29
20131,11924,2021-02-18,2022-06-07
20020,11924,2022-06-16,2022-06-18
20074,11924,2022-06-28,2022-08-25
20170,11924,2022-09-27,2023-02-25
20031,11924,2023-03-15,2024-01-13
20087,11924,2024-02-13,2024-07-13
20105,11924,2024-07-26,2024-10-14
20040,11925,2020-05-29,2020-11-13
20011,11925,2020-12-17,2021-03-27
20054,11925,2021-05-04,2021-10-18
20012,11925,2021-10-27,2021-12-21
20074,11925,2022-01-15,2022-07-22
20074,11925,2022-07-28,2022-08-25
20141,11925,2022-09-11,2023-05-08
20146,11925,2023-05-17,2024-01-08
20180,11926,2019-02-11,2019-03-28
20008,11927,2017-01-13,2017-11-30
20105,11928,2024-03-31,2024-11-14
20165,11928,2024-11-19,2026-01-09
20112,11928,2026-02-06,2026-07-01
20089,11929,2020-12-20,2021-03-07
20131,11929,2021-04-17,2021-11-05
20036,11930,2025-12-14,2026-03-09
20039,11930,2026-04-05,2026-07-01
20052,11931,2015-06-05,2015-08-19
20106,11931,2015-08-30,2016-01-02
20167,11931,2016-02-04,2016-09-01
20007,11931,2016-10-01,2016-10-14
20075,11931,2016-10-30,2018-02-02
20180,11931,2018-03-12,2019-05-27
20013,11931,2019-06-24,2020-06-21
20179,11931,2020-07-03,2020-11-20
20119,11931,2020-12-03,2021-01-29
20114,11931,2021-02-19,2021-05-14
20170,11931,2021-06-23,2021-11-12
20074,11931,2021-12-25,2022-07-15
20094,11931,2022-08-06,2022-08-10
20170,11931,2022-09-23,2023-02-25
20109,11931,2023-03-13,2023-06-26
20063,11932,2023-06-01,2023-12-01
20091,11932,2023-12-26,2024-02-25
20065,11932,2024-03-16,2024-10-02
20105,11932,2024-11-07,2024-12-12
20166,11932,2025-01-11,2025-04-10
20100,11932,2025-05-06,2025-07-08
20046,11932,2025-08-11,2025-10-13
20131,11933,2021-10-01,2022-03-11
20131,11933,2022-03-29,2022-06-16
20015,11933,2022-07-13,2022-12-13
20170,11933,2023-01-21,2023-02-25
20130,11933,2023-03-21,2023-09-06
20063,11933,2023-10-17,2024-04-14
20146,11933,2024-04-21,2025-01-21
20166,11933,2025-01-30,2025-04-10
20088,11933,2025-04-30,2025-08-24
20081,11933,2025-09-11,2025-10-18
20101,11933,2025-11-24,2026-01-21
20005,11934,2019-11-14,2020-05-14
20163,11934,2020-06-26,2020-06-29
20040,11934,2020-07-04,2020-08-02
20179,11935,2018-07-19,2019-05-01
20005,11935,2019-06-02,2019-11-15
20086,11935,2019-12-15,2020-03-23
20178,11935,2020-03-29,2020-08-19
20011,11935,2020-09-18,2021-03-19
20075,11936,2018-03-07,2018-09-21
20156,11936,2018-10-06,2019-04-14
20011,11936,2019-05-17,2020-11-29
20068,11936,2021-01-02,2021-09-30
20102,11936,2021-10-10,2022-01-31
20051,11936,2022-02-15,2022-08-05
20030,11937,2015-01-25,2015-06-22
20091,11938,2023-07-29,2024-02-25
20010,11938,2024-03-04,2024-06-05
20087,11938,2024-06-24,2024-07-13
20014,11938,2024-08-22,2024-12-23
20165,11938,2025-01-17,2026-01-26
20001,11939,2015-10-27,2015-11-24
20092,11939,2015-12-14,2016-03-01
20083,11939,2016-04-03,2017-01-05
20029,11939,2017-02-08,2017-04-11
20032,11939,2017-04-17,2017-07-13
20179,11939,2017-08-12,2018-07-20
20055,11940,2021-12-11,2022-07-01
20058,11940,2022-08-04,2022-12-02
20118,11940,2022-12-14,2023-06-03
20115,11940,2023-06-11,2023-07-25
20139,11940,2023-08-06,2024-01-15
20018,11940,2024-01-28,2024-06-24
20018,11940,2024-08-01,2025-05-11
20088,11940,2025-06-10,2025-08-24
20070,11940,2025-09-18,2026-02-03
20019,11940,2026-02-10,2026-03-08
20080,11940,2026-04-08,2026-07-01
20172,11941,2018-03-02,2018-03-12
20050,11941,2018-03-28,2018-11-16
20160,11941,2018-12-09,2019-05-22
20050,11942,2018-09-27,2018-11-16
20160,11942,2018-12-05,2019-03-21
20077,11943,2020-04-25,2020-11-06
20143,11944,2016-05-12,2016-12-16
20143,11944,2017-01-03,2017-02-19
20071,11944,2017-03-07,2017-07-17
20108,11944,2017-08-17,2018-04-02
20108,11944,2018-05-07,2018-07-21
20075,11944,2018-08-17,2018-09-21
20045,11944,2018-10-30,2019-04-09
20041,11944,2019-05-10,2019-09-08
20011,11944,2019-09-27,2019-12-07
20108,11945,2018-01-03,2018-07-21
20045,11945,2018-08-06,2019-01-15
20109,11946,2023-10-02,2023-11-24
20146,11946,2023-12-13,2024-09-22
20033,11946,2024-11-02,2025-07-09
20175,11946,2025-08-09,2025-11-06
20059,11946,2025-12-18,2026-07-01
20069,11947,2015-04-11,2015-09-13
20083,11947,2015-10-25,2016-06-23
20133,11947,2016-07-12,2017-03-04
20026,11947,2017-03-24,2017-05-23
20078,11947,2017-06-16,2017-07-10
20156,11947,2017-08-15,2018-03-11
20064,11947,2018-04-14,2018-06-07
20072,11947,2018-07-13,2018-10-09
20180,11948,2018-03-07,2018-08-26
20129,11948,2018-09-02,2018-09-17
20073,11949,2026-05-27,2026-07-01
20041,11950,2019-06-26,2019-09-08
20040,11950,2019-09-29,2019-10-07
20026,11951,2016-08-26,2017-03-14
20075,11951,2017-03-30,2017-09-19
20043,11951,2017-09-25,2017-12-10
20133,11951,2018-01-03,2018-03-03
20008,11951,2018-04-10,2018-07-15
20176,11951,2018-08-05,2018-08-10
20162,11952,2023-05-07,2023-08-22
20087,11952,2023-09-04,2024-02-25
20063,11952,2024-04-03,2024-04-14
20087,11952,2024-05-02,2024-07-13
20065,11952,2024-08-12,2024-08-26
20159,11953,2021-08-28,2021-11-28
20090,11953,2022-01-01,2022-04-24
20126,11953,2022-05-05,2022-09-06
20146,11953,2022-09-15,2024-02-19
20032,11954,2017-07-02,2017-07-13
20008,11954,2017-08-15,2018-02-05
20108,11954,2018-03-04,2018-07-21
20079,11954,2018-07-29,2018-10-19
20041,11954,2018-11-07,2019-05-24
20041,11954,2019-06-21,2019-09-08
20155,11954,2019-10-16,2019-11-22
20093,11954,2019-12-20,2020-02-14
20004,11955,2017-12-16,2018-04-25
20075,11955,2018-05-05,2018-09-21
20008,11955,2018-09-28,2018-10-02
20179,11955,2018-10-08,2019-05-06
20086,11955,2019-05-29,2020-03-23
20179,11955,2020-04-27,2020-10-20
20061,11955,2020-10-27,2021-02-23
20093,11955,2021-03-03,2021-04-07
20122,11955,2021-04-13,2021-11-15
20159,11955,2021-12-25,2021-12-28
20126,11955,2022-01-18,2022-09-21
20141,11955,2022-10-13,2023-01-31
20044,11955,2023-02-26,2023-05-03
20031,11955,2023-06-07,2024-01-13
20010,11955,2024-01-20,2025-05-03
20100,11955,2025-06-16,2025-07-08
20006,11955,2025-08-02,2025-12-06
20120,11955,2026-01-13,2026-02-07
20112,11955,2026-03-06,2026-07-01
20145,11956,2019-06-12,2019-07-08
20129,11956,2019-08-14,2019-12-17
20179,11956,2019-12-22,2020-04-07
20162,11957,2023-06-21,2023-08-22
20130,11957,2023-08-31,2023-09-06
20087,11957,2023-10-07,2023-12-04
20008,11958,2018-01-08,2018-07-27
20016,11959,2016-07-12,2016-10-09
20128,11959,2016-10-18,2017-05-22
20075,11959,2017-05-29,2017-12-25
20083,11959,2018-01-15,2018-03-07
20176,11960,2018-10-08,2018-11-29
20173,11961,2020-10-29,2021-05-08
20159,11961,2021-05-26,2021-07-14
20100,11962,2024-03-11,2024-11-28
20140,11962,2025-01-10,2025-04-04
20006,11962,2025-04-23,2025-04-27
20057,11963,2015-04-29,2016-02-14
20057,11963,2016-03-28,2016-06-17
20128,11963,2016-07-01,2017-03-28
20026,11963,2017-04-25,2017-05-23
20128,11963,2017-06-07,2017-11-27
20008,11963,2018-01-08,2018-05-01
20107,11963,2018-05-24,2018-09-28
20050,11963,2018-10-24,2018-11-16
20107,11963,2018-11-21,2019-04-01
20179,11963,2019-04-27,2020-12-13
20023,11963,2021-01-22,2021-01-31
20134,11963,2021-03-05,2021-03-21
20154,11963,2021-04-30,2021-09-07
20138,11963,2021-09-17,2022-01-04
20051,11963,2022-02-11,2022-07-29
20010,11963,2022-08-18,2023-09-01
20087,11963,2023-09-12,2024-02-29
20063,11963,2024-04-01,2024-04-14
20065,11963,2024-04-23,2024-10-02
20100,11963,2024-10-09,2025-03-01
20165,11963,2025-04-11,2025-12-26
20103,11963,2026-02-07,2026-07-01
20004,11964,2016-12-28,2018-01-06
20083,11964,2018-02-08,2018-08-26
20030,11965,2015-01-26,2015-08-13
20030,11966,2015-01-09,2015-06-25
20030,11966,2015-08-03,2015-10-25
20135,11966,2015-12-05,2016-05-11
20004,11966,2016-06-04,2016-10-09
20122,11967,2021-08-12,2021-09-25
20121,11968,2016-02-25,2016-11-01
20004,11968,2016-12-04,2017-03-14
20177,11969,2025-11-05,2026-07-01
20152,11970,2019-11-09,2020-02-03
20179,11970,2020-03-12,2020-10-16
20114,11970,2020-10-21,2021-03-04
20031,11971,2023-10-05,2024-01-13
20014,11971,2024-02-01,2025-03-22
20036,11971,2025-05-03,2026-01-08
20009,11971,2026-01-26,2026-05-16
20158,11971,2026-05-22,2026-06-30
20093,11972,2020-09-20,2021-04-07
20122,11972,2021-04-15,2021-10-06
20049,11972,2021-11-06,2021-12-27
20126,11972,2022-01-02,2022-09-21
20018,11972,2022-10-04,2023-03-08
20008,11973,2016-12-15,2017-07-13
20098,11973,2017-07-30,2017-09-02
20064,11973,2017-09-30,2018-06-07
20180,11973,2018-07-02,2019-05-02
20179,11973,2019-05-27,2020-01-30
20005,11973,2020-02-25,2020-09-17
20173,11973,2020-10-06,2021-03-16
20010,11974,2025-02-23,2025-07-22
20018,11974,2025-08-16,2025-10-20
20010,11974,2025-11-13,2025-12-11
20095,11974,2026-01-15,2026-05-25
20158,11974,2026-05-30,2026-06-30
20052,11975,2015-07-12,2015-08-19
20143,11975,2015-09-04,2016-03-20
20167,11975,2016-03-29,2016-09-01
20121,11975,2016-10-11,2016-11-01
20082,11975,2016-11-13,2017-04-07
20096,11975,2017-04-26,2017-07-17
20043,11975,2017-08-22,2017-12-10
20064,11975,2018-01-23,2018-06-07
20035,11975,2018-07-07,2019-02-07
20004,11976,2018-02-11,2018-04-25
20075,11976,2018-05-21,2018-09-21
20160,11976,2018-09-29,2019-05-10
20180,11976,2019-06-06,2019-06-24
20179,11976,2019-07-26,2019-11-29
20005,11976,2019-12-18,2020-03-10
20160,11977,2019-01-10,2019-04-02
20003,11978,2022-02-13,2022-02-14
20074,11978,2022-03-06,2022-08-25
20141,11978,2022-09-24,2023-03-02
20162,11978,2023-04-10,2023-08-22
20031,11978,2023-10-01,2024-01-02
20030,11979,2015-02-06,2015-10-25
20092,11979,2015-11-26,2016-01-31
20135,11979,2016-03-04,2016-09-07
20084,11979,2016-10-14,2017-02-22
20071,11979,2017-03-30,2017-07-17
20083,11979,2017-08-22,2018-04-24
20019,11980,2025-12-07,2026-03-08
20056,11980,2026-03-31,2026-07-01
20146,11981,2024-04-27,2024-08-04
20006,11981,2024-08-09,2024-11-07
20006,11982,2023-09-16,2024-06-26
20103,11982,2024-07-08,2025-01-12
20081,11982,2025-01-18,2025-08-14
20148,11982,2025-09-10,2026-01-21
20165,11982,2026-01-27,2026-02-09
20059,11982,2026-02-14,2026-07-01
20075,11983,2018-04-14,2018-09-21
20176,11983,2018-11-02,2018-12-13
20145,11983,2019-01-06,2019-06-01
20160,11983,2019-06-08,2019-10-24
20156,11984,2019-03-01,2019-04-14
20081,11985,2025-08-06,2025-10-18
20120,11985,2025-11-14,2026-01-22
20006,11986,2025-11-09,2025-12-06
20076,11986,2026-01-01,2026-05-29
20018,11987,2025-03-02,2025-10-09
20010,11987,2025-10-26,2025-12-11
20080,11987,2026-01-03,2026-04-06
20028,11987,2026-04-29,2026-07-01
20139,11988,2023-05-17,2024-01-15
20104,11988,2024-02-02,2024-03-29
20151,11988,2024-04-24,2024-05-13
20145,11989,2018-12-07,2019-07-08
20152,11989,2019-08-15,2019-10-23
20043,11990,2017-04-08,2017-09-30
20043,11990,2017-10-24,2017-12-10
20072,11990,2018-01-16,2018-11-27
20145,11990,2019-01-02,2019-07-08
20129,11990,2019-07-16,2019-12-17
20040,11990,2019-12-29,2020-10-04
20160,11990,2020-10-31,2021-06-13
20027,11990,2021-07-02,2021-09-22
20068,11990,2021-10-23,2022-05-24
20020,11990,2022-06-14,2022-06-18
20055,11990,2022-07-28,2022-09-21
20058,11990,2022-10-29,2022-11-30
20179,11991,2019-09-06,2020-07-15
20173,11991,2020-08-13,2021-06-04
20049,11991,2021-07-03,2021-12-23
20014,11992,2024-12-15,2025-02-13
20180,11993,2018-09-17,2019-05-02
20086,11993,2019-05-15,2020-02-02
20178,11993,2020-03-14,2020-08-19
20179,11993,2020-08-25,2020-12-13
20061,11993,2020-12-30,2021-02-23
20173,11993,2021-03-08,2021-06-04
20077,11993,2021-06-14,2021-07-09
20012,11993,2021-07-20,2021-12-21
20020,11993,2022-01-31,2022-06-18
20130,11993,2022-07-22,2023-02-24
20141,11993,2023-03-01,2023-04-13
20155,11994,2019-08-01,2019-11-22
20160,11994,2019-12-10,2020-11-23
20160,11994,2020-12-24,2021-10-02
20160,11994,2021-10-09,2021-11-04
20094,11994,2021-12-01,2022-03-16
20170,11994,2022-03-27,2022-08-18
20130,11994,2022-09-01,2023-08-14
20087,11994,2023-09-18,2024-04-16
20014,11994,2024-05-02,2024-09-10
20146,11994,2024-09-27,2025-01-21
20175,11994,2025-01-29,2025-10-11
20046,11994,2025-11-02,2026-03-26
20158,11994,2026-04-16,2026-06-30
20172,11995,2017-08-08,2017-11-02
20065,11996,2024-05-11,2024-08-14
20100,11996,2024-08-21,2024-12-23
20018,11997,2023-12-09,2024-05-05
20014,11997,2024-05-30,2025-08-06
20125,11997,2025-09-07,2026-01-22
20157,11997,2026-02-19,2026-07-01
20172,11998,2018-03-07,2018-03-12
20180,11998,2018-04-18,2018-09-30
20041,11998,2018-10-20,2019-09-08
20013,11998,2019-10-20,2019-11-30
20160,11999,2019-09-09,2020-09-24
20054,11999,2020-10-23,2021-02-21
20060,11999,2021-03-30,2021-12-18
20034,11999,2021-12-25,2022-03-13
20055,11999,2022-04-15,2022-09-21
20124,11999,2022-10-04,2023-03-19
20146,11999,2023-04-25,2023-10-09
20063,11999,2023-11-06,2024-04-14
20100,11999,2024-04-26,2024-08-09
20018,11999,2024-09-20,2025-03-15
20033,11999,2025-04-16,2025-07-09
20165,11999,2025-07-24,2026-02-09
20067,11999,2026-02-25,2026-07-01
20174,12000,2020-04-07,2020-05-29
